[
  {
    "name": "Redox/rev1",
    "author": "Fabien Culpo",
    "switchMount": "cherry",
    "plate": false,
    "pcb": false
  },
  [
    {
      "x": 3.5
    },
    "#\n3",
    {
      "x": 10.5
    },
    "*\n8"
  ],
  [
    {
      "y": -0.875,
      "x": 2.5
    },
    "@\n2",
    {
      "x": 1
    },
    "$\n4",
    {
      "x": 8.5
    },
    "&\n7",
    {
      "x": 1
    },
    "(\n9"
  ],
  [
    {
      "y": -0.875,
      "x": 5.5
    },
    "%\n5",
    {
      "x": 6.5
    },
    "^\n6"
  ],
  [
    {
      "y": -0.875,
      "x": 0.25,
      "a": 5,
      "w": 1.25
    },
    "`\nLayer 2\n\n\n\n\n~",
    {
      "a": 4
    },
    "!\n1",
    {
      "x": 14.5
    },
    ")\n0",
    {
      "a": 5,
      "w": 1.25
    },
    "_\nLayer 2\n\n\n\n\n-"
  ],
  [
    {
      "y": -0.625,
      "x": 6.5
    },
    "Layer 1",
    {
      "x": 4.5
    },
    "Layer 1"
  ],
  [
    {
      "y": -0.75,
      "x": 3.5,
      "a": 4
    },
    "E",
    {
      "x": 10.5
    },
    "I"
  ],
  [
    {
      "y": -0.875,
      "x": 2.5
    },
    "W",
    {
      "x": 1
    },
    "R",
    {
      "x": 8.5
    },
    "U",
    {
      "x": 1
    },
    "O"
  ],
  [
    {
      "y": -0.875,
      "x": 5.5
    },
    "T",
    {
      "x": 6.5
    },
    "Y"
  ],
  [
    {
      "y": -0.875,
      "x": 0.25,
      "a": 7,
      "w": 1.25
    },
    "TAB",
    {
      "a": 4
    },
    "Q",
    {
      "x": 14.5
    },
    "P",
    {
      "a": 5,
      "w": 1.25
    },
    "+\n="
  ],
  [
    {
      "y": -0.625,
      "x": 6.5,
      "a": 7,
      "h": 1.5
    },
    "[",
    {
      "x": 4.5,
      "h": 1.5
    },
    "]"
  ],
  [
    {
      "y": -0.75,
      "x": 3.5,
      "a": 4
    },
    "D",
    {
      "x": 10.5
    },
    "K"
  ],
  [
    {
      "y": -0.875,
      "x": 2.5
    },
    "S",
    {
      "x": 1,
      "n": true
    },
    "F",
    {
      "x": 8.5,
      "n": true
    },
    "J",
    {
      "x": 1
    },
    "L"
  ],
  [
    {
      "y": -0.875,
      "x": 5.5
    },
    "G",
    {
      "x": 6.5
    },
    "H"
  ],
  [
    {
      "y": -0.875,
      "x": 0.25,
      "a": 5,
      "w": 1.25
    },
    "ESC\nCTRL",
    {
      "a": 4
    },
    "A",
    {
      "x": 14.5
    },
    ":\n;",
    {
      "a": 5,
      "w": 1.25
    },
    "'\nCTRL"
  ],
  [
    {
      "y": -0.375,
      "x": 3.5,
      "a": 4
    },
    "C",
    {
      "x": 10.5
    },
    "<\n,"
  ],
  [
    {
      "y": -0.875,
      "x": 2.5
    },
    "X",
    {
      "x": 1
    },
    "V",
    {
      "x": 8.5
    },
    "M",
    {
      "x": 1
    },
    ">\n."
  ],
  [
    {
      "y": -0.875,
      "x": 5.5
    },
    "B",
    {
      "x": 6.5
    },
    "N"
  ],
  [
    {
      "y": -0.875,
      "x": 0.25,
      "a": 5,
      "w": 1.25
    },
    "SHIFT",
    {
      "a": 4
    },
    "Z",
    {
      "x": 14.5
    },
    "?\n/",
    {
      "a": 5,
      "w": 1.25
    },
    "SHIFT"
  ],
  [
    {
      "y": -0.375,
      "x": 3.5
    },
    "*\nALT",
    {
      "x": 10.5
    },
    "Left"
  ],
  [
    {
      "y": -0.875,
      "x": 2.5
    },
    "-",
    {
      "x": 12.5
    },
    "Down"
  ],
  [
    {
      "y": -0.75,
      "x": 0.5
    },
    "|\n\n\n\n\n\n\\",
    "+",
    {
      "x": 14.5
    },
    "Up",
    {
      "sb": "cherry",
      "st": "MX1A-21xx"
    },
    "Right"
  ],
  [
    {
      "r": 15,
      "y": -2.625,
      "x": 5.75,
      "a": 7,
      "w": 1.25
    },
    "SUPER"
  ],
  [
    {
      "r": 30,
      "rx": 6.5,
      "ry": 4.25,
      "y": -1,
      "a": 5
    },
    "PgUp\nLay. 3",
    {
      "a": 7
    },
    "PgDn"
  ],
  [
    {
      "h": 1.5
    },
    "Bksp",
    {
      "h": 1.5
    },
    "Del"
  ],
  [
    {
      "r": -30,
      "rx": 13,
      "y": -1,
      "x": -2
    },
    "Home",
    {
      "a": 5
    },
    "End\nLay. 3"
  ],
  [
    {
      "x": -2,
      "a": 7,
      "h": 1.5
    },
    "Enter",
    {
      "h": 1.5
    },
    "Space"
  ],
  [
    {
      "r": -15,
      "rx": 0,
      "ry": 0,
      "y": 7.75,
      "x": 11.75,
      "w": 1.25
    },
    "ALT"
  ]
]
