{
    "keyboard_name": "Winry 25tc",
    "url": "",
    "maintainer": "qmk",
    "layouts": {
        "LAYOUT": {
            "layout": [
                {"label":"K00 (E6,F5)", "x":0, "y":0},
                {"label":"K01 (E6,C7)", "x":1, "y":0},
                {"label":"K02 (E6,B7)", "x":2, "y":0},
                {"label":"K03 (E6,B2)", "x":3, "y":0},
                {"label":"K04 (E6,B4)", "x":4, "y":0},
                {"label":"K10 (F0,F5)", "x":0, "y":1},
                {"label":"K11 (F0,C7)", "x":1, "y":1},
                {"label":"K12 (F0,B7)", "x":2, "y":1},
                {"label":"K13 (F0,B2)", "x":3, "y":1},
                {"label":"K14 (F0,B4)", "x":4, "y":1},
                {"label":"K20 (D6,F5)", "x":0, "y":2},
                {"label":"K21 (D6,C7)", "x":1, "y":2},
                {"label":"K22 (D6,B7)", "x":2, "y":2},
                {"label":"K23 (D6,B2)", "x":3, "y":2},
                {"label":"K24 (D6,B4)", "x":4, "y":2},
                {"label":"K30 (D2,F5)", "x":0, "y":3},
                {"label":"K31 (D2,C7)", "x":1, "y":3},
                {"label":"K32 (D2,B7)", "x":2, "y":3},
                {"label":"K33 (D2,B2)", "x":3, "y":3},
                {"label":"K34 (D2,B4)", "x":4, "y":3},
                {"label":"K40 (B6,F5)", "x":0, "y":4},
                {"label":"K41 (B6,C7)", "x":1, "y":4},
                {"label":"K42 (B6,B7)", "x":2, "y":4},
                {"label":"K43 (B6,B2)", "x":3, "y":4},
                {"label":"K44 (B6,B4)", "x":4, "y":4}
            ]
        }
    }
}
