{
    "keyboard_name": "wanten", 
    "url": "", 
    "maintainer": "qpockets", 
    "layouts": {
        "LAYOUT_default": {
            "layout": [
			{"label":"Play", "x":0, "y":0}, 
			{"label":"q", "x":1, "y":0}, 
			{"label":"w", "x":2, "y":0}, 
			{"label":"e", "x":3, "y":0}, 
			{"label":"r", "x":4, "y":0}, 
			{"label":"t", "x":5, "y":0}, 
			{"label":"Del", "x":6, "y":0, "w":1.75}, 
			{"label":"y", "x":7.75, "y":0}, 
			{"label":"u", "x":8.75, "y":0}, 
			{"label":"i", "x":9.75, "y":0}, 
			{"label":"o", "x":10.75, "y":0}, 
			{"label":"p", "x":11.75, "y":0}, 
			{"label":"Next", "x":0, "y":1}, 
			{"label":"a", "x":1, "y":1}, 
			{"label":"s", "x":2, "y":1}, 
			{"label":"d", "x":3, "y":1}, 
			{"label":"f", "x":4, "y":1}, 
			{"label":"g", "x":5, "y":1}, 
			{"label":"Tab", "x":6, "y":1, "w":1.75}, 
			{"label":"h", "x":7.75, "y":1}, 
			{"label":"j", "x":8.75, "y":1}, 
			{"label":"k", "x":9.75, "y":1}, 
			{"label":"l", "x":10.75, "y":1}, 
			{"label":"\"", "x":11.75, "y":1}, 
			{"label":"Prev", "x":0, "y":2}, 
			{"label":"z", "x":1, "y":2}, 
			{"label":"x", "x":2, "y":2}, 
			{"label":"c", "x":3, "y":2}, 
			{"label":"v", "x":4, "y":2}, 
			{"label":"b", "x":5, "y":2}, 
			{"label":"Shift", "x":6, "y":2, "w":1.75}, 
			{"label":"n", "x":7.75, "y":2}, 
			{"label":"m", "x":8.75, "y":2}, 
			{"label":"<", "x":9.75, "y":2}, 
			{"label":">", "x":10.75, "y":2}, 
			{"label":"?", "x":11.75, "y":2}, 
			{"label":"LCtrl", "x":0, "y":3, "w":1.25}, 
			{"label":"LGui", "x":1.25, "y":3, "w":1.25}, 
			{"label":"LAlt", "x":2.5, "y":3, "w":1.25}, 
			{"label":"Back", "x":3.75, "y":3, "w":3}, 
			{"label":"Space", "x":6.75, "y":3, "w":3}, 
			{"label":"RCtrl", "x":9.75, "y":3}, 
			{"label":"RGui", "x":10.75, "y":3}, 
			{"label":"RAlt", "x":11.75, "y":3}
			]
        },
		
		"LAYOUT_2u_bars": {
            "layout": [
			{"label":"Play", "x":0, "y":0}, 
			{"label":"q", "x":1, "y":0}, 
			{"label":"w", "x":2, "y":0}, 
			{"label":"e", "x":3, "y":0}, 
			{"label":"r", "x":4, "y":0}, 
			{"label":"t", "x":5, "y":0}, 
			{"label":"Del", "x":6, "y":0, "w":1.75}, 
			{"label":"y", "x":7.75, "y":0}, 
			{"label":"u", "x":8.75, "y":0}, 
			{"label":"i", "x":9.75, "y":0}, 
			{"label":"o", "x":10.75, "y":0}, 
			{"label":"p", "x":11.75, "y":0}, 
			{"label":"Next", "x":0, "y":1}, 
			{"label":"a", "x":1, "y":1}, 
			{"label":"s", "x":2, "y":1}, 
			{"label":"d", "x":3, "y":1}, 
			{"label":"f", "x":4, "y":1}, 
			{"label":"g", "x":5, "y":1}, 
			{"label":"Tab", "x":6, "y":1, "w":1.75}, 
			{"label":"h", "x":7.75, "y":1}, 
			{"label":"j", "x":8.75, "y":1}, 
			{"label":"k", "x":9.75, "y":1}, 
			{"label":"l", "x":10.75, "y":1}, 
			{"label":"\"", "x":11.75, "y":1}, 
			{"label":"Prev", "x":0, "y":2}, 
			{"label":"z", "x":1, "y":2}, 
			{"label":"x", "x":2, "y":2}, 
			{"label":"c", "x":3, "y":2}, 
			{"label":"v", "x":4, "y":2}, 
			{"label":"b", "x":5, "y":2}, 
			{"label":"Shift", "x":6, "y":2, "w":1.75}, 
			{"label":"n", "x":7.75, "y":2}, 
			{"label":"m", "x":8.75, "y":2}, 
			{"label":"<", "x":9.75, "y":2}, 
			{"label":">", "x":10.75, "y":2}, 
			{"label":"?", "x":11.75, "y":2}, 
			{"label":"PSCR", "x":0, "y":3, "w":1.25}, 
			{"label":"LAlt", "x":1.25, "y":3, "w":1.25}, 
			{"label":"LGui", "x":2.5, "y":3, "w":1.25}, 
			{"label":"LCtl", "x":3.75, "y":3}, 
			{"label":"Back", "x":4.75, "y":3, "w":2}, 
			{"label":"Space", "x":6.75, "y":3, "w":2.25}, 
			{"label":"RCtrl", "x":9, "y":3}, 
			{"label":"RGui", "x":10, "y":3, "w":1.25}, 
			{"label":"RAlt", "x":11.25, "y":3, "w":1.5}
			]
        },
		
        "LAYOUT_625_bar": {
            "layout": [
			{"label":"Play", "x":0, "y":0},
			{"label":"q", "x":1, "y":0},
			{"label":"w", "x":2, "y":0},
			{"label":"e", "x":3, "y":0},
			{"label":"r", "x":4, "y":0},
			{"label":"t", "x":5, "y":0},
			{"label":"Del", "x":6, "y":0, "w":1.75},
			{"label":"y", "x":7.75, "y":0},
			{"label":"u", "x":8.75, "y":0},
			{"label":"i", "x":9.75, "y":0},
			{"label":"o", "x":10.75, "y":0},
			{"label":"p", "x":11.75, "y":0},
			{"label":"Next", "x":0, "y":1},
			{"label":"a", "x":1, "y":1},
			{"label":"s", "x":2, "y":1},
			{"label":"d", "x":3, "y":1},
			{"label":"f", "x":4, "y":1},
			{"label":"g", "x":5, "y":1},
			{"label":"Tab", "x":6, "y":1, "w":1.75},
			{"label":"h", "x":7.75, "y":1},
			{"label":"j", "x":8.75, "y":1},
			{"label":"k", "x":9.75, "y":1},
			{"label":"l", "x":10.75, "y":1},
			{"label":"\"", "x":11.75, "y":1},
			{"label":"Prev", "x":0, "y":2},
			{"label":"z", "x":1, "y":2},
			{"label":"x", "x":2, "y":2},
			{"label":"c", "x":3, "y":2},
			{"label":"v", "x":4, "y":2},
			{"label":"b", "x":5, "y":2},
			{"label":"Shift", "x":6, "y":2, "w":1.75},
			{"label":"n", "x":7.75, "y":2},
			{"label":"m", "x":8.75, "y":2},
			{"label":"<", "x":9.75, "y":2},
			{"label":">", "x":10.75, "y":2},
			{"label":"?", "x":11.75, "y":2},
			{"label":"LAlt", "x":0, "y":3, "w":1.25},
			{"label":"LGui", "x":1.25, "y":3, "w":1.25},
			{"label":"LCtrl", "x":2.5, "y":3, "w":1.25},
			{"label":"Space", "x":3.75, "y":3, "w":6.25},
			{"label":"RAlt", "x":10, "y":3, "w":1.25},
			{"label":"RCtrl", "x":11.25, "y":3, "w":1.5}
			]
        }
    }
}