{"0":{"value":0,"notes":["Developer : Zack Dennis (zack@asetniop.com)","Date : 12/12/2014","All code (c) 2014 Pointesa, LLC all rights reserved","Abbreviations :    ","tlp = top left partial","lp = left partials","trp = top right partial","rp = right partials","tlw = top left word","lw = left words","trw = top right word","rw = right words"]},"1":{"input":[1],"base":"a","baseshift":"A","tlp":["aa",70938],"tlw":["a",1885],"lp":["aa"],"rp":[]},"2":{"input":[2],"base":"s","baseshift":"S","tlp":["ss",6312],"tlw":["s",729],"lp":["ss"],"rp":[]},"3":{"input":[1,2],"base":"w","baseshift":"W","tlp":["sa",51462],"tlw":["saa",14038],"lp":["sa","saa","as","ass","wa","aas","ssa","sas","ww","aw","saas","www","assa","ssaa","ws"],"rp":[]},"4":{"input":[3],"base":"e","baseshift":"E","tlp":["ee",2647],"tlw":["e",88],"lp":["ee"],"rp":[]},"5":{"input":[1,3],"base":"x","baseshift":"X","tlp":["ae",65201],"tlw":["ae",1518],"lp":["ae","aae","ex","ea","ax","aee","xe","xa","exa","exe","axe","aex","eae"],"rp":[]},"6":{"input":[2,3],"base":"d","baseshift":"D","tlp":["de",283077],"tlw":["de",23660],"lp":["de","ed","es","se","ede","ds","des","sse","dd","dse","ess","dde","eds","edes","ese","sed","ded","see","dede","sede"],"rp":[]},"7":{"input":[1,2,3],"tlp":["ad",24996],"tlw":["da",8071],"lp":["ad","da","ade","aes","aad","sae","aed","ada","sad","aede","aade","saad","aada","ads","asse","aese","dae","dda","esa","we"],"rp":[]},"8":{"input":[4],"base":"t","baseshift":"T","tlp":["tt",16147],"tlw":["t",62],"lp":["tt"],"rp":[]},"9":{"input":[1,4],"base":"f","baseshift":"F","tlp":["at",52505],"tlw":["at",39486],"lp":["at","ta","af","fa","ft","att","taa","faa","aft","aat","ff","aatt","fat","fatt","aff","tat","tf","ata","fta","afta"],"rp":[]},"10":{"input":[2,4],"base":"c","baseshift":"C","tlp":["st",66160],"tlw":["c",179],"lp":["st","ts","sc","sst","ct","cc","tc","cs","cst","tst","tsc","tts","sts"],"rp":[]},"11":{"input":[1,2,4],"tlp":["sta",9134],"tlw":["fast",485],"lp":["sta","ast","sat","staa","ca","satt","tsa","fas","fast","fs","afs","ac","asta","sf","tas","tsaa","fst","afst","stat","tsat"],"rp":[]},"12":{"input":[3,4],"base":"r","baseshift":"R","tlp":["er",200106],"tlw":["er",24396],"lp":["er","et","te","re","ere","rt","ter","tr","tte","ret","ett","ette","rte","ert","rr","tet","tter","rer","rre","eret"],"rp":[]},"13":{"input":[1,3,4],"tlp":["ar",71256],"tlw":["fra",7354],"lp":["ar","ra","aer","fr","aar","aere","fte","fra","ef","tra","rae","are","fter","tae","eft","atte","efte","aet","fre","rf"],"rp":[]},"14":{"input":[2,3,4],"tlp":["det",50507],"tlw":["det",40064],"lp":["det","der","dt","ste","rd","dr","rs","est","dre","red","res","este","rde","ted","dere","rst","dte","rede","dst","str"],"rp":[]},"15":{"input":[1,2,3,4],"tlp":["aest",3267],"tlw":["satte",874],"lp":["aest","stra","stae","ader","ard","aerd","ared","rsta","saet","rda","derf","aard","fes","tad","stad","raad","dra","fred","fess","raed"],"rp":[]},"16":{"input":[5],"base":"n","baseshift":"N","trp":["nn",12763],"trw":["n",53],"lp":[],"rp":["nn"]},"17":{"input":[1,5],"base":"q","baseshift":"Q","tlp":["an",107331],"trp":["na",18738],"tlw":["an",271],"trw":["naa",705],"lp":["an","aan","ann","anna","ana"],"rp":["na","naa","nan","nna","naan"]},"18":{"input":[2,5],"base":"j","baseshift":"J","tlp":["sn",2823],"trp":["ns",25305],"trw":["j",68],"lp":["sn","sj"],"rp":["ns","jn","js","nj","nss","jj"]},"19":{"input":[1,2,5],"tlp":["ans",12498],"trp":["ja",8744],"tlw":["sans",47],"trw":["ja",3506],"lp":["ans","san","sna","sja","aj","ajn","ssan","ansa","aaj","sans","snaa","wan","wn","asn","aasn"],"rp":["ja","nsa","jan","nas","nsaa"]},"20":{"input":[3,5],"base":"y","baseshift":"Y","tlp":["en",215951],"trp":["ne",54829],"tlw":["en",31130],"trw":["nye",787],"lp":["en","ene","enn","enne","enen","een","ey","eny"],"rp":["ne","nne","yn","nen","ny","ye","nene","yne","nye","yen","nnen","nee"]},"21":{"input":[1,3,5],"tlp":["aen",11318],"trp":["nae",4921],"tlw":["anne",45],"trw":["nae",24],"lp":["aen","anne","ane","aene","aane","aaen","anen","ay","ena","any","aany","ean","eann","aenn","xen"],"rp":["nae","naae","ya","yan","naee"]},"22":{"input":[2,3,5],"tlp":["den",50813],"trp":["nd",90348],"tlw":["den",24655],"trw":["ned",3104],"lp":["den","end","ende","ens","ej","sen","sy","dn","syn"],"rp":["nd","nde","je","nden","ned","ys","ndes","jen","nes","yd","nds"]},"23":{"input":[1,2,3,5],"tlp":["and",24671],"trp":["jae",3560],"tlw":["anden",1960],"trw":["naade",237],"lp":["and","ande","dan","aend","aand","adan","ands","aden","dann","sand","anse","sjae","dans","aned"],"rp":["jae","naes","nand","nda","naad","ndda"]},"24":{"input":[4,5],"base":"b","baseshift":"B","tlp":["tn",1655],"trp":["nt",13043],"tlw":["b",55],"lp":["tn","bt","bn","bb","tb"],"rp":["nt","nb","ntn"]},"25":{"input":[1,4,5],"tlp":["ba",11045],"trp":["nat",1917],"tlw":["tabt",109],"trw":["nat",438],"lp":["ba","ab","tan","ant","aab","fan","ban","baa","abt","abn","aabn","aabt","anta","tab","tabt","fb"],"rp":["nat","nf","nta","natt"]},"26":{"input":[2,4,5],"tlp":["tj",1039],"trp":["nst",1524],"lp":["tj","bj","sb","stj","stn","bs","tsj","sbj"],"rp":["nst","nc","jst","jt","nsb","nstn","ncs","ncst","nct","jnb","nbj","jnbj"]},"27":{"input":[1,2,4,5],"tlp":["stan",1647],"trp":["nsta",463],"tlw":["satan",75],"lp":["stan","fj","anc","bac","taj","abs","tja","stja","tajn","sant","bja","anst","asb","asbj","bas","tans"],"rp":["nsta","ntas","nsat","jac"]},"28":{"input":[3,4,5],"tlp":["be",22658],"trp":["nte",7013],"tlw":["byen",409],"trw":["nyt",305],"lp":["be","rn","ren","ten","br","rne","ern","erne","ent","ry","ty","eb","rb","ber","eren","bet","ente"],"rp":["nte","ner","net"]},"29":{"input":[1,3,4,5],"tlp":["ran",3013],"trp":["naar",3178],"tlw":["bare",1165],"trw":["naar",3077],"lp":["ran","taen","bar","abe","ante","ften","arb","arbe","bra","raen","bare","fy","arn","aeb","bae","barn"],"rp":["naar","nar","naer","nart"]},"30":{"input":[2,3,4,5],"tlp":["sten",3731],"trp":["nder",8663],"tlw":["syntes",800],"trw":["jer",433],"lp":["sten","endt","bes","bed","rden","rej","bej","rejs","rbej","bejd","best","dern"],"rp":["nder","ndt","ndr","ndre","ndet","jer","ndte","yst"]},"31":{"input":[1,2,3,4,5],"tlw":["andre",1970],"trw":["naesten",941],"lp":[],"rp":[]},"32":{"input":[6],"base":"i","baseshift":"I","trp":["ii",246],"trw":["i",43365],"lp":[],"rp":["ii","iii"]},"33":{"input":[1,6],"base":"z","baseshift":"Z","tlp":["ai",419],"trp":["ia",2518],"lp":["ai","za","zi","az"],"rp":["ia","iz"]},"34":{"input":[2,6],"base":"k","baseshift":"K","tlp":["si",39075],"trp":["ik",32997],"tlw":["si",156],"trw":["is",201],"lp":["si","sk","ski","sik","ssi","sikk","sis","skik"],"rp":["ik","kk","ikk","is","ki","ks","isk","iss","kik","ksi","ksis","kikk"]},"35":{"input":[1,2,6],"tlp":["ska",8476],"trp":["ka",23048],"tlw":["zak",168],"trw":["ka",248],"lp":["ska","ak","akk","ask","wi","aks","aask","aksi","asi","zak","aka","skaa","assi","aak"],"rp":["ka","kas","kaa","isa","ika","kass"]},"36":{"input":[3,6],"base":",","baseshift":"<","tlp":["ei",2228],"trp":["ie",6094],"tlw":["ei",448],"lp":["ei","eie"],"rp":["ie"],"special":"punc"},"37":{"input":[1,3,6],"tlp":["ze",48],"trp":["ix",31],"trw":["ix",31],"lp":["ze","xi","axi","aie","eiz","aei","aze"],"rp":["ix","iae"]},"38":{"input":[2,3,6],"tlp":["di",14167],"trp":["ke",57169],"tlw":["disse",1266],"trw":["ikke",20180],"lp":["di","ske","ek","sid","side","esk","ekk","ekke","eske"],"rp":["ke","kke","id","ikke","ide","ked","kede","ids","ise","kked","iske"]},"39":{"input":[1,2,3,6],"tlp":["aek",2798],"trp":["kae",1766],"tlw":["skade",99],"trw":["ida",70],"lp":["aek","akke","aekk","aske","skae","adi","dska","daek","adsk","eka","skad","aesk","eska","aeks"],"rp":["kae","idda","isae","ida","kad","kade"]},"40":{"input":[4,6],"base":"v","baseshift":"V","tlp":["ti",51178],"trp":["iv",10524],"tlw":["vi",7341],"trw":["it",23],"lp":["ti","vi","vt","tv","tvi","tiv","viv","tti","tviv","tit","vit","vv","vitt","tivt"],"rp":["iv","it","iti","itt","itti","ivt"]},"41":{"input":[1,4,6],"tlp":["va",50676],"trp":["if",1405],"tlw":["tav",135],"lp":["va","av","fi","ati","tav","avi","vaa","fti","tia","vf","avt","atti","tva","afti","tz"],"rp":["if","ift","iva","ita","itz"]},"42":{"input":[2,4,6],"tlp":["vis",7341],"trp":["ist",4703],"tlw":["sit",2281],"lp":["vis","sti","sv","sit","vist","vs","tis","tisk","ci","svi","visk","vik","tik"],"rp":["ist","kt","kv","kvi","isti","ic","kti"]},"43":{"input":[1,2,4,6],"tlp":["sva",3328],"trp":["kast",607],"tlw":["fik",1865],"trw":["kat",43],"lp":["sva","fik","akt","tak","avs","stak","takk","akti","tavs","fak","stia","fakt","fis","fisk","sav"],"rp":["kast","kat","kaf","kaff","kva"]},"44":{"input":[3,4,6],"tlp":["ve",58500],"trp":["ive",7238],"tlw":["rev",144],"trw":["iver",59],"lp":["ve","ri","ver","ev","eve","vet","eri","rv","rti","rev","vir","evet","rve","rie","vr"],"rp":["ive","ir","iver","ivet","ier"]},"45":{"input":[1,3,4,6],"tlp":["var",27429],"trp":["ifte",524],"tlw":["var",23713],"trw":["ivar",148],"lp":["var","vae","vaer","ave","vare","aev","eva","ari","fri","evae","rav","aeve","arv","arve","avet","farv","aver","verf","arie"],"rp":["ifte"]},"46":{"input":[2,3,4,6],"tlp":["ved",13008],"trp":["kr",7446],"tlw":["ved",9023],"trw":["idet",571],"lp":["ved","vd","vde","rk","tid","rke","vid","erk","dri","skr","vede","vide","erke"],"rp":["kr","ker","idt","ket","kri","idst","kker"]},"47":{"input":[1,2,3,4,6],"tlw":["svarede",1115],"trw":["kastede",275],"lp":[],"rp":[]},"48":{"input":[5,6],"base":"h","baseshift":"H","trp":["in",55966],"trw":["h",182],"lp":[],"rp":["in","ni","nin","hi","nh","hin","inn","ih","nni","ini","hn","nnin","hinn","hini","hii","iin","hiin"]},"49":{"input":[1,5,6],"tlp":["ani",433],"trp":["ha",84475],"tlw":["zina",155],"trw":["han",28303],"lp":["ani","ah","anz","anni","zin","zina","ania"],"rp":["ha","han","haa","ina","haan","hina","inan","nha","ian","hann","nia","nz","nina"]},"50":{"input":[2,5,6],"tlp":["sin",8509],"trp":["nk",7187],"tlw":["sin",5448],"trw":["nik",30],"lp":["sin","skj","sni","sh","skin","snin"],"rp":["nk","hj","kn","nsk","kj","nsi","nik","kin","his","kni","ink","knin","nikk","nis"]},"51":{"input":[1,2,5,6],"tlp":["ansk",2386],"trp":["kan",8041],"tlw":["sank",149],"trw":["kan",7261],"lp":["ansk","ank","ansi","snak","skja","sha","sank","win"],"rp":["kan","hans","hja","kja","kna","hw","nak","nakk","nska","has","hwa","jak"]},"52":{"input":[3,5,6],"tlp":["enh",1378],"trp":["he",30604],"trw":["hen",2065],"lp":["enh","eh","eni","enin","enhe","ein"],"rp":["he","hen","ine","ien","hy","nie","nei","nhe","inne","inen","henn","ihe","hei","hein"]},"53":{"input":[1,3,5,6],"tlp":["enha",462],"trp":["hae",2302],"tlw":["annie",37],"trw":["hanne",108],"lp":["enha","eha","anie","ehan","einz","zen","enia","ahy","ehaa"],"rp":["hae","haen","nhae","hea","hena","hane","iane","haie"]},"54":{"input":[2,3,5,6],"tlp":["enk",3299],"trp":["ind",17207],"tlw":["sine",1896],"trw":["ind",4197],"lp":["enk","din","sky","ekn","enke","sine"],"rp":["ind","inde","hend","hed","ken","nke","iden","yk","nske","ky","hje","ykk","ykke","kend"]},"55":{"input":[1,2,3,5,6],"tlw":["danske",357],"trw":["hinanden",807],"lp":[],"rp":[]},"56":{"input":[4,5,6],"tlp":["vin",3191],"trp":["hv",22271],"tlw":["thi",704],"trw":["int",55],"lp":["vin","vn","bi","th","tin","tni","tnin","thi","bin","vint"],"rp":["hv","hvi","int","ib","nv","nti","nhv","ntin","nit","niv"]},"57":{"input":[1,4,5,6],"tlp":["van",3040],"trp":["hav",16151],"tlw":["tania",150],"trw":["navn",505],"lp":["van","fin","avn","anv","tian","tha","avni","tani","vant","bav"],"rp":["hav","hva","nav","navn","havn","haf","haft","haab","nhav","hat"]},"58":{"input":[2,4,5,6],"tlp":["ch",2279],"trp":["hvis",2968],"tlw":["skib",43],"trw":["hvis",2525],"lp":["ch","svin","stin","visn","sch","sth","skib","vsh","chs","vink"],"rp":["hvis","nkt","kvin","hist","ich","kib","inst","istn","nist","nsv"]},"59":{"input":[1,2,4,5,6],"tlw":["skabt",80],"trw":["kant",116],"lp":[],"rp":[]},"60":{"input":[3,4,5,6],"tlp":["ven",8299],"trp":["her",6089],"tlw":["ven",504],"trw":["her",3645],"lp":["ven","rin","rh","bev","vent","vne","the","erh","even","beh","evn","rbi","erin","etni"],"rp":["her","hve","hver","inte","hr","herr"]},"61":{"input":[1,3,4,5,6],"tlw":["fine",167],"trw":["har",10914],"lp":[],"rp":[]},"62":{"input":[2,3,4,5,6],"tlw":["vendte",689],"trw":["hvide",710],"lp":[],"rp":[]},"63":{"input":[1,2,3,4,5,6],"tlw":["finde",734],"trw":["havde",11721],"lp":[],"rp":[]},"64":{"input":[7],"base":"o","baseshift":"O","trp":["oo",54],"trw":["o",656],"lp":[],"rp":["oo"]},"65":{"input":[1,7],"base":"(","baseshift":"[","tlp":["ao",60],"trp":["oa",43],"lp":["ao"],"rp":["oa"],"special":"punc"},"66":{"input":[2,7],"base":".","baseshift":">","tlp":["so",30717],"trp":["os",7769],"tlw":["so",193],"trw":["os",2349],"lp":["so","sos","sso"],"rp":["os","oss","oso"],"special":"punc"},"67":{"input":[1,2,7],"tlp":["wo",536],"trp":["ow",474],"tlw":["wos",58],"lp":["wo","aso","sow","wos","aaso","saso","aos"],"rp":["ow","osa"]},"68":{"input":[3,7],"base":"-","baseshift":"_","tlp":["eo",700],"trp":["oe",2132],"trw":["-",3902],"lp":["eo","e-"],"rp":["oe","-o","-e","-e-"],"special":"punc"},"69":{"input":[1,3,7],"tlp":["a-",13],"trp":["ox",139],"trw":["-aa",53],"lp":["a-","aa-","a-e","aa-e","a-e-"],"rp":["ox","oxe","-a","-aa"]},"70":{"input":[2,3,7],"tlp":["do",7429],"trp":["od",24132],"tlw":["dod",445],"trw":["ode",82],"lp":["do","eso","dod","dode","soe","esso","sod","dso","sode"],"rp":["od","ode","ods","oed","ose","oede","osse","odd","-d","odde","-de"]},"71":{"input":[1,2,3,7],"tlp":["ado",19],"trp":["odsa",172],"trw":["-saa",39],"lp":["ado"],"rp":["odsa","owe","-sa","-saa","odda","oda"]},"72":{"input":[4,7],"base":"g","baseshift":"G","tlp":["gt",20766],"trp":["og",89433],"tlw":["to",2228],"trw":["og",64213],"lp":["gt","to","go","gg","tog","tot","tott","gtt","tto","gtto","ttog","tg","tgo","ggo"],"rp":["og","ot","ogt","ott","oot","oto"]},"73":{"input":[1,4,7],"tlp":["fo",49386],"trp":["of",4123],"tlw":["gaa",1197],"trw":["of",77],"lp":["fo","ag","ga","gaa","agt","tag","aag","tfo","fg","afg","agg","fag","tof","taag","fgo","afgo"],"rp":["of","oft","off","ofa"]},"74":{"input":[2,4,7],"tlp":["sto",10153],"trp":["ogs",3950],"tlw":["sogt",61],"trw":["ost",168],"lp":["sto","gs","sog","sogt","gst","sg","co","gso","sost","stot","tos","soc","toss","gts","sgo","gc"],"rp":["ogs","ost","oc","ogst"]},"75":{"input":[1,2,4,7],"tlp":["sag",7763],"trp":["ogsa",3841],"tlw":["sagt",613],"trw":["ogsaa",2370],"lp":["sag","gsa","gsaa","sagt","ags","sof","sga","asto","sgaa","sofa","sfo","stof","wot","tow","sfag","fos","foss"],"rp":["ogsa","ofas","osof"]},"76":{"input":[3,4,7],"tlp":["ge",73298],"trp":["or",91756],"tlw":["gore",1137],"trw":["ore",158],"lp":["ge","eg","ro","ger","get","ege","gr","tor","gte","rg","gge","tro","eget"],"rp":["or","ore","ort","oge","oget","org","orte"]},"77":{"input":[1,3,4,7],"tlp":["for",43517],"trp":["orf",1741],"tlw":["for",18700],"trw":["ofte",682],"lp":["for","age","aeg","tage","fort","rfo","rfor","gra","rag","gaar","fore","fora","ager","agte","aget","erfo","rof"],"rp":["orf","ofte","ora"]},"78":{"input":[2,3,4,7],"tlp":["gd",7202],"trp":["ord",8900],"tlw":["dog",2587],"trw":["ord",1092],"lp":["gd","gde","stor","god","tod","dog","stod","rod","godt","ges","sor","rso","dor","ged"],"rp":["ord","ors","orst","odt","orde","oder"]},"79":{"input":[1,2,3,4,7],"tlw":["sagde",5844],"lp":[],"rp":[]},"80":{"input":[5,7],"base":"u","baseshift":"U","trp":["un",38415],"trw":["nu",6214],"lp":[],"rp":["un","no","on","nu","unn","onn","ou","uu","ono","nun","non","uo"]},"81":{"input":[1,5,7],"tlp":["au",1436],"trp":["ua",639],"tlw":["au",12],"lp":["au","anu","anua","ano","qu","anon"],"rp":["ua","ona","uan","nua","una","nuan","uana","oan"]},"82":{"input":[2,5,7],"tlp":["su",1821],"trp":["jo",11635],"tlw":["son",331],"trw":["jo",3858],"lp":["su","son","sun","sus","sonn"],"rp":["jo","oj","us","ojn","ju","ons","jon","noj","uns","nus","jus","jun","nso","nsu","onsu"]},"83":{"input":[1,2,5,7],"tlp":["aus",420],"trp":["usa",143],"trw":["jow",70],"lp":["aus","anus","sona","ajo","asou","ajon","sua"],"rp":["usa","jow","uans","janu","oja","noja","own","onsa","joa","joan","uja","jona","onas"]},"84":{"input":[3,5,7],"tlp":["eu",269],"trp":["ue",3024],"trw":["nue",32],"lp":["eu","eno","eun","en-"],"rp":["ue","one","unne","uen","onne","oen","onen","une","oy","-n","n-","nue","-ne","yo","oye","u-"]},"85":{"input":[1,3,5,7],"tlp":["eau",73],"trp":["ux",95],"trw":["-naa",21],"lp":["eau","anue","xu","xue","que","aue","eaue","aoy","aoye","aeu"],"rp":["ux","-na","-naa","oxen","unae","-au","uxe","oux"]},"86":{"input":[2,3,5,7],"tlp":["du",10932],"trp":["ud",16891],"tlw":["du",8921],"trw":["ud",5540],"lp":["du","dnu","due"],"rp":["ud","und","unde","ude","oje","uden","uds","ndnu","ojne","ond","udse","use","nod","oden","-j","ndu","ndue"]},"87":{"input":[1,2,3,5,7],"tlw":["aa-e-ja",13],"trw":["-ja",333],"lp":[],"rp":[]},"88":{"input":[4,5,7],"tlp":["bo",7356],"trp":["ng",36020],"tlw":["bog",542],"trw":["ung",427],"lp":["bo","tu","gn","gu","bu","bog","tun","ton","tung"],"rp":["ng","nog","ob","ug","ut","ung","ngt","ub","ugt","ont","utt"]},"89":{"input":[1,4,5,7],"tlp":["ang",11845],"trp":["uf",1211],"tlw":["gang",1991],"trw":["nabo",19],"lp":["ang","gan","gang","bag","fu","atu","angt","agn","fun","fang","fug","tau","bang","gna"],"rp":["uf","natu","nga","uft","nfo","ngan"]},"90":{"input":[2,4,5,7],"tlp":["gj",4375],"trp":["ngs",1845],"tlw":["sgu",306],"trw":["just",195],"lp":["gj","gjo","stu","boj","bjo","tus","sgu","toj","stun","goj","gnus"],"rp":["ngs","ust","ojt","ngst","ngso","unst","job","just","jont"]},"91":{"input":[1,2,4,5,7],"tlw":["sang",347],"trw":["jagt",44],"lp":[],"rp":[]},"92":{"input":[3,4,5,7],"tlp":["gen",17731],"trp":["nge",16467],"tlw":["bort",849],"trw":["noget",4194],"lp":["gen","ru","eng","bor","enge","beg","gne","run","gy","egy","bru"],"rp":["nge","noge","ur","ngen","yg","nger","ogen","orn","oren"]},"93":{"input":[1,3,4,5,7],"tlw":["foran",718],"lp":[],"rp":[]},"94":{"input":[2,3,4,5,7],"tlw":["gjorde",1269],"trw":["jeg",26496],"lp":[],"rp":[]},"95":{"input":[1,2,3,4,5,7],"tlw":["dagen",378],"trw":["udenfor",361],"lp":[],"rp":[]},"96":{"input":[6,7],"base":"l","baseshift":"L","trp":["il",52340],"trw":["lo",488],"lp":[],"rp":["il","li","ll","ol","lo","ill","lli","io","illi","olo","oli","lil","lill","oi","oll","ili","iol","ioli","lio","llio"]},"97":{"input":[1,6,7],"tlp":["al",35773],"trp":["la",34392],"tlw":["al",773],"trw":["laa",896],"lp":["al","all","aal","alli","ali","ala","aall","zo","ail","alo","aala"],"rp":["la","laa","lia","llia","lla","ola","ial","illa","olla"]},"98":{"input":[2,6,7],"tlp":["sl",6546],"trp":["ko",17253],"tlw":["sol",272],"trw":["los",173],"lp":["sl","sko","sol","slo","sio"],"rp":["ko","ls","ok","kl","lk","lik","kol","lsk","olk","ilk","okk","ils","lok","klo","los"]},"99":{"input":[1,2,6,7],"tlp":["skal",4331],"trp":["kal",5704],"tlw":["skal",4257],"trw":["las",152],"lp":["skal","sla","wil","will","saal","sal","als","slaa","alk","wol","woll"],"rp":["kal","kla","las","kola","lska","oka","lass","okal","kalk"]},"100":{"input":[3,6,7],"tlp":["el",52483],"trp":["le",62636],"tlw":["el",13],"trw":["lille",1799],"lp":["el","ell","elle","eli","ele","elli","elo","eol"],"rp":["le","lle","ille","ole","ile","olle","lie","iel","oie","ilie","lel","olel"]},"101":{"input":[1,3,6,7],"tlp":["ale",5962],"trp":["lae",8065],"tlw":["alle",3178],"trw":["lae",133],"lp":["ale","ael","alle","aale","aell","ela","aele","ella","elae","alie","alae","eal"],"rp":["lae","iale","laae","lox","lela","lea","i-a","li-a"]},"102":{"input":[2,3,6,7],"tlp":["els",7813],"trp":["ld",24257],"tlw":["del",897],"trw":["lod",1333],"lp":["els","sel","del","else","deli","eld","dl"],"rp":["ld","lde","lse","old","led","ild","kel","lede","ilde","lid","lod","keli","olde"]},"103":{"input":[1,2,3,6,7],"tlw":["saaledes",615],"trw":["lad",680],"lp":[],"rp":[]},"104":{"input":[4,6,7],"tlp":["til",31908],"trp":["ig",74754],"tlw":["til",24015],"trw":["liv",1247],"lp":["til","vo","vil","gi","gl","tig","till"],"rp":["ig","lig","ov","lt","igt","lv","liv","ligt","log","lg","ogi","logi","olog"]},"105":{"input":[1,4,6,7],"tlp":["alt",7650],"trp":["lag",2904],"tlw":["alt",2353],"trw":["lagt",315],"lp":["alt","fl","tal","fol","fal","talt","gla","alti","alv","gav","fla","folg","atio","flo","folt"],"rp":["lag","lav","lof","loft","lf"]},"106":{"input":[2,4,6,7],"tlp":["sig",18329],"trp":["lst",1082],"tlw":["sig",13498],"trw":["livs",105],"lp":["sig","gik","stil","sigt","vilk","stol","gvis","skov","slog","sov","tils","stig","vok","vikl","voks"],"rp":["lst","kov","lts","isto","ilst"]},"107":{"input":[1,2,4,6,7],"tlw":["folk",871],"lp":[],"rp":[]},"108":{"input":[3,4,6,7],"tlp":["vor",11354],"trp":["ige",17245],"tlw":["eller",3955],"trw":["over",5694],"lp":["vor","elig","rl","elv","rig","rli","rlig","vel","elt","gle"],"rp":["ige","ove","ler","lige","over","lev","ller","live","let","lte"]},"109":{"input":[1,3,4,6,7],"tlw":["tale",1118],"trw":["lave",376],"lp":[],"rp":[]},"110":{"input":[2,3,4,6,7],"tlw":["selv",3736],"trw":["lidt",2473],"lp":[],"rp":[]},"111":{"input":[1,2,3,4,6,7],"tlw":["aldrig",1646],"trw":["lagde",628],"lp":[],"rp":[]},"112":{"input":[5,6,7],"trp":["hu",19153],"trw":["hun",14886],"lp":[],"rp":["hu","ho","hun","ul","lu","hol","lin","ion","nl","nol","nolo","nli","uli","ull","llin","lun","oh","hoi","hul","uh"]},"113":{"input":[1,5,6,7],"tlp":["anl",545],"trp":["lan",8187],"tlw":["alanzo",70],"trw":["hal",31],"lp":["anl","anli","anal","alin","alan","anla"],"rp":["lan","hal","lau","nal","llan","oha","ohan","nla","olau","laan","lina","hali","onal","nzo"]},"114":{"input":[2,5,6,7],"tlp":["sku",5017],"trp":["ku",16083],"tlw":["suk",140],"trw":["kun",2632],"lp":["sku","skul","slu"],"rp":["ku","kun","kul","uk","nok","hoj","kon","kunn","kno","hus","knol","ukk","hos","kjo","jl","luk","lukk"]},"115":{"input":[1,2,5,6,7],"tlw":["slank",25],"trw":["nikola",431],"lp":[],"rp":[]},"116":{"input":[3,5,6,7],"tlp":["eho",625],"trp":["ly",6399],"tlw":["ellen",583],"trw":["hele",1963],"lp":["eho","enl","elen","enli"],"rp":["ly","hel","len","yl","hele","llen","hell","ulle","ule","ione","olen","lene","nel","niel","line","lyn"]},"117":{"input":[1,3,5,6,7],"tlw":["alene",617],"trw":["hallen",39],"lp":[],"rp":[]},"118":{"input":[2,3,5,6,7],"tlw":["skulde",2683],"trw":["kunde",4358],"lp":[],"rp":[]},"119":{"input":[1,2,3,5,6,7],"tlw":["sjael",328],"trw":["land",483],"lp":[],"rp":[]},"120":{"input":[4,5,6,7],"tlp":["bl",19380],"trp":["ing",14039],"tlw":["blot",846],"trw":["lob",434],"lp":["bl","bli","bliv","blo","gh","tilb","ting","bil"],"rp":["ing","hvo","ning","lb","igh","hov","ilb","ligh","nlig","nogl","ling","hvil"]},"121":{"input":[1,4,5,6,7],"tlw":["blaa",246],"trw":["langt",805],"lp":[],"rp":[]},"122":{"input":[2,4,5,6,7],"tlw":["blik",653],"trw":["hojt",407],"lp":[],"rp":[]},"123":{"input":[1,2,4,5,6,7],"tlw":["ansigt",951],"trw":["langs",456],"lp":[],"rp":[]},"124":{"input":[3,4,5,6,7],"tlw":["blev",4782],"trw":["hvor",4842],"lp":[],"rp":[]},"125":{"input":[1,3,4,5,6,7],"tlw":["tilbage",1940],"trw":["laenge",871],"lp":[],"rp":[]},"126":{"input":[2,3,4,5,6,7],"tlw":["teknologi",565],"trw":["holdt",1084],"lp":[],"rp":[]},"127":{"input":[1,2,3,4,5,6,7],"tlw":["ganske",1214],"trw":["hvordan",1085],"lp":[],"rp":[]},"128":{"input":[8],"base":"p","baseshift":"P","trp":["pp",3391],"trw":["p",397],"lp":[],"rp":["pp"]},"129":{"input":[1,8],"base":"?","baseshift":"/","tlp":["ap",2081],"trp":["pa",29683],"trw":["paa",14960],"lp":["ap","app","apa"],"rp":["pa","paa","pap","papa"],"special":"punc"},"130":{"input":[2,8],"base":")","baseshift":"]","tlp":["sp",6812],"trp":["ps",284],"lp":["sp","ssp"],"rp":["ps"],"special":"punc"},"131":{"input":[1,2,8],"tlp":["spa",699],"trp":["pas",1008],"trw":["pas",96],"lp":["spa","asp","aspa","aps","spaa"],"rp":["pas","pass","psa","paas"]},"132":{"input":[3,8],"base":"'","baseshift":"\"","tlp":["ep",1393],"trp":["pe",8158],"trw":["'",36],"lp":["ep","epp","eppe","e'","epe"],"rp":["pe","ppe","'e","pee","pep"],"special":"punc"},"133":{"input":[1,3,8],"tlp":["a'",769],"trp":["pae",506],"tlw":["a'",18],"trw":["pae'",18],"lp":["a'","appe","aep","aepp","aa'","a'e","ae'"],"rp":["pae","pae'"]},"134":{"input":[2,3,8],"tlp":["spe",642],"trp":["ped",539],"lp":["spe","dsp","esp","espe","sep","s'","dp","es'","dep","depe","edp","dpe","edpe","desp"],"rp":["ped","pede","pd","pped","pes","pess"]},"135":{"input":[1,2,3,8],"tlp":["spae",341],"trp":["pda",378],"tlw":["saa'",120],"trw":["passe",116],"lp":["spae","saa'","spad","sa'","aspe","wes'","da'","da'e"],"rp":["pda","pad","paed","pads","peda","pda'","pade","psae"]},"136":{"input":[4,8],"trp":["pt",1019],"trw":["pt",16],"lp":[],"rp":["pt"],"special":"bksp","base":"tp"},"137":{"input":[1,4,8],"tlp":["apt",205],"trp":["pf",375],"lp":["apt","apta","tap","tapp"],"rp":["pf","pta","pfa","pfat","pat","paat","paaf","paf","pafa"]},"138":{"input":[2,4,8],"trp":["pst",120],"lp":[],"rp":["pst"]},"139":{"input":[1,2,4,8],"tlp":["casp",50],"trp":["past",205],"lp":["casp","cap","fsp","afsp"],"rp":["past","psta"]},"140":{"input":[3,4,8],"tlp":["rp",670],"trp":["pr",5960],"tlw":["er'et",22],"trw":["per",374],"lp":["rp","erp","rep","rpt","epr","ept","tep","rpe"],"rp":["pr","per","pper","pet","pre","'r","ppet","pete","'er","pere","ptr","pte"]},"141":{"input":[1,3,4,8],"tlp":["rap",388],"trp":["pra",1908],"tlw":["ta'r",85],"trw":["par",1154],"lp":["rap","rapp","rpa","trap","rpaa","taep","arp","erpa","a'r","ta'","apr","arpt","ta'r"],"rp":["pra","par","prae","part","pare","para","ptra"]},"142":{"input":[2,3,4,8],"tlp":["spr",1019],"trp":["pers",530],"tlw":["spredte",60],"trw":["peder",77],"lp":["spr","derp","sper","spre","spec","step","sept","resp","dspr","rsp","ersp","rspe","cep","ccep","cept"],"rp":["pers","pres","pred","pec","pdr"]},"143":{"input":[1,2,3,4,8],"tlw":["derpaa",245],"trw":["praest",184],"lp":[],"rp":[]},"144":{"input":[5,8],"base":"m","baseshift":"M","trp":["mm",16277],"trw":["m",548],"lp":[],"rp":["mm","mp","nm","mn","pm","np","pn"]},"145":{"input":[1,5,8],"tlp":["am",21010],"trp":["ma",29964],"tlw":["anm",32],"trw":["man",5955],"lp":["am","amm","amp","anm","anma","ama","aam","aama"],"rp":["ma","man","maa","nma","pan","maan","nap","pma","paan","mann","mma","mman"]},"146":{"input":[2,5,8],"tlp":["sm",5093],"trp":["ms",1840],"tlw":["sms",12],"lp":["sm","sms"],"rp":["ms","nsp","msp","jm","jsp","mps","pj","nsm"]},"147":{"input":[1,2,5,8],"tlp":["sam",5398],"trp":["mas",938],"tlw":["smaa",567],"trw":["maj",88],"lp":["sam","samm","sma","smaa","saam","sman","ams","span","asm","sama","sams","amsp","ansp"],"rp":["mas","maas","mass","maj","jam","mans","jamm"]},"148":{"input":[3,5,8],"tlp":["em",22268],"trp":["me",73368],"tlw":["emne",22],"trw":["men",13807],"lp":["em","emm","emme","emp","empe","eme"],"rp":["me","men","mme","mmen","nem","nnem","menn","pen","mpe","mene","ppen","my","nemm","yp"]},"149":{"input":[1,3,5,8],"tlp":["amme",5549],"trp":["mae",3778],"tlw":["examen",40],"trw":["mae",475],"lp":["amme","ame","ema","aem","ampe","aemp","amen","emae","amae","eman","aemm","emma","aame","enpa"],"rp":["mae","maen","paen","pmae","naep","mane"]},"150":{"input":[2,3,5,8],"tlp":["dem",5798],"trp":["med",23442],"tlw":["dem",5668],"trw":["med",20679],"lp":["dem","sme","dm","sem","semp","spej","ems","smed"],"rp":["med","mens","jem","mede","mes","mmed","jemm","mend","pej","jdsp","mped","medd"]},"151":{"input":[1,2,3,5,8],"tlw":["samme",1733],"trw":["mand",1898],"lp":[],"rp":[]},"152":{"input":[4,5,8],"tlp":["tm",86],"trp":["mt",4208],"lp":["tm","bm"],"rp":["mt","mb","pb","ptb"]},"153":{"input":[1,4,5,8],"tlp":["amt",793],"trp":["maat",1392],"trw":["mat",54],"lp":["amt","fam","amta","tam","tamm","amf","amb","fm","afm","fma"],"rp":["maat","mat","mf","matt","mta","mfa","mant","napt","mfan","mfat"],"special":"numsym"},"154":{"input":[2,4,5,8],"tlp":["cm",207],"trp":["mst",1374],"tlw":["cm",207],"lp":["cm","bsm"],"rp":["mst","mc","mtj","mcn"]},"155":{"input":[1,2,4,5,8],"tlw":["samt",115],"trw":["pjat",14],"lp":[],"rp":[]},"156":{"input":[3,4,5,8],"tlp":["rm",5355],"trp":["mer",8012],"tlw":["type",59],"trw":["mere",2523],"lp":["rm","rem","rme","tem","emt","erm","erme","temm","rmen","rmer","temt","remm"],"rp":["mer","mmer","mere","met","mte","mr","mmet","ment"]},"157":{"input":[1,3,4,5,8],"tlw":["frem",1987],"trw":["maatte",1220],"lp":[],"rp":[]},"158":{"input":[2,3,4,5,8],"tlw":["stemme",569],"trw":["mest",560],"lp":[],"rp":[]},"159":{"input":[1,2,3,4,5,8],"tlw":["fremmede",219],"trw":["praesten",235],"lp":[],"rp":[]},"160":{"input":[6,8],"base":"!","baseshift":"|","trp":["pi",3860],"lp":[],"rp":["pi","ip","ipp","ppi"],"special":"punc"},"161":{"input":[1,6,8],"tlp":["api",492],"trp":["papi",191],"lp":["api"],"rp":["papi","ipa"]},"162":{"input":[2,6,8],"tlp":["spi",1676],"trp":["pis",540],"trw":["pis",22],"lp":["spi","spis","skip","sspi"],"rp":["pis","pisk","isp","kip","kipp","ips","ksp","pik","psi"]},"163":{"input":[1,2,6,8],"trp":["kap",494],"trw":["pak",15],"lp":[],"rp":["kap","kapi","pak","pakk","kapp","paak","ipas"]},"164":{"input":[3,6,8],"tlp":["epi",89],"trp":["ippe",551],"lp":["epi"],"rp":["ippe","i'","i'e","ipe"]},"165":{"input":[1,3,6,8],"tlp":["zep",15],"trp":["paei",16],"lp":["zep","azep","zepi","z'"],"rp":["paei"]},"166":{"input":[2,3,6,8],"tlp":["spid",136],"trp":["pise",257],"tlw":["spise",140],"trw":["piskede",12],"lp":["spid","spek","espi","eksp","si'","si'e"],"rp":["pise","pek","idsp","pid","pids","peki","ispe","ksep","kep","kkep","kspe","kepe","kepi"]},"167":{"input":[1,2,3,6,8],"tlw":["ska'",27],"trw":["pakke",52],"lp":[],"rp":[]},"168":{"input":[4,6,8],"tlp":["vip",54],"trp":["pit",385],"lp":["vip","vipp"],"rp":["pit","pti","ipt"]},"169":{"input":[1,4,6,8],"tlp":["apit",301],"trp":["pav",149],"tlw":["fip",43],"lp":["apit","fip"],"rp":["pav","pati","pita","pavi","pfi"]},"170":{"input":[2,4,6,8],"tlp":["spit",84],"trp":["pist",182],"tlw":["spist",45],"lp":["spit","cip","vsp","scip","tisp"],"rp":["pist"]},"171":{"input":[1,2,4,6,8],"lp":[],"rp":[]},"172":{"input":[3,4,6,8],"tlp":["rip",58],"trp":["pri",1094],"tlw":["vipper",20],"trw":["itt'",73],"lp":["rip","repi","ript","trip","ripp","vep","rvep","vepr"],"rp":["pri","pir","pite","peri","pire","priv","i'r","itt'","piri","i'er","prie","ipte"]},"173":{"input":[1,3,4,6,8],"tlw":["appetit",14],"trw":["papir",90],"lp":[],"rp":[]},"174":{"input":[2,3,4,6,8],"tlw":["spiste",89],"trw":["pris",129],"lp":[],"rp":[]},"175":{"input":[1,2,3,4,6,8],"tlw":["skarpt",108],"trw":["praksis",264],"lp":[],"rp":[]},"176":{"input":[5,6,8],"trp":["mi",24076],"trw":["min",4554],"lp":[],"rp":["mi","min","im","imi","him","mh","ph","imm","pin","imp","mni","mnin","himm","hm","phi","mpi","mini","nim","mim","imim"]},"177":{"input":[1,5,6,8],"tlp":["ami",472],"trp":["ham",8353],"trw":["ham",8026],"lp":["ami","aim","amin"],"rp":["ham","iam","ima","hamm","mia","mai","pha","iman","phan","pani","imia","mian","hamp","mha","hima","pina","mani"]},"178":{"input":[2,5,6,8],"tlp":["smi",1181],"trp":["mis",825],"trw":["km",70],"lp":["smi","sim","simp","spin","ssim","simi"],"rp":["mis","mk","imis","msi","miss","km","misk","ism","phis","pink","kim","mspi","mism","msk"]},"179":{"input":[1,2,5,6,8],"tlw":["skam",117],"trw":["knap",168],"lp":[],"rp":[]},"180":{"input":[3,5,6,8],"tlp":["emni",182],"trp":["ime",1615],"trw":["mine",1330],"lp":["emni","eph","empi","ephi"],"rp":["ime","mine","mhe","meni","imme","imen","hem","hemm","impe","menh","phe","mhy","hyp","hypp","yppi","meph"]},"181":{"input":[1,3,5,6,8],"trw":["ha'",99],"lp":[],"rp":[]},"182":{"input":[2,3,5,6,8],"tlw":["spidsen",62],"trw":["hjem",1079],"lp":[],"rp":[]},"183":{"input":[1,2,3,5,6,8],"tlw":["eksamen",41],"trw":["maske",618],"lp":[],"rp":[]},"184":{"input":[4,5,6,8],"tlp":["tim",1144],"trp":["mit",1681],"trw":["mit",1681],"lp":["tim","timi","tmi","tmin","vim","vimm","vm","timm"],"rp":["mit","mti","ptim","imt","pib","mv","ntim","pint","itim","mvi","mvit","nvip"]},"185":{"input":[1,4,5,6,8],"tlw":["timian",19],"lp":[],"rp":[]},"186":{"input":[2,4,5,6,8],"lp":[],"rp":[]},"187":{"input":[1,2,4,5,6,8],"tlw":["capitain",20],"trw":["knapt",41],"lp":[],"rp":[]},"188":{"input":[3,4,5,6,8],"tlw":["timer",267],"trw":["hvem",785],"lp":[],"rp":[]},"189":{"input":[1,3,4,5,6,8],"tlw":["varme",252],"trw":["marie",351],"lp":[],"rp":[]},"190":{"input":[2,3,4,5,6,8],"tlw":["derhjemme",61],"trw":["mennesker",759],"lp":[],"rp":[]},"191":{"input":[1,2,3,4,5,6,8],"tlw":["danmark",309],"trw":["maerke",366],"lp":[],"rp":[]},"192":{"input":[7,8],"base":";","baseshift":":","trp":["op",11049],"trw":["op",5000],"lp":[],"rp":["op","po","opp","ppo","pop"],"special":"punc"},"193":{"input":[1,7,8],"tlp":["appo",13],"trp":["opa",178],"lp":["appo","apo"],"rp":["opa"]},"194":{"input":[2,7,8],"tlp":["spo",1107],"trp":["pos",203],"lp":["spo","sop"],"rp":["pos","ops","osp","pso","opso"]},"195":{"input":[1,2,7,8],"trp":["opsa",25],"lp":[],"rp":["opsa","opas"]},"196":{"input":[3,7,8],"trp":["oppe",1153],"trw":["oppe",424],"lp":[],"rp":["oppe","o'","p-","poe","-p","o'e","p-p","ope"]},"197":{"input":[1,3,7,8],"trp":["opae",16],"lp":[],"rp":["opae"]},"198":{"input":[2,3,7,8],"tlp":["dsop",23],"trp":["opd",408],"trw":["pose",26],"lp":["dsop"],"rp":["opd","pose","poes"]},"199":{"input":[1,2,3,7,8],"trw":["opad",89],"lp":[],"rp":[]},"200":{"input":[4,7,8],"tlp":["top",1156],"trp":["opt",558],"tlw":["top",127],"trw":["optog",47],"lp":["top","topp","gp","gpo"],"rp":["opt","pg","opg","pog","pto","opto","ptog","pot","pott"]},"201":{"input":[1,4,7,8],"tlp":["gpa",17],"trp":["opf",375],"lp":["gpa"],"rp":["opf","pga","opga","opta","ptag","opfa","pfo","opfo","pag","pagt","paga"]},"202":{"input":[2,4,7,8],"tlp":["stop",344],"trp":["opst",120],"tlw":["spog",51],"trw":["post",48],"lp":["stop","spog","gsp","spot","sopg","cop"],"rp":["opst","post","psto","psog"]},"203":{"input":[1,2,4,7,8],"lp":[],"rp":[]},"204":{"input":[3,4,7,8],"tlp":["rop",646],"trp":["pro",2431],"tlw":["toppe",42],"trw":["port",82],"lp":["rop","etop","ropp","gep","erop","epro"],"rp":["pro","por","porg","port","opr","peg","pege","prog","orp","o'r","optr","pore","opro","opre"]},"205":{"input":[1,3,4,7,8],"tlw":["fo'r",122],"trw":["proft",123],"lp":[],"rp":[]},"206":{"input":[2,3,4,7,8],"tlw":["spor",199],"trw":["pegede",119],"lp":[],"rp":[]},"207":{"input":[1,2,3,4,7,8],"trw":["pastor",153],"lp":[],"rp":[]},"208":{"input":[5,7,8],"trp":["om",50261],"trw":["om",12169],"lp":[],"rp":["om","mo","omm","mu","um","pu","mun","up","umm","pun","mon","ump","omp","opm","umu","upp","pou","mum","mpu","ompu"]},"209":{"input":[1,5,7,8],"tlp":["amo",42],"trp":["opma",262],"trw":["opnaa",32],"lp":["amo","aamo","anmo","apon"],"rp":["opma","oma","uma","manu","oman","pau","opna","uman","umaa","omma","upa","upaa"]},"210":{"input":[2,5,7,8],"tlp":["som",21760],"trp":["oms",1497],"tlw":["som",18932],"trw":["moj",60],"lp":["som","spu","smu","somm","spun","smo","sum","smus","summ"],"rp":["oms","mus","nsom","jom","mos","moj","pus","ums","mons","usm","nspo"]},"211":{"input":[1,2,5,7,8],"tlw":["saasom",34],"trw":["mansson",22],"lp":[],"rp":[]},"212":{"input":[3,5,7,8],"tlp":["en-m",111],"trp":["omme",6327],"trw":["-men",116],"lp":["en-m","emo","epu"],"rp":["omme","umme","-m","uppe","ume","umen","-me","-men","n-m","umpe","omne","ome","mue","pone","u-m","-mo","u-mo"]},"213":{"input":[1,3,5,7,8],"trw":["-man",13],"lp":[],"rp":[]},"214":{"input":[2,3,5,7,8],"tlw":["dom",83],"trw":["mod",3477],"lp":[],"rp":[]},"215":{"input":[1,2,3,5,7,8],"tlw":["somand",13],"trw":["pause",61],"lp":[],"rp":[]},"216":{"input":[4,5,7,8],"tlp":["tom",486],"trp":["omt",1489],"tlw":["tom",108],"trw":["omt",46],"lp":["tom","tum","tomm","tomt","gm","gmo"],"rp":["omt","mog","mg","omg","pub","munt","put","mbo","mput","mob","omb","ombo","umt","mut"]},"217":{"input":[1,4,5,7,8],"tlw":["afmagt",13],"trw":["magt",215],"lp":[],"rp":[]},"218":{"input":[2,4,5,7,8],"tlw":["stum",33],"trw":["pust",33],"lp":[],"rp":[]},"219":{"input":[1,2,4,5,7,8],"tlw":["smag",71],"trw":["magnus",156],"lp":[],"rp":[]},"220":{"input":[3,4,5,7,8],"tlw":["gennem",1130],"trw":["meget",3368],"lp":[],"rp":[]},"221":{"input":[1,3,4,5,7,8],"tlw":["form",246],"trw":["mange",1787],"lp":[],"rp":[]},"222":{"input":[2,3,4,5,7,8],"tlw":["spurgte",1168],"trw":["mogens",519],"lp":[],"rp":[]},"223":{"input":[1,2,3,4,5,7,8],"tlw":["sprang",316],"trw":["professoren",159],"lp":[],"rp":[]},"224":{"input":[6,7,8],"trp":["pl",5364],"trw":["pol",19],"lp":[],"rp":["pl","pil","lp","pill","pol","opl","lip","poli","lipp","pli","poll","plo","oplo","ilp","opi","pio","poi","lop","lpi","ipl"]},"225":{"input":[1,6,7,8],"tlp":["alp",194],"trp":["pla",2683],"lp":["alp","alop","alpi"],"rp":["pla","lap","lapp","pal","opla","lpa","ilpa","pall","pala"]},"226":{"input":[2,6,7,8],"tlp":["spil",933],"trp":["klip",214],"tlw":["spil",117],"trw":["kop",75],"lp":["spil","slip","spl","skop","sopi","spio"],"rp":["klip","kop","kopp","ospi","posi","pok","pokk","lips","plos","plik","opsi","lsp","lspo","kopi"]},"227":{"input":[1,2,6,7,8],"tlw":["slap",211],"trw":["klap",35],"lp":[],"rp":[]},"228":{"input":[3,6,7,8],"tlp":["elp",717],"trp":["ple",1132],"trw":["pille",26],"lp":["elp","elpe","epl","eple","epli"],"rp":["ple","lpe","pel","ople","plei","li'","lpel","pelo","-pl","p-pl","lpep","pepl","li'e","pole","p-i"]},"229":{"input":[1,3,6,7,8],"trw":["la'",18],"lp":[],"rp":[]},"230":{"input":[2,3,6,7,8],"tlw":["spillede",190],"trw":["poesi",41],"lp":[],"rp":[]},"231":{"input":[1,2,3,6,7,8],"tlw":["slappe",19],"trw":["plads",674],"lp":[],"rp":[]},"232":{"input":[4,6,7,8],"tlp":["tilp",30],"trp":["pig",945],"trw":["pligt",89],"lp":["tilp"],"rp":["pig","opti","plig","pgi","opgi","pgiv","ppig","pov","povl","plov","plot","pigt","pitl"]},"233":{"input":[1,4,6,7,8],"tlw":["galop",20],"trw":["opgav",49],"lp":[],"rp":[]},"234":{"input":[2,4,6,7,8],"trw":["politik",54],"lp":[],"rp":[]},"235":{"input":[1,2,4,6,7,8],"tlw":["tilpas",30],"trw":["plastisk",14],"lp":[],"rp":[]},"236":{"input":[3,4,6,7,8],"trw":["pige",386],"lp":[],"rp":[]},"237":{"input":[1,3,4,6,7,8],"tlw":["april",92],"trw":["opgave",78],"lp":[],"rp":[]},"238":{"input":[2,3,4,6,7,8],"tlw":["spiller",111],"trw":["krop",196],"lp":[],"rp":[]},"239":{"input":[1,2,3,4,6,7,8],"tlw":["vokseplads",34],"trw":["kapitel",248],"lp":[],"rp":[]},"240":{"input":[5,6,7,8],"trp":["ml",3277],"trw":["poul",218],"lp":[],"rp":["ml","mil","lm","lom","mul","imo","muli","plu","olm","holm","omh","lmi","lmin","mili","mli","iml","himl","oph","minu","lim"],"special":"enter"},"241":{"input":[1,5,6,7,8],"tlw":["alpina",16],"trw":["plan",125],"lp":[],"rp":[]},"242":{"input":[2,5,6,7,8],"tlw":["smil",414],"trw":["kom",3720],"lp":[],"rp":[]},"243":{"input":[1,2,5,6,7,8],"tlw":["william",837],"trw":["hjalp",126],"lp":[],"rp":[]},"244":{"input":[3,5,6,7,8],"trw":["mellem",1362],"lp":[],"rp":[]},"245":{"input":[1,3,5,6,7,8],"tlw":["emmanuelo",70],"trw":["lampen",77],"lp":[],"rp":[]},"246":{"input":[2,3,5,6,7,8],"tlw":["smilede",325],"trw":["komme",1447],"lp":[],"rp":[]},"247":{"input":[1,2,3,5,6,7,8],"tlw":["samlede",209],"trw":["hjaelp",283],"lp":[],"rp":[]},"248":{"input":[4,5,6,7,8],"tlw":["glimt",79],"trw":["mig",8747],"lp":[],"rp":[]},"249":{"input":[1,4,5,6,7,8],"tlw":["film",34],"trw":["pollnitz",127],"lp":[],"rp":[]},"250":{"input":[2,4,5,6,7,8],"tlw":["smukt",214],"trw":["punkt",116],"lp":[],"rp":[]},"251":{"input":[1,2,4,5,6,7,8],"tlw":["samling",60],"trw":["langsomt",369],"lp":[],"rp":[]},"252":{"input":[3,4,5,6,7,8],"tlw":["glemt",197],"trw":["norholm",521],"lp":[],"rp":[]},"253":{"input":[1,3,4,5,6,7,8],"tlw":["gamle",1533],"trw":["planter",359],"lp":[],"rp":[]},"254":{"input":[2,3,4,5,6,7,8],"tlw":["blomster",490],"trw":["kommer",1590],"lp":[],"rp":[]},"255":{"input":[1,2,3,4,5,6,7,8],"tlw":["samtidig",195],"trw":["plantes",218],"lp":[],"rp":[]}}