{"0":{"value":0,"notes":["Developer : Zack Dennis (zack@asetniop.com)","Date : 12/12/2014","All code (c) 2014 Pointesa, LLC all rights reserved","Abbreviations :    ","tlp = top left partial","lp = left partials","trp = top right partial","rp = right partials","tlw = top left word","lw = left words","trw = top right word","rw = right words"]},"1":{"input":[1],"base":"a","baseshift":"A","tlp":["aa",9644],"tlw":["a",672],"lp":["aa"],"rp":[]},"2":{"input":[2],"base":"s","baseshift":"S","tlp":["ss",161786],"tlw":["s",320],"lp":["ss"],"rp":[]},"3":{"input":[1,2],"base":"w","baseshift":"W","tlp":["as",267481],"tlw":["was",33174],"lp":["as","wa","sa","ass","was","wass","ssa","sw","asa","assa","saa","aw","swa","awa","sas","ssas","asw","saw","sawa"],"rp":[]},"4":{"input":[3],"base":"e","baseshift":"E","tlp":["ee",14304],"tlw":["e",8272],"lp":["ee"],"rp":[]},"5":{"input":[1,3],"base":"x","baseshift":"X","tlp":["ea",6426],"lp":["ea","ex","ae","xa","ax","xe","exe","exa"],"rp":[]},"6":{"input":[2,3],"base":"d","baseshift":"D","tlp":["de",603509],"tlw":["es",81182],"lp":["de","es","se","ed","sse","ese","ede","des","ess","esse","ses","eses","ds","dess","see","edes","sd","dee","dd","sess"],"rp":[]},"7":{"input":[1,2,3],"tlp":["da",270688],"tlw":["das",100677],"lp":["da","we","das","dass","ew","ad","asse","ewe","wes","ade","wese","ewes","esa","eda","dw","ewa","ase","essa","dwa","wed"],"rp":[]},"8":{"input":[4],"base":"t","baseshift":"T","tlp":["tt",129965],"tlw":["t",4870],"lp":["tt","ttt"],"rp":[]},"9":{"input":[1,4],"base":"f","baseshift":"F","tlp":["at",159129],"tlw":["tat",2050],"lp":["at","att","ta","fa","ft","ff","af","tat","aft","aff","tf","fft","tatt","tta","afft","fta","ffa","ata","ttf","taa"],"rp":[]},"10":{"input":[2,4],"base":"c","baseshift":"C","tlp":["st",329949],"tlw":["st",194],"lp":["st","sc","ts","sst","tsc","ssc","tst","tts","tc","sts","ttst","ssts","stst","ct","cc","stc","cs"],"rp":[]},"11":{"input":[1,2,4],"tlp":["ac",129940],"tlw":["fast",4605],"lp":["ac","sta","tw","ast","twa","twas","asc","fas","fac","wac","sac","tsa","ca","fast","ats","asst","stat","fs","tas","atsa"],"rp":[]},"12":{"input":[3,4],"base":"r","baseshift":"R","tlp":["er",1062516],"tlw":["er",139320],"lp":["er","te","re","rt","et","tte","ter","rte","tr","ere","ert","ete","tet","rr","erte","tete","rer","err","tter","tre"],"rp":[]},"13":{"input":[1,3,4],"tlp":["ar",236202],"tlw":["trat",2331],"lp":["ar","ra","atte","fe","fr","ef","are","tra","fra","era","art","rf","ate","ffe","fre","arte","fer","ara","rat","ater"],"rp":[]},"14":{"input":[2,3,4],"tlp":["der",234317],"tlw":["der",139944],"lp":["der","ste","rd","rs","ers","rde","est","ec","rst","dr","erst","eder","ser","erd","ster","rc","dere","erde","sste","rsc"],"rp":[]},"15":{"input":[1,2,3,4],"tlp":["war",130034],"tlw":["war",76994],"lp":["war","wer","ware","rac","dar","etw","etwa","rw","werd","erw","dac","dara","dra","wart","star","rad","stra","fes","rwa","ras"],"rp":[]},"16":{"input":[5],"base":"n","baseshift":"N","trp":["nn",160994],"trw":["n",114],"lp":[],"rp":["nn"]},"17":{"input":[1,5],"base":"q","baseshift":"Q","tlp":["an",368610],"trp":["na",94964],"tlw":["an",48407],"trw":["na",1852],"lp":["an","ann","ana","anna","aq","qq","aqq"],"rp":["na","nan","nna","nann","nq"]},"18":{"input":[2,5],"base":"j","baseshift":"J","tlp":["sn",476],"trp":["ns",79641],"trw":["j",60],"lp":["sn"],"rp":["ns","nns","nj"]},"19":{"input":[1,2,5],"tlp":["wan",16048],"trp":["ja",26608],"tlw":["wann",1025],"trw":["ja",12041],"lp":["wan","ans","san","anns","wann","ssan","anw","ansa","sna","aj"],"rp":["ja","nw","nas","nsa","jan","nwa","nass","nja","jann","jans"]},"20":{"input":[3,5],"base":"y","baseshift":"Y","tlp":["en",1123066],"trp":["ne",372242],"tlw":["en",15361],"trw":["nennen",573],"lp":["en","enn","ene","enen","enne","ey","een","eyn"],"rp":["ne","nen","nne","nnen","yn","ny","nee","nenn","nny","ye","ney","yen"]},"21":{"input":[1,3,5],"tlp":["ena",8169],"trp":["ya",3585],"trw":["nyx",188],"lp":["ena","anne","ane","ay","ean","anen","anny","enan","any","enna","xan","eq","aya","xen","exen"],"rp":["ya","yan","nea","yx","nyx"]},"22":{"input":[2,3,5],"tlp":["den",182183],"trp":["nd",429334],"tlw":["den",92856],"trw":["jeden",2171],"lp":["den","sen","end","ssen","ens","esen","ende","denn","eden","dene"],"rp":["nd","nde","je","nden","nes","jed","nse","jede","ndes","jen"]},"23":{"input":[1,2,3,5],"tlp":["and",91655],"trp":["ndw",5333],"tlw":["wenn",26017],"trw":["nase",1633],"lp":["and","ande","wen","dan","wenn","dann","wand","endw","edan","aden","sand","wend","dana","anda"],"rp":["ndw","nand","nwe","nda","nase","ndwa"]},"24":{"input":[4,5],"base":"b","baseshift":"B","tlp":["bt",17983],"trp":["nt",123340],"tlw":["b",133],"lp":["bt","tb","tn","bb","bn","ttn"],"rp":["nt","nnt","nb","ntt","ntn","nntn","ntb","nnb"]},"25":{"input":[1,4,5],"tlp":["ab",110601],"trp":["nf",19807],"tlw":["ab",6161],"lp":["ab","ba","tan","ant","annt","fan","fn","anf","ffn","abt","ban","anft"],"rp":["nf","nfa","nat","nft","ntf","nab","nba","nta"]},"26":{"input":[2,4,5],"tlp":["bs",13819],"trp":["nst",18313],"lp":["bs","bst","bsc","sb","tj","stb","bj","bc","bstb"],"rp":["nst","nsc","nc","nts","ntsc","nnst","ntst","nnsc","nstb","nsb","nnts"]},"27":{"input":[1,2,4,5],"tlp":["stan",16933],"trp":["nac",40467],"tlw":["sanft",880],"lp":["stan","antw","bw","anc","abs","bac","anac","ansc","sanf","anst","absc","abw","stab","sab","abst"],"rp":["nac","ntw","nfac","jac","nsta"]},"28":{"input":[3,4,5],"tlp":["be",315569],"trp":["nte",72977],"tlw":["bett",2066],"trw":["neben",3915],"lp":["be","ten","ber","ren","ben","eb","rn","ern","br","ebe","ent","eben","rb","eren","tten","tern"],"rp":["nte","ner","nnte","nter"]},"29":{"input":[1,3,4,5],"tlp":["abe",79213],"tlw":["aber",39696],"lp":["abe","aber","fen","ran","aren","aben","bra","ffen","bar","arb","arbe","bef","aten","aran","fern","fne","enf","ffne","ary","arry"],"rp":[]},"30":{"input":[2,3,4,5],"tlp":["rden",23780],"trp":["nder",38861],"tlw":["ersten",3262],"trw":["jeder",2456],"lp":["rden","bes","sten","rend","ensc","best","dern","ents","bed","enst","bess","bend","enc"],"rp":["nder","jet","nser","nste","ndet","nce","ndt"]},"31":{"input":[1,2,3,4,5],"tlw":["waren",18283],"lp":[],"rp":[]},"32":{"input":[6],"base":"i","baseshift":"I","trp":["ii",157],"trw":["i",123],"lp":[],"rp":["ii"]},"33":{"input":[1,6],"base":"z","baseshift":"Z","tlp":["zi",20813],"trp":["ia",9362],"tlw":["z",118],"lp":["zi","za","ai","az","zz","azi","aza","zzi","aia","zza","azz"],"rp":["ia","iz","izi","izz","izzi","izza"]},"34":{"input":[2,6],"base":"k","baseshift":"K","tlp":["si",316897],"trp":["is",130177],"trw":["is",168],"lp":["si","ssi","sk","sik","sis","ski"],"rp":["is","iss","ki","ik","ks","kk","isi","isk","kis","isik","kiss","issi","iski","ksi"]},"35":{"input":[1,2,6],"tlp":["wi",167420],"trp":["ka",56299],"trw":["kai",169],"lp":["wi","zw","wis","zwi","wiss","zwis","ak","zwa","assi","sz","zis","asi","zs","ais"],"rp":["ka","ksa","kw","kz","isa","kas"]},"36":{"input":[3,6],"base":",","baseshift":"<","tlp":["ei",652619],"trp":["ie",651532],"tlw":["ei",176],"lp":["ei","eie","eei","eiei"],"rp":["ie","iei"],"special":"punc"},"37":{"input":[1,3,6],"tlp":["ze",61436],"trp":["ize",965],"lp":["ze","zei","zie","ez","eze","ezei","xi","eza","exi","ezi","eiz","axi","ezie","zzie","azie","eize"],"rp":["ize","izie","izei","ix"]},"38":{"input":[2,3,6],"tlp":["di",276515],"trp":["ke",89577],"tlw":["die",198925],"trw":["idee",1017],"lp":["di","die","sie","sei","dies","eis","eid","ek","esi","dei","eide"],"rp":["ke","ies","kei","id","iese","ied","iede","ide","ise"]},"39":{"input":[1,2,3,6],"tlp":["wie",72674],"tlw":["wie",48051],"trw":["kase",144],"lp":["wie","wei","wied","zwe","zwei","weis","wid","wide","ewi","daz","eka","wies","zd","zde","dwi","ewis","ake","dwie","zes","ewei"],"rp":[]},"40":{"input":[4,6],"base":"v","baseshift":"V","tlp":["ti",64747],"trp":["it",174613],"tlw":["v",67],"lp":["ti","vi","tti","tit","tv","tiv","viv","vivi","vt","vit"],"rp":["it","itt","iti","iv","ivi","itiv"]},"41":{"input":[1,4,6],"tlp":["tz",57975],"trp":["if",14792],"tlw":["fitz",198],"lp":["tz","zt","tzt","fi","va","atz","av","vat","fz","ati","fti","afti","fzt","tia","zit"],"rp":["if","itz","iff","ita","ift"]},"42":{"input":[2,4,6],"tlp":["sic",113216],"trp":["ic",528821],"tlw":["vick",133],"trw":["ist",43418],"lp":["sic","ck","sti","ckt","tis","tisc","sit","cks","ckk","ci"],"rp":["ic","ist","kt","ick","isc","ickt","its","kti","issc","isti"]},"43":{"input":[1,2,4,6],"tlp":["wisc",7325],"trp":["kat",4899],"tlw":["satz",590],"trw":["katsa",541],"lp":["wisc","ack","wic","sitz","ackt","akt","satz","tak","wit","stia","asti","akti","cksa","twi","sack","fis","fisc"],"rp":["kat","katz","kaf"]},"44":{"input":[3,4,6],"tlp":["ri",94871],"trp":["ir",113010],"tlw":["vier",1685],"lp":["ri","ve","ver","eit","rei","eite","vie","rie","eri","tie","tei","reit","rit","tri"],"rp":["ir","ier","ite","itte","iter","iert"]},"45":{"input":[1,3,4,6],"tlp":["rz",29091],"trp":["ief",12679],"tlw":["zeit",6744],"lp":["rz","etz","etzt","erz","zte","tze","tzte","zeit","rze","eif","vate","tief","rif","arz","rief","riff","fie","eife"],"rp":["ief","ife"]},"46":{"input":[2,3,4,6],"tlp":["rk",34305],"trp":["kte",27132],"tlw":["dir",10511],"lp":["rk","eic","vers","erk","cke","ckte","eck","dic","ric","dir","seit","esic","eckt","ris","reic"],"rp":["kte","kr","ird","irk","iste"]},"47":{"input":[1,2,3,4,6],"tlw":["wir",29431],"lp":[],"rp":[]},"48":{"input":[5,6],"base":"h","baseshift":"H","trp":["in",659187],"trw":["in",95638],"lp":[],"rp":["in","ni","ih","hi","hn","ihn","hin","inn","ini","nh","hni","hh","nni","nin","nih","inh","inni","hnh","inin","hinn"]},"49":{"input":[1,5,6],"tlp":["ah",76442],"trp":["ha",235199],"tlw":["ah",759],"trw":["nah",453],"lp":["ah","anz","zah","ahn","ani","ahi"],"rp":["ha","nz","han","nah","inz","ina","nzi","inzi","haa","hina","inan","ian","hna","hz"]},"50":{"input":[2,5,6],"tlp":["sin",16409],"trp":["nk",38114],"tlw":["sinn",805],"trw":["ins",5955],"lp":["sin","sh","shi","sinn"],"rp":["nk","ins","hs","kin","kn","nis","ink","nsi","kni","hk","ish","nks","nik","kh","niss","hns"]},"51":{"input":[1,2,5,6],"tlp":["wah",16237],"trp":["hw",26859],"tlw":["sah",11589],"trw":["kann",10392],"lp":["wah","sah","ank","win","sha","wanz"],"rp":["hw","kan","kann","has","hwa","jah","hwi","hwan","hwin","insa","inw","nzw","inzw","nzwi"]},"52":{"input":[3,5,6],"tlp":["ein",403963],"trp":["ine",235416],"tlw":["ein",66637],"trw":["ihnen",10635],"lp":["ein","eine","eh","ehe","ehen","eni"],"rp":["ine","he","hen","inen","hie","hne","hei","nie","ien","hnen","ihne","inne","nei","nein"]},"53":{"input":[1,3,5,6],"tlp":["zen",18592],"trp":["nze",12641],"tlw":["zehn",1114],"trw":["nahe",2024],"lp":["zen","ahe","anze","eha","einz","eina","zeh","zieh","zehn","ahne","ahen","enz","enze","anie"],"rp":["nze","nahe","nzen","inze","hze","hzei"]},"54":{"input":[2,3,5,6],"tlp":["sein",76189],"trp":["ind",34029],"tlw":["sein",25372],"trw":["keine",11161],"lp":["sein","seh","sehe","sind","dein","enk","din","denk","eseh","eins","enke"],"rp":["ind","ken","kein","nke","inde","ines","nken","iden","kenn"]},"55":{"input":[1,2,3,5,6],"tlw":["wissen",4749],"trw":["hand",7972],"lp":[],"rp":[]},"56":{"input":[4,5,6],"tlp":["bi",40682],"trp":["ht",252865],"tlw":["bin",8228],"lp":["bi","bin","th","bit","bitt","tin","thi"],"rp":["ht","int","ib","hint","hti","ibt","hnt","nit","nti","nv","htb","hnit","nitt"]},"57":{"input":[1,4,5,6],"tlp":["fin",11249],"trp":["hat",98724],"tlw":["zantini",146],"trw":["hat",19760],"lp":["fin","fah","tha","fh","ahnt","tian"],"rp":["hat","hatt","hab","haf","inf","infa","haft","habt","haff","hif","hiff","htba","nzt","hatz"]},"58":{"input":[2,4,5,6],"tlp":["ch",1037218],"trp":["ich",501099],"tlw":["sich",92744],"trw":["ich",126388],"lp":["ch","cht","sch","sich","chi","bis","schi","chts","chn","chs","schn","chti"],"rp":["ich","icht","nic","nich","isch","hts","nsch","hst"]},"59":{"input":[1,2,4,5,6],"tlw":["ach",1398],"trw":["nach",23041],"lp":[],"rp":[]},"60":{"input":[3,4,5,6],"tlp":["bei",38768],"trp":["hr",166493],"tlw":["einer",16300],"trw":["ihr",34974],"lp":["bei","ehr","rin","rh","erh","eht","teh"],"rp":["hr","ihr","hre","hte","her","ihre","iner","hren","ieb","hier","inte","hrer","hten"]},"61":{"input":[1,3,4,5,6],"tlw":["arbeit",1479],"trw":["hatte",62837],"lp":[],"rp":[]},"62":{"input":[2,3,4,5,6],"tlw":["dich",11521],"trw":["nickte",3237],"lp":[],"rp":[]},"63":{"input":[1,2,3,4,5,6],"tlw":["wahrend",7160],"trw":["jetzt",12900],"lp":[],"rp":[]},"64":{"input":[7],"base":"o","baseshift":"O","trp":["oo",2552],"trw":["o",417],"lp":[],"rp":["oo"]},"65":{"input":[1,7],"base":"(","baseshift":"[","tlp":["ao",544],"trp":["oa",1055],"lp":["ao"],"rp":["oa"],"special":"punc"},"66":{"input":[2,7],"base":".","baseshift":">","tlp":["so",96770],"trp":["os",26972],"tlw":["so",35536],"lp":["so","sso","sos"],"rp":["os","oss","oos"],"special":"punc"},"67":{"input":[1,2,7],"tlp":["wo",62062],"trp":["ow",3659],"tlw":["wo",7187],"lp":["wo","sow","woo","sowo","aos","swo","wow","aso","soa","woa","awo","sao"],"rp":["ow","osa","owa","owo","osw","osas"]},"68":{"input":[3,7],"base":"-","baseshift":"_","tlp":["eo",4452],"trp":["oe",1221],"trw":["-",5881],"lp":["eo","e-"],"rp":["oe","-o","-e"],"special":"punc"},"69":{"input":[1,3,7],"tlp":["a-",546],"trp":["ox",233],"lp":["a-"],"rp":["ox","-a","oxa","oxe"]},"70":{"input":[2,3,7],"tlp":["do",34031],"trp":["od",27025],"tlw":["dose",88],"lp":["do","eso","edo","sod","esso","deo","ddo","s-","s-o","soe","dos"],"rp":["od","ode","ose","osse","ood","-s","odes","ods","odo"]},"71":{"input":[1,2,3,7],"tlp":["ewo",5402],"trp":["oda",1427],"tlw":["sodass",1096],"lp":["ewo","dwo","soda","wood","sowe","ado","wod"],"rp":["oda","odas","owe","-w","-we","oswe","owes"]},"72":{"input":[4,7],"base":"g","baseshift":"G","tlp":["gt",75665],"trp":["ot",33072],"tlw":["tot",1524],"trw":["otto",56],"lp":["gt","to","go","tot","tg","got","gott","gg","tto","gto","ttg"],"rp":["ot","og","ott","oot","oto","otto","ogo","ogg","ottt"]},"73":{"input":[1,4,7],"tlp":["ag",98104],"trp":["of",22112],"tlw":["tag",3421],"trw":["oft",1577],"lp":["ag","ga","agt","fo","tag","fg","fot","ago","fga","ttag","foto","tof","foa","gf"],"rp":["of","off","oga","ofo","oft","offt"]},"74":{"input":[2,4,7],"tlp":["gs",15827],"trp":["oc",76156],"tlw":["sto",607],"lp":["gs","sto","gst","sg","sog","co","toc","stoc","tos","gc","sgc","gos","goss"],"rp":["oc","ost","ots","osc","oots","otsc","otos"]},"75":{"input":[1,2,4,7],"tlp":["sag",41908],"tlw":["sagt",3037],"lp":["sag","sagt","two","sof","soga","sofo","gsa","wag","woc","gas","ags","gast","gw","agst","wagt","stof","aco","asto","stag","sags"],"rp":[]},"76":{"input":[3,4,7],"tlp":["ge",417472],"trp":["or",139857],"tlw":["gro",12824],"trw":["ort",1465],"lp":["ge","eg","ro","gte","gr","ger","rg","ege","rge","geg","gro","erg","gege","egt","tro"],"rp":["or","ort","orte","ote","org"]},"77":{"input":[1,3,4,7],"tlp":["agte",36381],"trp":["offe",6976],"tlw":["fragte",8751],"lp":["agte","age","rag","gef","frag","ragt","gar","for","gera","rage","gefa","ega","fort","gra","fge","tage","fote","trag"],"rp":["offe","ogar"]},"78":{"input":[2,3,4,7],"tlp":["ges",52897],"trp":["oder",15264],"tlw":["dort",4958],"trw":["oder",15082],"lp":["ges","doc","gesc","gest","gese","ged","dor","roc","dort","sor","sorg","sge","ros","stor","tod","rges"],"rp":["oder","ord","orde","ors"]},"79":{"input":[1,2,3,4,7],"tlw":["sagte",25887],"lp":[],"rp":[]},"80":{"input":[5,7],"base":"u","baseshift":"U","trp":["un",390483],"trw":["nun",5974],"lp":[],"rp":["un","on","nu","no","onn","nun","unn","ou","nno","non","nnu","nnun","ono","onno","uo","unno","uu","uun","unu","unun"]},"81":{"input":[1,5,7],"tlp":["au",303972],"trp":["nau",10174],"tlw":["au",5558],"lp":["au","aun","qu","qua","anu","annu","ano","quo"],"rp":["nau","ona","ua","una","oan","unan","onna","unna","uan","unau","oann","oana"]},"82":{"input":[2,5,7],"tlp":["su",18391],"trp":["us",129755],"tlw":["su",647],"trw":["uns",13571],"lp":["su","son","sons","sonn","sun","sus","ssu"],"rp":["us","uss","uns","ju","jun","ons","jo","nso","uso","jon","jus","ous","nos"]},"83":{"input":[1,2,5,7],"tlp":["aus",69449],"trp":["usa",6060],"tlw":["aus",34379],"trw":["jason",129],"lp":["aus","wu","wus","wuss","wun","auss","wuns","auso","sau","won","saus","assu","ausw","asu"],"rp":["usa","naus","ussa","unw","uw","usw"]},"84":{"input":[3,5,7],"tlp":["eu",55225],"trp":["ue",28283],"trw":["neue",1471],"lp":["eu","eue","enu","eun","eno","euen","enno"],"rp":["ue","onne","uen","neu","one","une","neue","onen","unen","n-","unne","oy","yo"]},"85":{"input":[1,3,5,7],"tlp":["aue",12361],"trp":["ux",957],"lp":["aue","enau","auen","aune","que","equ","eque","an-","ean-","eau","equa","eona"],"rp":["ux","uxa","onea","na-","nna-","naue","oya","uya"]},"86":{"input":[2,3,5,7],"tlp":["du",75774],"trp":["und",249565],"tlw":["du",44764],"trw":["und",220198],"lp":["du","dun","deu","eund","sond","esu","seu","edeu","don"],"rp":["und","unde","ud","ond","ude","use","usse","unse","onde","oden","jedo"]},"87":{"input":[1,2,3,5,7],"tlw":["sonea",505],"trw":["nasuada",322],"lp":[],"rp":[]},"88":{"input":[4,5,7],"tlp":["tu",42893],"trp":["ng",148258],"tlw":["gut",8191],"trw":["ob",5684],"lp":["tu","gu","tun","bo","gut","bu","tung","gn","gun"],"rp":["ng","ut","ub","ung","ug","ob","onnt","unt","utt","nung","ngt"]},"89":{"input":[1,4,5,7],"tlp":["auf",98105],"trp":["uf",112428],"tlw":["auf",72050],"trw":["offnung",187],"lp":["auf","fu","ang","gan","aug","aut","aub","gab","tau","fun","gang","bau","aufg","atu"],"rp":["uf","uft","ufg","offn","unf","natu"]},"90":{"input":[2,4,5,7],"tlp":["stu",13806],"trp":["uc",97659],"tlw":["sonst",2451],"trw":["jung",472],"lp":["stu","suc","stun","buc","tuc","stuc"],"rp":["uc","noc","usst","ust","ngs","jung","ngst","usc","usg","onst","unsc","uts","ubs","utsc"]},"91":{"input":[1,2,4,5,7],"tlw":["angst",3094],"trw":["jacob",437],"lp":[],"rp":[]},"92":{"input":[3,4,5,7],"tlp":["gen",136399],"trp":["ur",167807],"tlw":["gegen",5275],"trw":["nur",23303],"lp":["gen","ru","egen","geb","eut","rgen","run","tur"],"rp":["ur","nge","ube","uber","ute","ngen","nur","uge","unte","ugen","unge","uer"]},"93":{"input":[1,3,4,5,7],"tlw":["fur",24293],"trw":["offnete",1687],"lp":[],"rp":[]},"94":{"input":[2,3,4,5,7],"tlw":["boden",4242],"trw":["junge",3404],"lp":[],"rp":[]},"95":{"input":[1,2,3,4,5,7],"tlw":["wurde",25182],"lp":[],"rp":[]},"96":{"input":[6,7],"base":"l","baseshift":"L","trp":["li",151710],"trw":["ol",121],"lp":[],"rp":["li","ll","ol","il","oll","lo","ill","io","lli","ili","llo","illi","olli","oli","lio","lil","ilo","oi","lili","olo"]},"97":{"input":[1,6,7],"tlp":["al",191580],"trp":["la",130568],"tlw":["all",2129],"trw":["lilia",446],"lp":["al","all","zo","zl","zli","ali","alli","ala","allz"],"rp":["la","lz","olz","lia","ola","liz","ila","oz","oliz","lla","llz"]},"98":{"input":[2,6,7],"tlp":["sol",18755],"trp":["ko",75943],"tlw":["soll",3129],"trw":["los",2861],"lp":["sol","soll","sl","sil"],"rp":["ko","ls","kl","los","kli","lls","lso","loss","lk","ok","olk","ills","klo","llk","lko","llko"]},"99":{"input":[1,2,6,7],"tlp":["als",59443],"trp":["las",17376],"tlw":["als",47093],"trw":["lass",1226],"lp":["als","wol","woll","wil","will","also","wal","alls","wolk","sal","sola","sowi","alas"],"rp":["las","lass","kla","kal","oka","owi","low"]},"100":{"input":[3,6,7],"tlp":["el",169112],"trp":["le",200448],"tlw":["eile",168],"trw":["lie",7334],"lp":["el","ell","eil","elle","ele","eile","eli"],"rp":["le","lle","lei","lie","iel","llei","olle","iell","iele","ile","ille","ilie","lee"]},"101":{"input":[1,3,6,7],"tlp":["alle",36348],"trp":["lze",595],"tlw":["alle",9095],"trw":["lizzie",239],"lp":["alle","ale","ela","zel","elz","ezo","ziel","zoe","ael","zell","ella","alee","eal"],"rp":["lze","lize","iela","oze","lzei","-al","-ali"]},"102":{"input":[2,3,6,7],"tlp":["sel",17287],"trp":["ld",21588],"tlw":["seele",607],"trw":["leise",2478],"lp":["sel","dl","eko","dli","del","eld","els"],"rp":["ld","kle","les","klei","lles","kel","lde","ild","leid","leis","old","ilde","lke"]},"103":{"input":[1,2,3,6,7],"tlw":["alles",9526],"trw":["lasse",483],"lp":[],"rp":[]},"104":{"input":[4,6,7],"tlp":["vo",111639],"trp":["lt",103510],"tlw":["vollig",1315],"trw":["ig",1168],"lp":["vo","gl","gi","tig","tl","tli","gli","vol","voll"],"rp":["lt","ig","llt","ollt","igt","lg","olg","lig","ogl","lot","ogli"]},"105":{"input":[1,4,6,7],"tlp":["alt",26083],"trp":["lag",11095],"tlw":["zog",4180],"trw":["lag",3548],"lp":["alt","fl","fal","fall","gla","zog","zig","fol","folg","avo","tzl","fla","tzli","agi"],"rp":["lag","lf","lat","otz","latt","lotz"]},"106":{"input":[2,4,6,7],"tlp":["tlic",10135],"trp":["lic",83791],"tlw":["still",966],"trw":["lost",108],"lp":["tlic","cl","glic","ckl","gk","sig","solc","ckli","stil"],"rp":["lic","lick","klic","lc","ock","lst","olc","llst","igk","lsc","igs"]},"107":{"input":[1,2,4,6,7],"tlw":["willst",2074],"trw":["lasst",1485],"lp":[],"rp":[]},"108":{"input":[3,4,6,7],"tlp":["vor",42281],"trp":["lte",70997],"tlw":["vor",22128],"trw":["legte",3034],"lp":["vor","elt","rl","erl","gel","viel","tel","elte","eig","rli","tell","eige","verl"],"rp":["lte","ige","llte","ler","ieg","leg","irg"]},"109":{"input":[1,3,4,6,7],"tlw":["fiel",2565],"trw":["letzte",1489],"lp":[],"rp":[]},"110":{"input":[2,3,4,6,7],"tlw":["sollte",5278],"trw":["krieger",1798],"lp":[],"rp":[]},"111":{"input":[1,2,3,4,6,7],"tlw":["wollte",8491],"trw":["klar",2511],"lp":[],"rp":[]},"112":{"input":[5,6,7],"trp":["hl",69806],"trw":["oh",1758],"lp":[],"rp":["hl","ho","lu","oh","uh","hu","ul","hon","ohn","hli","ln","uhl","ohl","hul","lin","nl","hol","hun","hlu","ion"]},"113":{"input":[1,5,6,7],"tlp":["zu",171648],"trp":["lan",36595],"tlw":["zu",106187],"trw":["hinzu",1319],"lp":["zu","ahl","zahl","azu","zun","zau","aul","anzu"],"rp":["lan","lau","hau","hal","hla","nzu","inau","hall","inzu","unz","hlan","iau"]},"114":{"input":[2,5,6,7],"tlp":["soh",2201],"trp":["kon",39622],"tlw":["sohn",1591],"trw":["john",638],"lp":["soh","sohn"],"rp":["kon","konn","ku","unk","lus","hlos","kun","koni","luss","uk","nkl","unkl","kus","klin","hos","link","kuss","luk"]},"115":{"input":[1,2,5,6,7],"tlw":["wohl",3262],"trw":["haus",3123],"lp":[],"rp":[]},"116":{"input":[3,5,6,7],"tlp":["eln",9970],"trp":["len",34944],"trw":["ohne",6453],"lp":["eln","eho","elen"],"rp":["len","llen","lein","hel","hle","ohne","hiel","hlie","leu","nel","uhe","hlen","heu","ly","hnel","nell","ohe"]},"117":{"input":[1,3,5,6,7],"tlw":["allein",3101],"trw":["luxa",831],"lp":[],"rp":[]},"118":{"input":[2,3,5,6,7],"tlw":["sollen",1705],"trw":["konnen",8192],"lp":[],"rp":[]},"119":{"input":[1,2,3,5,6,7],"tlw":["dazu",3106],"trw":["lassen",4737],"lp":[],"rp":[]},"120":{"input":[4,5,6,7],"tlp":["von",54263],"trp":["ing",35552],"tlw":["von",48992],"trw":["hob",2725],"lp":["von","bl","bli","gin","ging","bil","blu"],"rp":["ing","lb","nig","htig","hlt","hut","hob","lug","ntl","hig","onig","lut","ult"]},"121":{"input":[1,4,5,6,7],"tlw":["ganz",8095],"trw":["luft",3854],"lp":[],"rp":[]},"122":{"input":[2,4,5,6,7],"tlw":["schon",15769],"trw":["noch",31550],"lp":[],"rp":[]},"123":{"input":[1,2,4,5,6,7],"tlw":["auch",23263],"trw":["obwohl",3157],"lp":[],"rp":[]},"124":{"input":[3,4,5,6,7],"tlw":["gehen",3878],"trw":["leben",6005],"lp":[],"rp":[]},"125":{"input":[1,3,4,5,6,7],"tlw":["zur",7461],"trw":["lange",4757],"lp":[],"rp":[]},"126":{"input":[2,3,4,5,6,7],"tlw":["doch",19379],"trw":["konnte",19700],"lp":[],"rp":[]},"127":{"input":[1,2,3,4,5,6,7],"tlw":["zuruck",7484],"trw":["naturlich",3611],"lp":[],"rp":[]},"128":{"input":[8],"base":"p","baseshift":"P","trp":["pp",10101],"trw":["p",276],"lp":[],"rp":["pp"]},"129":{"input":[1,8],"base":"?","baseshift":"/","tlp":["ap",9189],"trp":["pa",25493],"trw":["papa",249],"lp":["ap","app","apa","appa"],"rp":["pa","paa","pap","papa","ppa"],"special":"punc"},"130":{"input":[2,8],"base":")","baseshift":"]","tlp":["sp",35230],"trp":["ps",471],"lp":["sp","ssp"],"rp":["ps"],"special":"punc"},"131":{"input":[1,2,8],"tlp":["spa",6529],"trp":["pas",4544],"tlw":["spa",543],"trw":["pass",277],"lp":["spa","sap","wap","wapp","aps","asp"],"rp":["pas","pass"]},"132":{"input":[3,8],"base":"'","baseshift":"\"","tlp":["ep",4107],"trp":["pe",21955],"lp":["ep","epp","eppe","e'"],"rp":["pe","ppe","pee","'e"],"special":"punc"},"133":{"input":[1,3,8],"tlp":["appe",1127],"trp":["px",233],"trw":["px",233],"lp":["appe","ape","epa","xp","exp","a'","eap"],"rp":["px"]},"134":{"input":[2,3,8],"tlp":["esp",4229],"trp":["'s",1830],"lp":["esp","spe","espe","sep","spee","s'","dsp","dspe","e's","dep","es'"],"rp":["'s","pes","peed"]},"135":{"input":[1,2,3,8],"tlp":["espa",426],"trw":["passe",61],"lp":["espa","dap"],"rp":[]},"136":{"input":[4,8],"tlp":["tp",1024],"trp":["pt",8640],"trw":["pt",821],"lp":["tp","ttp"],"rp":["pt","ppt"],"special":"bksp","base":"tp"},"137":{"input":[1,4,8],"tlp":["appt",1143],"trp":["pf",28238],"trw":["pat",81],"lp":["appt","tap","apf","tpf","attp","ttpf","fp","tapf","apt","tapp","fpa","apft","apta","ffp"],"rp":["pf","pat","pft","pfa","pta"]},"138":{"input":[2,4,8],"tlp":["tsp",820],"trp":["pts",393],"lp":["tsp","stp"],"rp":["pts","ptst","pst"]},"139":{"input":[1,2,4,8],"tlp":["spat",3485],"trp":["pac",1868],"tlw":["spat",894],"trw":["passt",223],"lp":["spat","stap","cap","tspa","fpas","capt","fsp"],"rp":["pac","pfs","pfsc","ptsa","past"]},"140":{"input":[3,4,8],"tlp":["rp",4472],"trp":["pr",23900],"tlw":["treppe",1030],"trw":["peter",275],"lp":["rp","rpe","rper","rep","trep","repp","erp","ept","t'","r'"],"rp":["pr","per","pre","pte","ppte","pet","pert","peet","pete","ptet"]},"141":{"input":[1,3,4,8],"tlp":["rpf",493],"trp":["pra",7549],"tlw":["tapfer",173],"trw":["paar",4977],"lp":["rpf","erpf","apfe","rpa","erpa","apr","rap","tape","ar'","ra'"],"rp":["pra","pfe","paar","pfte","pate","pfer","par","patr","perf","part"]},"142":{"input":[2,3,4,8],"tlp":["spr",13156],"trp":["prec",3135],"tlw":["speer",150],"trw":["presste",522],"lp":["spr","spre","rsp","espr","ersp","rspr","t's","sper","sept","tspr","resp","r's","ce'"],"rp":["prec","pers","pres","pred","perc","perd","pec"]},"143":{"input":[1,2,3,4,8],"tlw":["spater",2320],"trw":["pferd",730],"lp":[],"rp":[]},"144":{"input":[5,8],"base":"m","baseshift":"M","trp":["mm",75202],"lp":[],"rp":["mm","nm","mp","np","mn"]},"145":{"input":[1,5,8],"tlp":["am",75203],"trp":["ma",116805],"tlw":["am",13314],"trw":["man",13524],"lp":["am","amm","amp","ama","aman","anm"],"rp":["ma","man","mann","nma","nam","pan","nap","napp","pann","mma","mman","mam","mama","mna"]},"146":{"input":[2,5,8],"tlp":["sm",2006],"trp":["ms",3988],"tlw":["sms",84],"lp":["sm","ssm","sms"],"rp":["ms","mms","nsp","mj","nsm"]},"147":{"input":[1,2,5,8],"tlp":["sam",18083],"trp":["nsam",1490],"tlw":["sam",1544],"trw":["japan",53],"lp":["sam","samm","span","sma","asam","ams","ansp","sams","wam","wamm","ssam"],"rp":["nsam","mas","jam","mass","maj","mw","nspa","mja","mjan"]},"148":{"input":[3,5,8],"tlp":["em",142396],"trp":["me",172798],"tlw":["em",427],"trw":["'ne",199],"lp":["em","eme","emp","enp","enem","enpe"],"rp":["me","mme","men","nem","mmen","pen","ppen","mpe","my","mee","yp","npe","ym","mmy"]},"149":{"input":[1,3,5,8],"tlp":["ema",15399],"trp":["name",3654],"tlw":["amy",168],"trw":["namen",2293],"lp":["ema","ame","eman","amme","amen","ampe","aym","ampy","xem","eam","amy","enma","anme","emna","xeme"],"rp":["name","max","mae","may","maya"]},"150":{"input":[2,3,5,8],"tlp":["dem",54438],"trp":["mens",6613],"tlw":["dem",45085],"trw":["jedem",1143],"lp":["dem","sem","esem","emd","edem","emde","esm","djem","dm"],"rp":["mens","jem","md","mes","ndem","mde","mess","mden","mend","med","mmes"]},"151":{"input":[1,2,3,5,8],"tlw":["wem",425],"trw":["jemand",3073],"lp":[],"rp":[]},"152":{"input":[4,5,8],"tlp":["tm",2485],"trp":["mt",14056],"lp":["tm","bm"],"rp":["mt","mmt","mb","ptm","mpt"]},"153":{"input":[1,4,5,8],"tlp":["ampf",3371],"trp":["mpf",5070],"tlw":["amt",94],"trw":["matt",200],"lp":["ampf","tam","amt","fam","ammt","tamm","atm","fm","tama","tma","tman"],"rp":["mpf","mat","mpft","npf","matt","mant","mpfa","pfan","ptma"],"special":"numsym"},"154":{"input":[2,4,5,8],"tlp":["stm",109],"trp":["mst",1918],"lp":["stm","bstm"],"rp":["mst","mmst","ntsp","msc","mmsc","mc","nstm"]},"155":{"input":[1,2,4,5,8],"tlw":["stamm",309],"trw":["mats",101],"lp":[],"rp":[]},"156":{"input":[3,4,5,8],"tlp":["rm",24866],"trp":["mer",37720],"tlw":["typ",417],"trw":["mr",1767],"lp":["rm","rem","rme","tem","erm","emer","bem","beme","rmen","teme"],"rp":["mer","mmer","mte","ment","mmte","mr","met","mete","mbe","mert"]},"157":{"input":[1,3,4,5,8],"tlw":["arm",2393],"trw":["manner",2823],"lp":[],"rp":[]},"158":{"input":[2,3,4,5,8],"tlw":["erdem",1712],"trw":["mrs",981],"lp":[],"rp":[]},"159":{"input":[1,2,3,4,5,8],"tlw":["warme",548],"trw":["mandred",237],"lp":[],"rp":[]},"160":{"input":[6,8],"base":"!","baseshift":"!","trp":["pi",11374],"lp":[],"rp":["pi","ip","ipp","ppi"],"special":"punc"},"161":{"input":[1,6,8],"tlp":["api",2458],"trp":["papi",842],"trw":["pia",152],"lp":["api","aip","zip","zp","zap","zapp"],"rp":["papi","paz","pazi","pia","piz","pizz"]},"162":{"input":[2,6,8],"tlp":["spi",7019],"trp":["isp",965],"lp":["spi"],"rp":["isp","ispi","pis","kp","kip","kipp","ksp","kspi","ips"]},"163":{"input":[1,2,6,8],"tlp":["spaz",195],"trp":["kap",1913],"lp":["spaz","zsp","zspi","wisp","szip","szap"],"rp":["kap","kapi","kapp"]},"164":{"input":[3,6,8],"tlp":["eppi",167],"trp":["pie",5917],"lp":["eppi","eip"],"rp":["pie","ippe","pei","peie","ie'","ipe"]},"165":{"input":[1,3,6,8],"tlp":["apie",1000],"trp":["'z",210],"lp":["apie","zep","a'z","a'za","z'"],"rp":["'z","'za"]},"166":{"input":[2,3,6,8],"tlp":["spie",4741],"trp":["pek",382],"tlw":["spie",186],"lp":["spie","eisp","spek","spei","espi","skep","disp","sie'"],"rp":["pek","peis","kep","ispe","is'","ie's","idep","k'","k'e"]},"167":{"input":[1,2,3,6,8],"trw":["kappe",55],"lp":[],"rp":[]},"168":{"input":[4,6,8],"tlp":["tip",377],"trp":["pit",3051],"tlw":["tippt",50],"lp":["tip","tipp"],"rp":["pit","pti","ippt","itp","ipt","piv"]},"169":{"input":[1,4,6,8],"tlp":["apit",1458],"trp":["pitz",1593],"trw":["pfiff",129],"lp":["apit","zpf","tzp","zapf"],"rp":["pitz","pfi","pita","pati","ipf","ptai","pfif","pav","pavi","patz"]},"170":{"input":[2,4,6,8],"tlp":["spit",1593],"trp":["pist",286],"lp":["spit","cksp"],"rp":["pist","pisc","pic","ppic","ptis","ktp"]},"171":{"input":[1,2,4,6,8],"tlw":["spitz",113],"trw":["packt",105],"lp":[],"rp":[]},"172":{"input":[3,4,6,8],"tlp":["rip",838],"trp":["pri",3830],"tlw":["tippte",195],"lp":["rip","epti","ripr","verp","eitp","ripp","epri","ript"],"rp":["pri","pier","pite","prie","ipr","ipre","prei","ptie","peit","pir","prit","peti"]},"173":{"input":[1,3,4,6,8],"tlw":["appetit",109],"trw":["papier",621],"lp":[],"rp":[]},"174":{"input":[2,3,4,6,8],"tlw":["ripred",581],"trw":["preis",373],"lp":[],"rp":[]},"175":{"input":[1,2,3,4,6,8],"tlw":["spitze",616],"trw":["passiert",1606],"lp":[],"rp":[]},"176":{"input":[5,6,8],"trp":["mi",156924],"trw":["im",27050],"lp":[],"rp":["mi","im","hm","imm","ihm","inm","min","ph","him","himm","phi","hmi","nim","nimm","imn","mni","imni","mh","pin","nmi"]},"177":{"input":[1,5,6,8],"tlp":["ami",10941],"trp":["inma",7220],"tlw":["ahm",221],"trw":["nahm",4064],"lp":["ami","ahm","zim","zimm","aph","aphi"],"rp":["inma","nahm","hma","mia","mah","ham","ima","mani","pha","hnap","iam","pani","hamm","mz"]},"178":{"input":[2,5,6,8],"tlp":["sim",1838],"trp":["mis",4451],"tlw":["sims",60],"trw":["miss",415],"lp":["sim","sph","spin","smi"],"rp":["mis","miss","mk","mnis","imms","imk","mik","jim","jimm","ims","mij","mmis","nspi","hms","issm","mmk"]},"179":{"input":[1,2,5,6,8],"tlw":["asami",402],"trw":["kam",6230],"lp":[],"rp":[]},"180":{"input":[3,5,6,8],"tlp":["einm",7220],"trp":["mei",39849],"tlw":["einem",21852],"trw":["meine",11395],"lp":["einm","eim","ehm","ehme","emei","emi"],"rp":["mei","mein","inem","imme","meh","hme","iem","nehm","niem","hmen","heim","mie","hem","mien"]},"181":{"input":[1,3,5,6,8],"tlw":["annehmen",189],"trw":["nahmen",491],"lp":[],"rp":[]},"182":{"input":[2,3,5,6,8],"tlw":["seinem",7860],"trw":["meines",844],"lp":[],"rp":[]},"183":{"input":[1,2,3,5,6,8],"tlw":["damien",281],"trw":["niemand",3087],"lp":[],"rp":[]},"184":{"input":[4,5,6,8],"tlp":["tim",12361],"trp":["mit",82241],"tlw":["tim",137],"trw":["mit",65945],"lp":["tim","timm","thm","thim"],"rp":["mit","mitt","immt","htm","nmit","hmit","hmt","ptim","mith","mitn","mitb","ntim","htip","itm","hitm","htp"]},"185":{"input":[1,4,5,6,8],"tlw":["tamani",796],"trw":["mattia",102],"lp":[],"rp":[]},"186":{"input":[2,4,5,6,8],"tlw":["stimmt",967],"trw":["mich",27002],"lp":[],"rp":[]},"187":{"input":[1,2,4,5,6,8],"tlw":["wachmann",161],"trw":["macht",2965],"lp":[],"rp":[]},"188":{"input":[3,4,5,6,8],"tlw":["beim",2845],"trw":["mir",28421],"lp":[],"rp":[]},"189":{"input":[1,3,4,5,6,8],"tlw":["zimmer",2340],"trw":["prinz",511],"lp":[],"rp":[]},"190":{"input":[2,3,4,5,6,8],"tlw":["stimme",5685],"trw":["menschen",4046],"lp":[],"rp":[]},"191":{"input":[1,2,3,4,5,6,8],"tlw":["damit",7217],"trw":["machte",4587],"lp":[],"rp":[]},"192":{"input":[7,8],"base":";","baseshift":":","trp":["op",16041],"lp":[],"rp":["op","po","opp"],"special":"punc"},"193":{"input":[1,7,8],"tlp":["apo",54],"trp":["opa",519],"lp":["apo"],"rp":["opa"]},"194":{"input":[2,7,8],"tlp":["spo",569],"trp":["pos",794],"lp":["spo","sop"],"rp":["pos","osp","pso","ops"]},"195":{"input":[1,2,7,8],"lp":[],"rp":[]},"196":{"input":[3,7,8],"tlp":["eop",243],"trp":["oppe",220],"lp":["eop","epo"],"rp":["oppe","-p","ope"]},"197":{"input":[1,3,7,8],"tlp":["eopa",185],"lp":["eopa","xpo","expo"],"rp":[]},"198":{"input":[2,3,7,8],"tlp":["dop",158],"trp":["odsp",102],"lp":["dop","dopp"],"rp":["odsp","pose"]},"199":{"input":[1,2,3,7,8],"lp":[],"rp":[]},"200":{"input":[4,7,8],"tlp":["top",1390],"trp":["pot",525],"lp":["top","topp","tpo"],"rp":["pot","pott","pto","ptop"]},"201":{"input":[1,4,7,8],"tlp":["tpfo",466],"trp":["opf",13450],"tlw":["topf",130],"lp":["tpfo","topf","apto"],"rp":["opf","pfo","pfot","opft","pag","pagg"]},"202":{"input":[2,4,7,8],"tlp":["stop",653],"trp":["post",447],"tlw":["spott",92],"trw":["post",110],"lp":["stop","spot","tpos"],"rp":["post","poc"]},"203":{"input":[1,2,4,7,8],"lp":[],"rp":[]},"204":{"input":[3,4,7,8],"tlp":["rop",949],"trp":["pro",5714],"tlw":["reporter",63],"trw":["potter",173],"lp":["rop","gep","trop","gepr","g'","repo","epor","geop","tpro"],"rp":["pro","orp","orpe","por","port","-top","prot","prop","prog","pero","perg"]},"205":{"input":[1,3,4,7,8],"tlw":["tropfte",104],"trw":["pfote",449],"lp":[],"rp":[]},"206":{"input":[2,3,4,7,8],"tlw":["gepresst",119],"trw":["perdor",186],"lp":[],"rp":[]},"207":{"input":[1,2,3,4,7,8],"tlw":["stopfte",111],"trw":["professor",480],"lp":[],"rp":[]},"208":{"input":[5,7,8],"trp":["um",81208],"trw":["um",30478],"lp":[],"rp":["um","mu","om","mo","omm","pu","up","mon","mom","umm","mun","nom","nomm","upp","pun","ump","unm","omp","nmo","unmo"]},"209":{"input":[1,5,7,8],"tlp":["aum",11931],"trp":["mau",2979],"trw":["mona",273],"lp":["aum","aup","amo","amon","amu","apu","ammo","aom","anmu"],"rp":["mau","pau","mona","oma","uma","omma","manu","naom","oman","pua","mano"]},"210":{"input":[2,5,7,8],"tlp":["spu",5447],"trp":["mus",23962],"trw":["muss",5445],"lp":["spu","som","sum","somm","summ","sup","smu","supp"],"rp":["mus","muss","ums","usp","mons","omms","mso","umso","mos","usm","moos","ussp"]},"211":{"input":[1,2,5,7,8],"tlw":["amos",143],"trw":["maus",230],"lp":[],"rp":[]},"212":{"input":[3,5,7,8],"tlp":["enom",2575],"trp":["omme",15487],"trw":["neuem",121],"lp":["enom","emu","empo","emo","emon","epu","eum"],"rp":["omme","ome","omen","mome","ume","umme","umen","uppe","umpe","omy","uem","mone","pony"]},"213":{"input":[1,3,5,7,8],"lp":[],"rp":[]},"214":{"input":[2,3,5,7,8],"tlw":["dumm",400],"trw":["mussen",4744],"lp":[],"rp":[]},"215":{"input":[1,2,3,5,7,8],"tlw":["damon",348],"trw":["pause",441],"lp":[],"rp":[]},"216":{"input":[4,5,7,8],"tlp":["tum",1365],"trp":["mut",9353],"tlw":["tom",616],"trw":["mut",548],"lp":["tum","tom","tumm","ttom"],"rp":["mut","mutt","mog","upt","ommt","mg","umg","omb","ummt","mung","nmog","mot","umb","umt","put","mott"]},"217":{"input":[1,4,5,7,8],"tlw":["baum",788],"trw":["mag",837],"lp":[],"rp":[]},"218":{"input":[2,4,5,7,8],"tlw":["stumm",329],"trw":["musst",1824],"lp":[],"rp":[]},"219":{"input":[1,2,4,5,7,8],"tlw":["anspannung",163],"trw":["magnus",226],"lp":[],"rp":[]},"220":{"input":[3,4,5,7,8],"tlw":["genommen",1020],"trw":["mutter",5624],"lp":[],"rp":[]},"221":{"input":[1,3,4,5,7,8],"tlw":["raum",1894],"trw":["magen",753],"lp":[],"rp":[]},"222":{"input":[2,3,4,5,7,8],"tlw":["spurte",2360],"trw":["musste",7028],"lp":[],"rp":[]},"223":{"input":[1,2,3,4,5,7,8],"tlw":["warum",5314],"trw":["umstanden",254],"lp":[],"rp":[]},"224":{"input":[6,7,8],"trp":["pl",9042],"lp":[],"rp":["pl","plo","lip","lipp","pol","poli","lop","lp","ilip","olp","pil","pli","pio","pilo","ipl","ipli","pill","opi","poll","ppl"]},"225":{"input":[1,6,7,8],"tlp":["zop",139],"trp":["pla",4483],"tlw":["apollo",54],"trw":["opal",202],"lp":["zop","zipl","apol","appl"],"rp":["pla","pal","lap","lapp","pala","opal","pliz","pilz","pila","ppla"]},"226":{"input":[2,6,7,8],"tlp":["spio",245],"trp":["kop",10195],"trw":["klops",60],"lp":["spio","spl","spli"],"rp":["kop","klop","posi","klip","kpl","ispl","plos","lops","kopi"]},"227":{"input":[1,2,6,7,8],"trw":["klaps",56],"lp":[],"rp":[]},"228":{"input":[3,6,7,8],"tlp":["elp",361],"trp":["piel",3820],"trw":["lippe",146],"lp":["elp","epl"],"rp":["piel","pel","lpe","olpe","ppel","leop","ple","lep","lepp","-pi","-pie","l'","ll'","oll'","pell","'el","lpel","opie"]},"229":{"input":[1,3,6,7,8],"trw":["pelz",894],"lp":[],"rp":[]},"230":{"input":[2,3,6,7,8],"tlw":["spiel",618],"trw":["klippe",159],"lp":[],"rp":[]},"231":{"input":[1,2,3,6,7,8],"tlw":["speisesaal",104],"trw":["klappe",167],"lp":[],"rp":[]},"232":{"input":[4,6,7,8],"tlp":["tolp",465],"trp":["plot",3683],"trw":["pilot",82],"lp":["tolp","gip","tpl"],"rp":["plot","pito","pig","ppig","plit"]},"233":{"input":[1,4,6,7,8],"tlw":["zopf",91],"trw":["platz",1840],"lp":[],"rp":[]},"234":{"input":[2,4,6,7,8],"trw":["politik",180],"lp":[],"rp":[]},"235":{"input":[1,2,4,6,7,8],"tlw":["spalt",238],"trw":["kopf",9064],"lp":[],"rp":[]},"236":{"input":[3,4,6,7,8],"trw":["prior",72],"lp":[],"rp":[]},"237":{"input":[1,3,4,6,7,8],"tlw":["rappelte",154],"trw":["pfeil",312],"lp":[],"rp":[]},"238":{"input":[2,3,4,6,7,8],"tlw":["spielte",526],"trw":["korper",2392],"lp":[],"rp":[]},"239":{"input":[1,2,3,4,6,7,8],"tlw":["distelpfote",300],"trw":["kapitel",832],"lp":[],"rp":[]},"240":{"input":[5,6,7,8],"trp":["ml",4691],"trw":["philip",527],"lp":[],"rp":["ml","mli","mil","lm","lim","muh","imo","limm","mili","imon","hlim","minu","oph","umi","umin","hop","hmu","lum","llm","phil"],"special":"enter"},"241":{"input":[1,5,6,7,8],"tlw":["zum",13031],"trw":["mal",9722],"lp":[],"rp":[]},"242":{"input":[2,5,6,7,8],"tlw":["simon",1611],"trw":["komm",1435],"lp":[],"rp":[]},"243":{"input":[1,2,5,6,7,8],"tlw":["william",287],"trw":["kaum",3695],"lp":[],"rp":[]},"244":{"input":[3,5,6,7,8],"trw":["himmel",2108],"lp":[],"rp":[]},"245":{"input":[1,3,5,6,7,8],"tlw":["einmal",7220],"trw":["plane",315],"lp":[],"rp":[]},"246":{"input":[2,3,5,6,7,8],"tlw":["spielen",619],"trw":["kommen",3154],"lp":[],"rp":[]},"247":{"input":[1,2,3,5,6,7,8],"tlw":["zusammen",3969],"trw":["niemals",1641],"lp":[],"rp":[]},"248":{"input":[4,5,6,7,8],"tlw":["vom",5596],"trw":["html",387],"lp":[],"rp":[]},"249":{"input":[1,4,5,6,7,8],"tlw":["film",198],"trw":["umhang",262],"lp":[],"rp":[]},"250":{"input":[2,4,5,6,7,8],"tlw":["schlimm",464],"trw":["kommt",2302],"lp":[],"rp":[]},"251":{"input":[1,2,4,5,6,7,8],"tlw":["allmahlich",712],"trw":["plotzlich",3426],"lp":[],"rp":[]},"252":{"input":[3,4,5,6,7,8],"tlw":["gemeint",376],"trw":["herum",2872],"lp":[],"rp":[]},"253":{"input":[1,3,4,5,6,7,8],"tlw":["familie",1680],"trw":["uberhaupt",2569],"lp":[],"rp":[]},"254":{"input":[2,3,4,5,6,7,8],"tlw":["gekommen",2443],"trw":["mochte",2710],"lp":[],"rp":[]},"255":{"input":[1,2,3,4,5,6,7,8],"tlw":["gemacht",2597],"lp":[],"rp":[]}}