{"0":{"value":0,"notes":["Developer : Zack Dennis (zack@asetniop.com)","Date : 12/12/2014","All code (c) 2014 Pointesa, LLC all rights reserved","Abbreviations :    ","tlp = top left partial","lp = left partials","trp = top right partial","rp = right partials","tlw = top left word","lw = left words","trw = top right word","rw = right words"]},"1":{"input":[1],"base":"a","baseshift":"A","tlp":["aa",410],"tlw":["a",211837],"lp":["aa"],"rp":[]},"2":{"input":[2],"base":"r","baseshift":"R","tlp":["rr",29445],"tlw":["r",211],"lp":["rr"],"rp":[]},"3":{"input":[1,2],"base":"w","baseshift":"W","tlp":["ar",265629],"tlw":["war",4160],"lp":["ar","wa","ra","aw","war","arr","wr","awa","ara","rw","raw","rar","rwa","rra","rwar","arra","awar","wra","warr","ww"],"rp":[]},"4":{"input":[3],"base":"s","baseshift":"S","tlp":["ss",89478],"tlw":["s",2993],"lp":["ss"],"rp":[]},"5":{"input":[1,3],"base":"x","baseshift":"X","tlp":["as",286499],"tlw":["as",63759],"lp":["as","sa","ass","xa","ssa","ax","assa","asa","sas","saa","xas","ssas","sass","sax"],"rp":[]},"6":{"input":[2,3],"base":"f","baseshift":"F","tlp":["rs",105128],"tlw":["f",277],"lp":["rs","fr","ff","rf","sf","ssf","fs","sr","ssr","ffr","ffs"],"rp":[]},"7":{"input":[1,2,3],"tlp":["was",117615],"tlw":["was",112330],"lp":["was","fa","af","ars","ws","sw","far","fra","saw","aff","ras","fas","sar","rsa","ssar","saf","afr","aws","raf","rass"],"rp":[]},"8":{"input":[4],"base":"t","baseshift":"T","tlp":["tt",55910],"tlw":["t",670],"lp":["tt"],"rp":[]},"9":{"input":[1,4],"base":"p","baseshift":"P","tlp":["at",371419],"tlw":["at",51085],"lp":["at","ta","pa","ap","pp","app","pt","att","tat","pat","apt","apa","tta","atta","pap","pta","apta","patt","ppa","appa"],"rp":[]},"10":{"input":[2,4],"base":"c","baseshift":"C","tlp":["rt",81050],"tlw":["c",872],"lp":["rt","tr","ct","cr","rc","cc","tc","ttr","ctr","rtr","rcr","rct"],"rp":[]},"11":{"input":[1,2,4],"tlp":["ca",118675],"tlw":["part",4589],"lp":["ca","ac","pr","art","par","act","tra","tw","rat","car","part","tar","rac","rta","cat","acc","rp","wat","ract","atc"],"rp":[]},"12":{"input":[3,4],"base":"d","baseshift":"D","tlp":["st",260669],"tlw":["st",798],"lp":["st","ts","ds","dd","sts","sd","dds","dst","tst","tts"],"rp":[]},"13":{"input":[1,3,4],"tlp":["ad",140314],"tlw":["past",2353],"lp":["ad","da","sta","sp","ast","xp","ps","xt","pas","stat","sat","pass","add","spa","aps","dat","tas","past","ads","ats"],"rp":[]},"14":{"input":[2,3,4],"tlp":["rd",48242],"tlw":["dr",852],"lp":["rd","ft","dr","sc","str","rst","rds","rts","scr","cts","cs","tf","ddr","df","fts","cd","dsc","rsd","cst","fc"],"rp":[]},"15":{"input":[1,2,3,4],"tlp":["ard",26043],"tlw":["fact",3233],"lp":["ard","aft","fac","ward","star","stra","cas","fat","rad","fact","xc","dar","dra","sca","ards","rsta","draw","xtr","spr","fast"],"rp":[]},"16":{"input":[5],"base":"n","baseshift":"N","trp":["nn",20957],"trw":["n",169],"lp":[],"rp":["nn"]},"17":{"input":[1,5],"base":"j","baseshift":"J","tlp":["an",578917],"trp":["na",51349],"tlw":["an",29559],"trw":["j",365],"lp":["an","ann","ana","aj","anna","aan"],"rp":["na","ja","nan","nj","nna","jan","nann"]},"18":{"input":[2,5],"base":"k","baseshift":"K","tlp":["rn",39425],"trp":["kn",27363],"trw":["k",182],"lp":["rn","rk","rkn"],"rp":["kn","nk","nr","nkn","kr","nkr"]},"19":{"input":[1,2,5],"tlp":["ak",39732],"trp":["ka",3991],"tlw":["ran",1611],"trw":["jr",190],"lp":["ak","wn","ran","wan","ark","ank","arn","rna","rank","rran","awn","aran","wak","warn","rawn","rka"],"rp":["ka","nar","nw","narr"]},"20":{"input":[3,5],"base":"m","baseshift":"M","tlp":["sm",13242],"trp":["ns",85305],"trw":["m",1273],"lp":["sm","sn","ssm"],"rp":["ns","ms","mm","nm","mn","nsm","nns","mns","mms"]},"21":{"input":[1,3,5],"tlp":["am",72035],"trp":["ma",137500],"tlw":["am",4235],"trw":["man",9572],"lp":["am","ans","sam","san","sma","asn","xam","ama","ams","xan"],"rp":["ma","man","nam","mas","mana","mma","mann","mman","maj","mass"]},"22":{"input":[2,3,5],"tlp":["rm",33028],"trp":["ks",14097],"trw":["mr",4133],"lp":["rm","sk","rms","rns","rks","rnm","sks","rkf","rkm"],"rp":["ks","nf","mr","mrs","nks","mf","kf","nsf","km","nfr","msf"]},"23":{"input":[1,2,3,5],"tlp":["ask",11409],"trp":["mar",15017],"tlw":["ask",2497],"trw":["mark",882],"lp":["ask","rma","arm","fam","rman","answ","wasn","ram","fran","fan","rans","arms","anks","warm","asks"],"rp":["mar","mak","mark","nsw","marr"]},"24":{"input":[4,5],"base":"b","baseshift":"B","tlp":["bt",3003],"trp":["nt",218499],"tlw":["b",695],"lp":["bt","tn","bb","tb"],"rp":["nt","nb"]},"25":{"input":[1,4,5],"tlp":["ab",55519],"trp":["nat",11510],"tlw":["pan",150],"trw":["japan",279],"lp":["ab","ba","ant","tan","pan","tant","tab","ban","bab","bj","bat","batt","anta","apan","abb"],"rp":["nat","nta","nab","jap","japa"]},"26":{"input":[2,4,5],"tlp":["ck",51278],"trp":["nc",79565],"tlw":["bc",95],"lp":["ck","br","rb","rtn","ckn","rnt","bc","tk","ckb","tbr","ckt","cn","cb"],"rp":["nc","ntr","ncr","nct","kt","kb"]},"27":{"input":[1,2,4,5],"tlp":["can",27607],"trp":["ntra",2857],"tlw":["can",15149],"trw":["jack",1623],"lp":["can","ack","anc","tak","bac","back","want","bra","ranc","tanc","tran","bar","rtan","rab","cann","rant","tack"],"rp":["ntra","jac","jack"]},"28":{"input":[3,4,5],"tlp":["dn",14682],"trp":["nd",415919],"trw":["nd",119],"lp":["dn","bs","tm","dm","sb","stm","bst","db","bm","bts"],"rp":["nd","mb","nts","nds","nst","mst","ntm","mbs","ndm","ndn"]},"29":{"input":[1,3,4,5],"tlp":["and",307129],"trp":["mp",43386],"tlw":["and",266855],"trw":["mad",373],"lp":["and","stan","tand","ands","amp","dan","bas","ants","band","bad"],"rp":["mp","mat","mad","mpa","mpan","nda","matt","mpt","mand","nsta"]},"30":{"input":[2,3,4,5],"tlp":["cks",2772],"trp":["ndr",3159],"tlw":["cbs",76],"trw":["kd",65],"lp":["cks","rtm","ckm","rnst","fb","rmt","rdb","dk","bstr"],"rp":["ndr","nstr","nsc","mbr","ndf","mc","mcd","ndsc","mcc","ndk","ncts"]},"31":{"input":[1,2,3,4,5],"tlw":["dark",1865],"lp":[],"rp":[]},"32":{"input":[6],"base":"e","baseshift":"E","trp":["ee",129154],"trw":["e",471],"lp":[],"rp":["ee"]},"33":{"input":[1,6],"base":"q","baseshift":"Q","tlp":["ae",810],"trp":["ea",216643],"tlw":["q",103],"lp":["ae","aq"],"rp":["ea","eq","eea"]},"34":{"input":[2,6],"base":"z","baseshift":"Z","tlp":["re",464927],"trp":["er",558051],"tlw":["re",63],"trw":["er",80],"lp":["re","ree","ze","rre","reer","zz","rer","zer","reez"],"rp":["er","ere","err","eer","erre","ez","eez","eze","eeze","eere","erer"]},"35":{"input":[1,2,6],"tlp":["we",135334],"trp":["ear",54836],"tlw":["were",34909],"trw":["ear",427],"lp":["we","rea","are","wer","were","wee","wea","rew","az","req","za","wear","ware","area"],"rp":["ear","ew","era","eare","erw","ewe"]},"36":{"input":[3,6],"base":",","baseshift":"<","tlp":["se",231764],"trp":["es",259811],"tlw":["see",9997],"lp":["se","see","sse","ses","sses","sess","sees"],"rp":["es","ess","ese","esse","ees","eese"],"special":"punc"},"37":{"input":[1,3,6],"tlp":["ase",11581],"trp":["ex",43940],"tlw":["sea",1374],"trw":["ease",378],"lp":["ase","sea","asse","xe","sq","ases","sex","seq","seas","axe","xes"],"rp":["ex","eas","exa","ease","essa","exe","esea","easa","exas"]},"38":{"input":[2,3,6],"tlp":["fe",67683],"trp":["ers",54211],"tlw":["free",1788],"lp":["fe","res","ffe","rse","ser","fer","fee","ress","ffer","fere","rese","fre","ref"],"rp":["ers","ef","erf","eff","erse","efe","eres"]},"39":{"input":[1,2,3,6],"tlp":["reas",7091],"trp":["ears",10248],"tlw":["few",5711],"trw":["ears",565],"lp":["reas","few","swe","fea","swer","fear","sear","wes","afe","wers","safe","aref","affe","werf","swee","xer"],"rp":["ears","ews","ersa","exer"]},"40":{"input":[4,6],"base":"v","baseshift":"V","tlp":["te",259049],"trp":["et",117117],"tlw":["tv",551],"trw":["et",324],"lp":["te","ve","tte","tee","tev","teve","teet","tv","vet","ttee"],"rp":["et","ev","eve","ett","eet","ette","ete","etee","eev","eeve"]},"41":{"input":[1,4,6],"tlp":["pe",115056],"trp":["ep",39298],"tlw":["tea",508],"trw":["eat",1112],"lp":["pe","av","ate","ave","va","ppe","pea","atte","appe","tea","tate","ape","ppea"],"rp":["ep","eat","eep","ept","eate","eav","epa"]},"42":{"input":[2,4,6],"tlp":["ce",144944],"trp":["ec",91763],"tlw":["tree",670],"trw":["ever",4714],"lp":["ce","ver","ter","rec","tter","cre","rv","tre","ret","cer","rce","cte","rte","cce"],"rp":["ec","ever","ect","erv","ert","ece"]},"43":{"input":[1,2,4,6],"tlp":["per",37369],"trp":["eca",14464],"tlw":["water",2519],"lp":["per","pre","ace","reat","pec","rep","ater","twe","rate","crea","pect","care","pare","twee","cep"],"rp":["eca","eac","etw","erat","etwe"]},"44":{"input":[3,4,6],"tlp":["de",167797],"trp":["ed",326541],"tlw":["set",3472],"trw":["ed",253],"lp":["de","ted","ste","sed","ded","des","ved","ves","tes","ssed","set","sted","dde","sev","seve","dee","dv"],"rp":["ed","est","eed"]},"45":{"input":[1,3,4,6],"tlp":["spe",18659],"trp":["ead",29380],"tlw":["state",2221],"trw":["east",920],"lp":["spe","ade","dea","ated","xpe","ped","pped","ates","aste","dep","adv","stea","step"],"rp":["ead","exp","expe","ext","esp","east","espe"]},"46":{"input":[2,3,4,6],"tlp":["red",36139],"trp":["ered",12958],"tlw":["street",2374],"trw":["effect",1185],"lp":["red","der","fte","ces","fter","dre","ced","ster","rest","sec","rde","cess","serv","ders","dec","cted","stre","ters","rder"],"rp":["ered"]},"47":{"input":[1,2,3,4,6],"tlw":["after",12071],"trw":["except",1180],"lp":[],"rp":[]},"48":{"input":[5,6],"base":"h","baseshift":"H","trp":["he",1036192],"trw":["he",92135],"lp":[],"rp":["he","en","ne","hen","een","ene","nee","nne","eh","hn","hee","enn","nh","nen","enne","hene","ehe","nhe","ehen","enh"]},"49":{"input":[1,5,6],"tlp":["ane",5091],"trp":["ha",357027],"tlw":["anne",519],"trw":["jane",336],"lp":["ane","ah","anne","ahe","ahea"],"rp":["ha","han","hea","ean","je","nea","ena","eha","enj","jea","nha","eah","eane","jean","nq"]},"50":{"input":[2,5,6],"tlp":["ren",22668],"trp":["her",160213],"tlw":["zen",79],"trw":["her",47940],"lp":["ren","rne","rke","rh"],"rp":["her","ke","here","hr","ner","ern","hre","eren","kne","ek","eek","ener","ken","hree","kee","nner"]},"51":{"input":[1,2,5,6],"tlp":["wh",148489],"trp":["new",18090],"tlw":["when",27718],"trw":["new",10172],"lp":["wh","whe","wha","when","ake","wher","wen","ween","aren","week","arke","aken"],"rp":["new","har","hear","eak","knew","earn","nera","near"]},"52":{"input":[3,5,6],"tlp":["sh",119750],"trp":["me",235102],"tlw":["she",45928],"trw":["me",30278],"lp":["sh","she","sen","seem"],"rp":["me","em","men","hem","nes","eme","hes","mes","ens","ness","hese","eem","nse","mse","mem","emen"]},"53":{"input":[1,3,5,6],"tlp":["ame",34012],"trp":["has",13193],"tlw":["same",6718],"trw":["has",11125],"lp":["ame","sha","same","ash","ames","anes","sham"],"rp":["has","mea","mean","ema","name","eam","nex","exam","ham","eman","eans","exan","hame"]},"54":{"input":[2,3,5,6],"tlp":["rem",11660],"trp":["mer",13928],"tlw":["fresh",618],"trw":["mere",523],"lp":["rem","ske","reme","rme","fren","fen","rsh","rmer","rnme"],"rp":["mer","hers","erm","kes","eks","eeks","ners","mmer","ernm","efen","mere"]},"55":{"input":[1,2,3,5,6],"tlw":["answer",1929],"trw":["make",9390],"lp":[],"rp":[]},"56":{"input":[4,5,6],"tlp":["th",1104883],"trp":["ent",104826],"tlw":["the",506536],"trw":["even",12216],"lp":["th","the","be","ven","ten","bee","been","then","bet","tten"],"rp":["ent","ht","nte","even","eth","nev","nv","neve","ethe","ente"]},"57":{"input":[1,4,5,6],"tlp":["tha",132122],"trp":["hat",148416],"tlw":["that",110865],"trw":["have",35739],"lp":["tha","that","ath","pen","than","ph","athe","bea","ante","ppen","van","pene","bje"],"rp":["hat","hav","have","hap","happ","eath","enta"]},"58":{"input":[2,4,5,6],"tlp":["ch",138742],"trp":["nce",54473],"tlw":["there",23867],"trw":["never",9168],"lp":["ch","ther","thr","bec","che","ber","tch","cen","rth","rent","cent","thre","rch","cke","bre"],"rp":["nce","enc","ence","nter","nch"]},"59":{"input":[1,2,4,5,6],"tlw":["what",26770],"trw":["each",6050],"lp":[],"rp":[]},"60":{"input":[3,4,5,6],"tlp":["them",24753],"trp":["ned",28030],"tlw":["them",21593],"trw":["need",4397],"lp":["them","den","thes","dent","tem","sent"],"rp":["ned","ment","nde","end","med","hed","met","ents","mbe","nted","emb","meth","need","nded"]},"61":{"input":[1,3,4,5,6],"tlw":["death",2323],"trw":["had",63389],"lp":[],"rp":[]},"62":{"input":[2,3,4,5,6],"tlw":["remember",2277],"trw":["members",1108],"lp":[],"rp":[]},"63":{"input":[1,2,3,4,5,6],"tlw":["came",6889],"trw":["heard",3016],"lp":[],"rp":[]},"64":{"input":[7],"base":"i","baseshift":"I","trp":["ii",1762],"trw":["i",117501],"lp":[],"rp":["ii","iii"]},"65":{"input":[1,7],"base":"(","baseshift":"[","tlp":["ai",104869],"trp":["ia",38456],"lp":["ai"],"rp":["ia","iai"],"special":"punc"},"66":{"input":[2,7],"base":".","baseshift":">","tlp":["ri",146328],"trp":["ir",91496],"lp":["ri","rri"],"rp":["ir","iri","irr","irri"],"special":"punc"},"67":{"input":[1,2,7],"tlp":["wi",119378],"trp":["ira",1826],"tlw":["air",2428],"trw":["ira",59],"lp":["wi","rai","air","ari","arri","ria","wri","wai","rria","aria","rwi","awi","rawi","wir","rari","awai","rrai","arwi"],"rp":["ira","iar"]},"68":{"input":[3,7],"base":"-","baseshift":"_","tlp":["si",120170],"trp":["is",263616],"trw":["is",60295],"lp":["si","ssi","sis","ssis","siss"],"rp":["is","isi","iss","issi","-s","isis","-si","-i"],"special":"punc"},"69":{"input":[1,3,7],"tlp":["sai",25354],"trp":["ix",4876],"tlw":["six",1928],"trw":["ix",80],"lp":["sai","asi","assi","xi","six","ais","sia","xis","ssia","asis","sias","asia","axi","aisi"],"rp":["ix","isa","ias","isas","isaa","issa"]},"70":{"input":[2,3,7],"tlp":["fi",67126],"trp":["if",58122],"tlw":["sir",1984],"trw":["if",25154],"lp":["fi","fir","ris","firs","ffi","fri","sir","rsi","fif","rif","risi","fis","rifi"],"rp":["if","irs","iff","ifi","iffi","isf","-f"]},"71":{"input":[1,2,3,7],"tlp":["fai",5226],"trp":["isfa",500],"tlw":["fair",842],"lp":["fai","wis","wif","aris","fair","rais","airs","swi","frai","fix","ffai","rwis","sari","afri","affi","rsia","swif","wais","fia"],"rp":["isfa"]},"72":{"input":[4,7],"base":"g","baseshift":"G","tlp":["ti",213739],"trp":["it",311028],"tlw":["g",298],"trw":["it",92474],"lp":["ti","gi","tti","gg","tit","gt","tig","titi","ttit","ggi","git","gig","tg"],"rp":["it","ig","iti","itt","igi","itti","igg"]},"73":{"input":[1,4,7],"tlp":["ag",47829],"trp":["ip",16613],"tlw":["tip",221],"lp":["ag","ati","ga","pi","tai","aga","gai","agai","pai","ait","tia","tati","pti","agi","pit","ppi","gat"],"rp":["ip","ita","iat"]},"74":{"input":[2,4,7],"tlp":["ci",45417],"trp":["ic",118179],"tlw":["critic",79],"lp":["ci","gr","cti","tic","rg","rit","ric","tri","rig","rti","cri","cit","gir","riti","rtic","tir"],"rp":["ic","ici","ict","irt"]},"75":{"input":[1,2,4,7],"tlp":["wit",77056],"trp":["ica",19163],"tlw":["wait",1256],"lp":["wit","pri","gra","cia","acti","arg","rati","arti","rica","trai","pic","rtai","writ","gar","rag","wait","tica","cati"],"rp":["ica","icat"]},"76":{"input":[3,4,7],"tlp":["di",96016],"trp":["id",100069],"tlw":["did",12252],"trw":["its",10155],"lp":["di","sti","did","sid","gs","sit","dis","sig","dg","sist","dit","tis","siti","dist","diti"],"rp":["id","ist","its","isti","idd"]},"77":{"input":[1,3,4,7],"tlp":["aid",27860],"trp":["ista",3836],"tlw":["said",23960],"trw":["ida",198],"lp":["aid","said","spi","adi","dia","sati","spit","xist","diat","disa","sag","ssag","stai","atis","disp"],"rp":["ista","ips","isp","ida","isap"]},"78":{"input":[2,3,4,7],"tlp":["fic",12500],"trp":["irst",11403],"tlw":["first",11244],"lp":["fic","ffic","dif","diff","sic","dri","fig","sci","dir","disc","dic","cis","rid","tif","cid","rdi","stri"],"rp":["irst","ift","isc"]},"79":{"input":[1,2,3,4,7],"tlw":["paris",1353],"lp":[],"rp":[]},"80":{"input":[5,7],"base":"y","baseshift":"Y","trp":["in",644105],"trw":["in",155002],"lp":[],"rp":["in","ni","ny","nin","yi","yin","ini","inn","nni","inin","nnin","inni","yn","nny","iny","nyi","nyin","inny","ynn"]},"81":{"input":[1,5,7],"tlp":["ay",87083],"trp":["ina",10155],"tlw":["any",10758],"trw":["nay",83],"lp":["ay","ain","any","ani","ayi","ayin","aini","anin","anni"],"rp":["ina","ian","ya","nia","inan","nai","ji","yan","inj","nian","iann"]},"82":{"input":[2,5,7],"tlp":["ry",67816],"trp":["ki",42462],"trw":["ink",130],"lp":["ry","rin","rni","rnin","rry","ryi","ryin","rki","rkin","rink","rik"],"rp":["ki","kin","ik","ink","nki","nkin","inki","ky","nry"]},"83":{"input":[1,2,5,7],"tlp":["way",28360],"trp":["yw",1970],"tlw":["way",11339],"trw":["iran",85],"lp":["way","win","ary","aki","akin","away","rain","arin","arry","ray","rian","arni","rary","anyw","wy"],"rp":["yw","nary","inar","nyw","kay"]},"84":{"input":[3,5,7],"tlp":["sin",21536],"trp":["im",93559],"tlw":["sin",306],"trw":["my",40423],"lp":["sin","sy","sim","smi","ssin"],"rp":["im","mi","my","ys","min","ins","nsi","mis","ims","nis","miss","mys","imi","insi","mmi"]},"85":{"input":[1,3,5,7],"tlp":["ays",16554],"trp":["may",9648],"tlw":["say",7781],"trw":["many",8068],"lp":["ays","say","ami","ains","says","asy","aim","sayi","amin","sian","anis","asin"],"rp":["may","many","ima","mai","main","iam","ians","mina"]},"86":{"input":[2,3,5,7],"tlp":["fin",16231],"trp":["inf",5607],"tlw":["firm",690],"trw":["kiss",443],"lp":["fin","ski","rim","rmi","fini","rmy","rmin","skin","firm","risk"],"rp":["inf","mir","nfi","nif","irm","isk","kis","kiss","nifi","mik"]},"87":{"input":[1,2,3,5,7],"tlw":["army",2073],"trw":["mary",586],"lp":[],"rp":[]},"88":{"input":[4,5,7],"tlp":["ty",42717],"trp":["ng",301290],"tlw":["by",35333],"lp":["ty","by","tin","ting","bi","gin","gn","ttin"],"rp":["ng","ing","int","nti","ning","ity","ib","ying","ign","nit","yt","nig"]},"89":{"input":[1,4,5,7],"tlp":["ang",16987],"trp":["nati",5202],"tlw":["again",7165],"lp":["ang","gain","tain","gan","pin","ping","aint","anyt","atin","abi","py","pain","pany","ppin","agin","tay","anag"],"rp":["nati","nag","ntai"]},"90":{"input":[2,4,5,7],"tlp":["ring",17926],"trp":["king",26881],"tlw":["city",2930],"trw":["king",2321],"lp":["ring","bri","try","rty","cy","rib","city","cin","ryt","rity","cing","tryi","rinc","brin"],"rp":["king","inc","ick","nci","nic","ntry"]},"91":{"input":[1,2,4,5,7],"tlw":["taking",1995],"lp":[],"rp":[]},"92":{"input":[3,4,5,7],"tlp":["tim",28120],"trp":["ind",31046],"tlw":["sitting",1409],"trw":["mind",4439],"lp":["tim","din","ding","dy","sing","didn","sib","sign"],"rp":["ind","ngs","ndi","ings","inst","idn","mig","ndin","ming","mind","mit","nsid"]},"93":{"input":[1,3,4,5,7],"tlw":["day",8306],"trw":["instant",472],"lp":[],"rp":[]},"94":{"input":[2,3,4,5,7],"tlw":["find",4695],"trw":["kind",3481],"lp":[],"rp":[]},"95":{"input":[1,2,3,4,5,7],"tlw":["asking",940],"trw":["making",2931],"lp":[],"rp":[]},"96":{"input":[6,7],"base":"u","baseshift":"U","trp":["ie",85987],"trw":["u",744],"lp":[],"rp":["ie","ei","ue","ui","eu","uie","iu","uee","eei","ieu","uu"]},"97":{"input":[1,6,7],"tlp":["au",32369],"trp":["ua",23498],"tlw":["que",92],"trw":["iq",115],"lp":["au","qu","qui","que","qua","quie","quee","quai"],"rp":["ua","equ","equi","eau","eque","iq","equa","iqu","ique","uai","iqui","iae"]},"98":{"input":[2,6,7],"tlp":["ru",29549],"trp":["ur",136165],"tlw":["rue",170],"lp":["ru","rie","rrie","rue","zi","rei"],"rp":["ur","eir","ure","eri","ire","iz","uri","ize","ier","erie","urr","uir","uire","eur"]},"99":{"input":[1,2,6,7],"tlp":["requ",3277],"trp":["ura",5813],"tlw":["require",420],"trw":["iraq",73],"lp":["requ","quir","quar","azi","wei","arie","aur","aura","wire","aire"],"rp":["ura","uar","iew","eari","iza","eria","ewi","uare","erwi","iewe"]},"100":{"input":[3,6,7],"tlp":["su",62257],"trp":["us",124701],"tlw":["sue",76],"trw":["us",10609],"lp":["su","ssu","sus","sui","sue","sie"],"rp":["us","use","ies","ise","usi","esi","ues","essi","esu","uss","usu","uis","ussi","uses"]},"101":{"input":[1,3,6,7],"tlp":["aus",14032],"trp":["exi",2803],"trw":["usa",134],"lp":["aus","ause","ques","sua","asu","aise","assu","squ","sequ","squa","xu","asie"],"rp":["exi","usa","usua","easi","easu","exis","ixe","isea"]},"102":{"input":[2,3,6,7],"tlp":["fu",24057],"trp":["urs",13334],"tlw":["sure",3684],"trw":["users",252],"lp":["fu","sur","sure","frie","ries","rus","resi","fie","rise","resu","refu"],"rp":["urs","ife","urse","iffe","ief","efu","uf","uff","ures"]},"103":{"input":[1,2,3,6,7],"tlw":["wife",2078],"trw":["easier",513],"lp":[],"rp":[]},"104":{"input":[4,6,7],"tlp":["ge",97282],"trp":["ut",147044],"tlw":["get",10986],"trw":["iv",292],"lp":["ge","vi","tu","get","gu","tiv","tive","giv","tie","give"],"rp":["ut","iv","ug","ive","eg","ite","ivi","ute","eti","uti"]},"105":{"input":[1,4,6,7],"tlp":["pu",22528],"trp":["up",44081],"tlw":["put",5210],"trw":["up",23594],"lp":["pu","age","put","avi","aug","tua","atu","aut","ativ","pie","quit","gav","gave"],"rp":["up","ega","upp","iva","iate","eati","uat"]},"106":{"input":[2,4,6,7],"tlp":["tur",27983],"trp":["uc",39944],"tlw":["true",2254],"trw":["ice",574],"lp":["tur","cu","gre","ger","ture","tru","rge","riv","cur","ctu","vic","gree","rive","ctiv"],"rp":["uc","ice","eci","ecti","iver","uct"]},"107":{"input":[1,2,4,6,7],"tlw":["great",6807],"lp":[],"rp":[]},"108":{"input":[3,4,6,7],"tlp":["du",19747],"trp":["ide",35753],"tlw":["side",3662],"trw":["used",3487],"lp":["du","side","stu","ges","die","ged","vid","tud","vis","ties"],"rp":["ide","ust","ud","ied","iste","edi","esti","used","uest","ude"]},"109":{"input":[1,3,4,6,7],"tlw":["despite",946],"trw":["idea",2885],"lp":[],"rp":[]},"110":{"input":[2,3,4,6,7],"tlw":["five",2604],"lp":[],"rp":[]},"111":{"input":[1,2,3,4,6,7],"tlw":["arrived",1258],"lp":[],"rp":[]},"112":{"input":[5,6,7],"trp":["hi",274759],"trw":["eye",1504],"lp":[],"rp":["hi","un","ey","hin","hey","ye","ine","hei","hu","ien","nu","hy","uni","ein","eye","eni","inu","hun","ney","enin"]},"113":{"input":[1,5,6,7],"tlp":["aine",5046],"trp":["ju",21952],"tlw":["queen",763],"trw":["yeah",918],"lp":["aine","aye","quen","aun","anie","anu"],"rp":["ju","yea","hai","una","eani","jun","nua","yeah","niq","niqu","nqu","hain","june","hani"]},"114":{"input":[2,5,6,7],"tlp":["rien",11605],"trp":["ery",27793],"tlw":["run",1998],"trw":["henry",1546],"lp":["rien","run","zin"],"rp":["ery","heir","ike","urn","hink","urne","erin","hir","urin","hur","niz","yer","urni","hri","ury","key","enry"]},"115":{"input":[1,2,5,6,7],"tlw":["why",6090],"trw":["year",3064],"lp":[],"rp":[]},"116":{"input":[3,5,6,7],"tlp":["shi",11339],"trp":["his",109386],"tlw":["sun",1066],"trw":["his",69304],"lp":["shi","sum","sine"],"rp":["his","him","ime","mu","um","ish","mus","ines","yes","usin","imes","hims","imse","eyes","ishe","hus","ume"]},"117":{"input":[1,3,5,6,7],"tlw":["assume",344],"trw":["human",2178],"lp":[],"rp":[]},"118":{"input":[2,3,5,6,7],"tlw":["fine",1422],"trw":["mike",918],"lp":[],"rp":[]},"119":{"input":[1,2,3,5,6,7],"tlw":["wish",1198],"trw":["years",7833],"lp":[],"rp":[]},"120":{"input":[4,5,6,7],"tlp":["gh",90668],"trp":["ith",80740],"tlw":["but",49620],"trw":["night",4461],"lp":["gh","thi","bu","ght","but","thin","they","thei","vin","ving"],"rp":["ith","igh","ugh","ight","hing","nge","ught","unt","inte","ub"]},"121":{"input":[1,4,5,6,7],"tlw":["anything",3884],"trw":["having",3594],"lp":[],"rp":[]},"122":{"input":[2,4,5,6,7],"tlw":["their",26687],"trw":["every",7264],"lp":[],"rp":[]},"123":{"input":[1,2,4,5,6,7],"tlw":["with",67032],"trw":["nature",1587],"lp":[],"rp":[]},"124":{"input":[3,4,5,6,7],"tlw":["this",36089],"trw":["might",6921],"lp":[],"rp":[]},"125":{"input":[1,3,4,5,6,7],"tlw":["game",1331],"trw":["just",14589],"lp":[],"rp":[]},"126":{"input":[2,3,4,5,6,7],"tlw":["such",8032],"trw":["much",10233],"lp":[],"rp":[]},"127":{"input":[1,2,3,4,5,6,7],"tlw":["because",9879],"trw":["experience",2559],"lp":[],"rp":[]},"128":{"input":[8],"base":"o","baseshift":"O","trp":["oo",93108],"trw":["o",531],"lp":[],"rp":["oo"]},"129":{"input":[1,8],"tlp":["ao",915],"trp":["oa",14939],"lp":["ao"],"rp":["oa"],"special":"bksp","base":"ao"},"130":{"input":[2,8],"base":")","baseshift":"]","tlp":["ro",170933],"trp":["or",314634],"trw":["or",34654],"lp":["ro","roo","rro","ror","rror"],"rp":["or","oor","orr","orro","oro"],"special":"punc"},"131":{"input":[1,2,8],"tlp":["wo",92580],"trp":["ow",122368],"tlw":["row",380],"lp":["wo","wor","row","aro","roa","wro","rrow","woo","worr","arro","rao","aor"],"rp":["ow","ora","owa","owar","oar","orw","orwa","orar"]},"132":{"input":[3,8],"base":"'","baseshift":"\"","tlp":["so",117437],"trp":["os",70799],"tlw":["so",27040],"trw":["'",14271],"lp":["so","soo","sso","s'","s's","ss'","ss's"],"rp":["os","'s","oss","oos","o'","oso","''","o's","'o","oss'"],"special":"punc"},"133":{"input":[1,3,8],"tlp":["aso",4273],"trp":["ox",1874],"lp":["aso","asso","a'","xo","a's","soa","aos","a'a","x'","ax'","x's","ax's","axo","saxo"],"rp":["ox","oas","osa","'a","ossa"]},"134":{"input":[2,3,8],"tlp":["fo",133745],"trp":["of",272457],"tlw":["for",70927],"trw":["of",245539],"lp":["fo","for","fro","rso","ros","sor","ross","foo","r'","r's","rof","ffo","ffor","rfo","rfor","sof"],"rp":["of","off","ors","'r"]},"135":{"input":[1,2,3,8],"tlp":["wors",1678],"trp":["ows",4674],"tlw":["sofa",209],"lp":["wors","forw","rows","swo","swor","affo","wso","awso","frow","sofa","rox","aros","ar'","ar's","w'"],"rp":["ows","'w","ofa","oars","ow'"]},"136":{"input":[4,8],"base":"?","baseshift":"/","tlp":["to",350815],"trp":["ot",133805],"tlw":["to",249163],"trw":["otto",67],"lp":["to","too","tto","tot","toot","toto"],"rp":["ot","ott","oot","oto","otto"],"special":"punc"},"137":{"input":[1,4,8],"tlp":["po",68607],"trp":["op",53305],"tlw":["top",1822],"lp":["po","ppo","top","pot","poo","ato","pop","topp","apo","appo","tota","pto"],"rp":["op","opp","oppo","oat","ota","oop","opt","opo"]},"138":{"input":[2,4,8],"tlp":["co",161789],"trp":["ort",28140],"tlw":["root",179],"lp":["co","tor","tro","cor","cro","rot","cto","cco","ctor","roc","ccor","coo","corr","cot"],"rp":["ort","oc","orc","occ","oct","octo"]},"139":{"input":[1,2,4,8],"tlp":["pro",33640],"trp":["orta",4717],"tlw":["two",11667],"lp":["pro","por","two","port","tow","rop","pow","acco","ppor","towa","prop","proc","acro","ppro","coa","crow","wrot"],"rp":["orta","oac","oca"]},"140":{"input":[3,4,8],"tlp":["do",77376],"trp":["od",44403],"tlw":["do",18689],"trw":["odd",416],"lp":["do","sto","t'","t's","doo","stoo","tood","tod","d'","d's"],"rp":["od","'t","ost","ood","'d","odd","ots","ods","oods","oots"]},"141":{"input":[1,3,4,8],"tlp":["pos",16560],"trp":["oad",3493],"tlw":["stop",1798],"lp":["pos","spo","at'","at's","poss","stop","ppos","ado","toda","post","spot","sop"],"rp":["oad","osp","oda","ops","oast","oops","opos","osop"]},"142":{"input":[2,3,4,8],"tlp":["stor",8576],"trp":["ord",17538],"tlw":["door",3713],"lp":["stor","fort","rod","soc","door","sco","cros","forc","stro","dro","cord","doc","sort","tors","food","dor"],"rp":["ord","oft","ords","orts"]},"143":{"input":[1,2,3,4,8],"tlw":["words",3228],"lp":[],"rp":[]},"144":{"input":[5,8],"base":"l","baseshift":"L","trp":["on",380429],"trw":["on",61313],"lp":[],"rp":["on","ll","no","lo","ol","nl","loo","lon","onl","oll","llo","ool","oon","olo","ollo","nno","ono","onn","non","noo"]},"145":{"input":[1,5,8],"tlp":["al",228009],"trp":["la",103279],"tlw":["all",30772],"trw":["la",689],"lp":["al","all","ano","alo","alon","anno","allo","ala"],"rp":["la","jo","lan","nal","ona","onal","lla","nall","olla","oal","njo","ola"]},"146":{"input":[2,5,8],"tlp":["rl",25465],"trp":["ok",35246],"tlw":["roll",381],"trw":["look",5477],"lp":["rl","ron","rol","roll","rok","rno"],"rp":["ok","ook","kno","ork","look","lk","nor","orn","orl","lor","lr","kl","loor","olor"]},"147":{"input":[1,2,5,8],"tlp":["work",16534],"trp":["now",32603],"tlw":["work",8749],"trw":["now",13343],"lp":["work","ral","arl","alk","wal","worl","alw","alwa","won","walk","wl","alr"],"rp":["now","own","know","low","lar","llow","lw","lwa"]},"148":{"input":[3,5,8],"tlp":["som",32033],"trp":["om",158331],"tlw":["soon",3191],"trw":["mom",1398],"lp":["som","son","sl","sn'","sol"],"rp":["om","mo","n'","ons","ls","mos","mon","on'","los","omm","lso","oom","'m","lm","mom"]},"149":{"input":[1,3,5,8],"tlp":["als",13163],"trp":["las",11287],"tlw":["also",7989],"trw":["man's",744],"lp":["als","also","alm","amo","an'","smal","ason","almo","asn'","sona","amon","sla","sal","alls"],"rp":["las","mal","oma","oman","mall","lass"]},"150":{"input":[2,3,5,8],"tlp":["rom",40627],"trp":["mor",29841],"tlw":["from",35952],"trw":["looks",1175],"lp":["rom","from","fl","form","rson","room","fol","flo","foll","fron","floo"],"rp":["mor","lf","orm","onf","nfo","nfor","morn","oks","ooks"]},"151":{"input":[1,2,3,5,8],"tlw":["woman",3590],"trw":["major",1113],"lp":[],"rp":[]},"152":{"input":[4,5,8],"tlp":["bo",64448],"trp":["not",62064],"tlw":["bob",306],"trw":["not",43106],"lp":["bo","bl","tl","ttl","bot","ton","tol","boo","blo","bloo"],"rp":["not","lt","ob","nto","ont","ntl","lot","obl","nnot","nob"]},"153":{"input":[1,4,5,8],"tlp":["pl",68379],"trp":["lat",15533],"tlw":["plan",1335],"trw":["job",3249],"lp":["pl","abo","pla","abl","tal","pon","alt","anot","pol","tabl","plan","bla","plo","ppl","bal"],"rp":["lat","opl","lp","job","oba"],"special":"numsym"},"154":{"input":[2,4,5,8],"tlp":["con",43239],"trp":["onc",10039],"tlw":["took",5513],"lp":["con","cl","cont","bro","col","clo","rob","took","bor","book","conc","coll","ctl","ront"],"rp":["onc","ock","loc","ncl","ontr","ntro"]},"155":{"input":[1,2,4,5,8],"tlw":["call",2856],"trw":["local",1100],"lp":[],"rp":[]},"156":{"input":[3,4,5,8],"tlp":["don",16568],"trp":["ld",104617],"tlw":["don't",9569],"trw":["most",10396],"lp":["don","dn'","dn't","don'","dl","sn't","bod","told","tom"],"rp":["ld","n't","old","most","ond","on't","mot","ldn","ldn'","ndo","obs"]},"157":{"input":[1,3,4,5,8],"tlw":["almost",3784],"trw":["last",4981],"lp":[],"rp":[]},"158":{"input":[2,3,4,5,8],"tlw":["front",2573],"trw":["lord",1049],"lp":[],"rp":[]},"159":{"input":[1,2,3,4,5,8],"tlw":["down",11247],"lp":[],"rp":[]},"160":{"input":[6,8],"base":"!","baseshift":"@","trp":["eo",22601],"lp":[],"rp":["eo","oe"],"special":"punc"},"161":{"input":[1,6,8],"trp":["oq",59],"lp":[],"rp":["oq"]},"162":{"input":[2,6,8],"tlp":["zo",557],"trp":["ore",43307],"tlw":["zero",137],"trw":["error",228],"lp":["zo","reo","roe","roz","roze","zero"],"rp":["ore","ero","eor","oz","oze","erro","orre","oreo","eror","eroe","oore","orer","ooz","ooze"]},"163":{"input":[1,2,6,8],"tlp":["wore",857],"trp":["owe",15537],"tlw":["wore",747],"trw":["owe",137],"lp":["wore","rowe","woe","azo"],"rp":["owe","ower","ewo","ewor","orea","erwo","oare"]},"164":{"input":[3,6,8],"tlp":["soe",138],"trp":["ose",25993],"lp":["soe","se'","se's"],"rp":["ose","e'","e's","oes","osse","oose","eso","esso","oses","'e","es'","eos","es's","oe'","oe's"]},"165":{"input":[1,3,6,8],"trp":["easo",4023],"lp":[],"rp":["easo","oxe","oxes","exo"]},"166":{"input":[2,3,6,8],"tlp":["fore",14026],"trp":["efo",11759],"tlw":["rose",1049],"trw":["offer",1014],"lp":["fore","re'","re's","rose","rofe"],"rp":["efo","efor","erso","'re","offe","er'","er's","ere'","orse","erfo","ofe","ofes","e'r","e're","effo"]},"167":{"input":[1,2,3,6,8],"tlw":["we're",1513],"lp":[],"rp":[]},"168":{"input":[4,6,8],"tlp":["vo",13509],"trp":["ov",46618],"tlw":["vote",203],"lp":["vo","vot","vote","toe","tov","tove"],"rp":["ov","ove","ote","evo","otte","oet","evot","eov","eove","eto","oev","oeve","ovo","oote"]},"169":{"input":[1,4,6,8],"tlp":["peo",15223],"trp":["eop",15223],"tlw":["pope",239],"lp":["peo","peop","avo","poe","pote","poet","vato","pov","pove","pope"],"rp":["eop","ope","oppe","epo","ova","eapo","ovat","opea","opte","oope"]},"170":{"input":[2,4,6,8],"tlp":["rov",6005],"trp":["over",21892],"tlw":["cover",700],"trw":["over",12910],"lp":["rov","cov","cove","reco","rote","rove","roce","vor","tore","revo","core","rvo"],"rp":["over","eco","orce","oce","orte","ecor","otec","ecto"]},"171":{"input":[1,2,4,6,8],"tlw":["power",3130],"trw":["operate",192],"lp":[],"rp":[]},"172":{"input":[3,4,6,8],"tlp":["doe",5478],"trp":["e'd",4775],"tlw":["does",3360],"lp":["doe","does","sov"],"rp":["e'd","'v","'ve","oved","ode","osed","oted","otes","edo","esto","et'","et's","odde","oves","e'v","e've","eedo"]},"173":{"input":[1,3,4,6,8],"tlw":["stopped",1419],"trw":["exposed",267],"lp":[],"rp":[]},"174":{"input":[2,3,4,6,8],"tlw":["force",1513],"trw":["order",2602],"lp":[],"rp":[]},"175":{"input":[1,2,3,4,6,8],"tlw":["process",1455],"lp":[],"rp":[]},"176":{"input":[5,6,8],"trp":["le",213808],"trw":["one",30730],"lp":[],"rp":["le","ho","el","one","ell","lle","hel","hol","eel","len","ele","hoo","ole","eno","oh","elo","hool","olle","hole","hon"]},"177":{"input":[1,5,6,8],"tlp":["alle",8964],"trp":["lea",26849],"tlw":["alone",2184],"trw":["john",1863],"lp":["alle","ale","alen"],"rp":["lea","eal","hal","ela","eall","hall","lean","joh","john","enjo","oje","heal","lane","joe","eale","elea","llea"]},"178":{"input":[2,5,6,8],"tlp":["rel",11908],"trp":["hro",12209],"tlw":["role",950],"trw":["honor",325],"lp":["rel","roke","rle","role","rele"],"rp":["hro","oke","hor","ooke","ler","lre","lke","orke","erl","kel","orne","ller","oken","erno","hook"]},"179":{"input":[1,2,5,6,8],"tlw":["who",23669],"trw":["how",14162],"lp":[],"rp":[]},"180":{"input":[3,5,6,8],"tlp":["some",31924],"trp":["ome",63421],"tlw":["some",15162],"trw":["home",4865],"lp":["some","sel","sho"],"rp":["ome","les","hos","hose","hom","omen","less","he'","msel","els","emo","home","lose","lem","mome","lse","mone"]},"181":{"input":[1,3,5,6,8],"tlw":["shall",1999],"trw":["male",440],"lp":[],"rp":[]},"182":{"input":[2,3,5,6,8],"tlw":["feel",4278],"trw":["more",21171],"lp":[],"rp":[]},"183":{"input":[1,2,3,5,6,8],"tlw":["women",3612],"trw":["half",2504],"lp":[],"rp":[]},"184":{"input":[4,5,6,8],"tlp":["tho",36998],"trp":["oth",46489],"tlw":["both",5084],"trw":["let",4207],"lp":["tho","ble","tle","tel","ttle","bel","vel","tell","both"],"rp":["oth","othe","noth","let","lv","lve","lov","love","entl","elt","elv"]},"185":{"input":[1,4,5,6,8],"tlw":["people",14668],"trw":["help",3633],"lp":[],"rp":[]},"186":{"input":[2,4,5,6,8],"tlw":["brother",1465],"trw":["other",13909],"lp":[],"rp":[]},"187":{"input":[1,2,4,5,6,8],"tlw":["another",6638],"trw":["later",4588],"lp":[],"rp":[]},"188":{"input":[3,4,5,6,8],"tlw":["those",7914],"trw":["moment",3684],"lp":[],"rp":[]},"189":{"input":[1,3,4,5,6,8],"tlw":["that's",4282],"trw":["least",2856],"lp":[],"rp":[]},"190":{"input":[2,3,4,5,6,8],"tlw":["before",10203],"trw":["left",5159],"lp":[],"rp":[]},"191":{"input":[1,2,3,4,5,6,8],"tlw":["called",4581],"trw":["learned",1609],"lp":[],"rp":[]},"192":{"input":[7,8],"base":";","baseshift":":","trp":["io",113622],"lp":[],"rp":["io","oi"],"special":"punc"},"193":{"input":[1,7,8],"lp":[],"rp":[]},"194":{"input":[2,7,8],"tlp":["rio",7327],"trp":["ori",8551],"lp":["rio","rior","rrio","roi","rori"],"rp":["ori","ior","iro","orri","irro","orio","iori","oir","oiro"]},"195":{"input":[1,2,7,8],"tlp":["ario",1160],"trp":["owi",4542],"tlw":["warrior",125],"lp":["ario","rowi","airo"],"rp":["owi","oria","iora","oari"]},"196":{"input":[3,7,8],"tlp":["sio",15825],"trp":["i'",14185],"trw":["'i",461],"lp":["sio","ssio","soi","so-"],"rp":["i'","osi","ossi","isio","iso","ois","o-","'i","ios","iosi","oosi","osio","oiso","-o","isso"]},"197":{"input":[1,3,7,8],"tlp":["asio",1897],"trp":["oxi",253],"lp":["asio","xio","aiso"],"rp":["oxi","ixo"]},"198":{"input":[2,3,7,8],"tlp":["riso",1574],"trp":["offi",5584],"trw":["'if",72],"lp":["riso","rofi","rsio","rios","rosi"],"rp":["offi","ifo","ifor","ofi","iors","oris","-fo","isor","-ro","-roo","oirs","isfo","'if","iff'","o-f"]},"199":{"input":[1,2,3,7,8],"tlw":["warriors",145],"lp":[],"rp":[]},"200":{"input":[4,7,8],"tlp":["tio",72429],"trp":["og",14040],"tlw":["go",9032],"lp":["tio","go","goo","got","goi","tog","gio","gott","gto","goti"],"rp":["og","itio","oti","otio","ito","ogi","igio","iot","oog","otog"]},"201":{"input":[1,4,7,8],"tlp":["atio",33167],"trp":["opi",2391],"tlw":["ago",1471],"lp":["atio","poi","ptio","ago","goa","ppoi","topi","pio","aigo","goat","gapo"],"rp":["opi","opti","oppi","otia","oga","oati","opag","ogat","ipo"]},"202":{"input":[2,4,7,8],"tlp":["ctio",12347],"trp":["org",5456],"tlw":["torrio",94],"trw":["org",99],"lp":["ctio","gro","cio","tori","rog","rogr","cog","rgo","gor"],"rp":["org","oic","oci","ogr","otic","orit","orti","itor","orig","icio","icto"]},"203":{"input":[1,2,4,7,8],"tlw":["grow",678],"lp":[],"rp":[]},"204":{"input":[3,4,7,8],"tlp":["good",10385],"trp":["it'",8789],"tlw":["good",9480],"trw":["it's",8558],"lp":["good","stio","god","doi","dog","dio","gdo","g'","g's","to-","gods"],"rp":["it'","it's","osit","isto","i'd","oid","odi","iod","isdo"]},"205":{"input":[1,3,4,7,8],"tlw":["gossip",164],"trw":["ipod",68],"lp":[],"rp":[]},"206":{"input":[2,3,4,7,8],"tlw":["forgot",261],"lp":[],"rp":[]},"207":{"input":[1,2,3,4,7,8],"tlw":["radio",638],"lp":[],"rp":[]},"208":{"input":[5,7,8],"trp":["li",155342],"trw":["only",13824],"lp":[],"rp":["li","ly","yo","il","ion","ill","lly","lin","oin","nly","only","lli","oy","ili","ily","oli","llin","yon","illi","nio"]},"209":{"input":[1,5,7,8],"tlp":["ally",22338],"trp":["ial",13366],"tlw":["ally",126],"trw":["lay",1482],"lp":["ally","ali","ail","alli","ainl","anyo"],"rp":["ial","lay","iona","lai","lia","inal","lain","iall","joy","ila","njoy","lian","joi","join"]},"210":{"input":[2,5,7,8],"tlp":["rly",8446],"trp":["lik",24097],"tlw":["roy",83],"trw":["york",1727],"lp":["rly","ril","rli","ryo","ryon"],"rp":["lik","ory","irl","oki","okin","kil","kill","orni","ooki","lki","lkin","orki","kly","yor","orry"]},"211":{"input":[1,2,5,7,8],"tlw":["will",14271],"trw":["okay",1081],"lp":[],"rp":[]},"212":{"input":[3,5,7,8],"tlp":["sion",15757],"trp":["ions",18292],"tlw":["sly",561],"trw":["i'm",6537],"lp":["sion","sil","sly","smil","sli"],"rp":["ions","mil","lis","i'm","omi","y'","onsi","mily","mili","omin","lim","y's","i'l","i'll","ison"]},"213":{"input":[1,3,5,7,8],"tlw":["animal",491],"trw":["mail",328],"lp":[],"rp":[]},"214":{"input":[2,3,5,7,8],"tlw":["sorry",899],"trw":["mirror",461],"lp":[],"rp":[]},"215":{"input":[1,2,3,5,7,8],"tlw":["always",6467],"lp":[],"rp":[]},"216":{"input":[4,5,7,8],"tlp":["tion",71969],"trp":["lit",22460],"tlw":["going",6947],"trw":["into",18343],"lp":["tion","gl","tly","til","till","goin","bli"],"rp":["lit","ong","into","long","ling","lig","oing","litt","ittl","ibl","ngl","oint","ntly"]},"217":{"input":[1,4,5,7,8],"tlw":["point",3165],"trw":["national",867],"lp":[],"rp":[]},"218":{"input":[2,4,5,7,8],"tlw":["girl",2370],"trw":["looking",3174],"lp":[],"rp":[]},"219":{"input":[1,2,4,5,7,8],"tlw":["working",2448],"trw":["knowing",919],"lp":[],"rp":[]},"220":{"input":[3,4,5,7,8],"tlw":["still",7621],"trw":["isn't",1565],"lp":[],"rp":[]},"221":{"input":[1,3,4,5,7,8],"tlw":["among",2526],"trw":["lady",1132],"lp":[],"rp":[]},"222":{"input":[2,3,4,5,7,8],"tlw":["story",2254],"trw":["morning",2986],"lp":[],"rp":[]},"223":{"input":[1,2,3,4,5,7,8],"tlw":["company",2711],"trw":["important",2765],"lp":[],"rp":[]},"224":{"input":[6,7,8],"trp":["ou",377630],"lp":[],"rp":["ou","iou","uo","oui","eou","uou","oue"]},"225":{"input":[1,6,7,8],"tlp":["quo",328],"trp":["iquo",129],"lp":["quo"],"rp":["iquo","oqu","oque"]},"226":{"input":[2,6,7,8],"tlp":["rou",33045],"trp":["our",59933],"trw":["our",14347],"lp":["rou","riou","rrou","rizo"],"rp":["our","erio","orie","uro","erou","euro","urio","orei","urro","orou","ouri","oure","izo","oriz","iour","orru"]},"227":{"input":[1,2,6,7,8],"lp":[],"rp":[]},"228":{"input":[3,6,7,8],"tlp":["sou",7964],"trp":["ous",26493],"lp":["sou","siou"],"rp":["ous","ious","u'","ou'","ouse","usio","esou","oise","ouis","ousi","eous","uous","osu","ouss","us'","usso","ies'"]},"229":{"input":[1,3,6,7,8],"tlw":["sioux",68],"lp":[],"rp":[]},"230":{"input":[2,3,6,7,8],"tlw":["four",2961],"trw":["ours",177],"lp":[],"rp":[]},"231":{"input":[1,2,3,6,7,8],"tlw":["wife's",127],"lp":[],"rp":[]},"232":{"input":[4,6,7,8],"tlp":["vio",4502],"trp":["out",63916],"trw":["out",24396],"lp":["vio","voi","toge","tou","viou","gov","gove","geo","vou","goe"],"rp":["out","oug","ovi","oge","oget","utio","ovie","ego","oute","otiv"]},"233":{"input":[1,4,6,7,8],"tlw":["quote",89],"trw":["output",75],"lp":[],"rp":[]},"234":{"input":[2,4,6,7,8],"tlw":["voice",2628],"trw":["occur",235],"lp":[],"rp":[]},"235":{"input":[1,2,4,6,7,8],"tlw":["group",2351],"trw":["europe",720],"lp":[],"rp":[]},"236":{"input":[3,4,6,7,8],"tlw":["goes",995],"trw":["i've",2219],"lp":[],"rp":[]},"237":{"input":[1,3,4,6,7,8],"tlw":["positive",1027],"trw":["opposite",687],"lp":[],"rp":[]},"238":{"input":[2,3,4,6,7,8],"tlw":["course",3730],"trw":["office",2363],"lp":[],"rp":[]},"239":{"input":[1,2,3,4,6,7,8],"tlw":["support",1196],"lp":[],"rp":[]},"240":{"input":[5,6,7,8],"trp":["you",104946],"trw":["you",68463],"lp":[],"rp":["you","ul","oul","hou","oun","lu","ile","hil","ely","eli","lie","houl","ull","hile","nou","elie","line","youn","enou","lue"],"special":"enter"},"241":{"input":[1,5,6,7,8],"tlw":["anyone",1715],"trw":["enjoy",693],"lp":[],"rp":[]},"242":{"input":[2,5,6,7,8],"tlw":["rule",725],"trw":["your",20504],"lp":[],"rp":[]},"243":{"input":[1,2,5,6,7,8],"tlw":["while",7024],"trw":["early",2452],"lp":[],"rp":[]},"244":{"input":[3,5,6,7,8],"tlw":["smile",1413],"trw":["house",4935],"lp":[],"rp":[]},"245":{"input":[1,3,5,6,7,8],"tlw":["anxious",432],"trw":["usually",1445],"lp":[],"rp":[]},"246":{"input":[2,3,5,6,7,8],"tlw":["full",2345],"trw":["life",8740],"lp":[],"rp":[]},"247":{"input":[1,2,3,5,6,7,8],"tlw":["families",960],"trw":["meanwhile",361],"lp":[],"rp":[]},"248":{"input":[4,5,6,7,8],"tlw":["thought",7112],"trw":["little",9495],"lp":[],"rp":[]},"249":{"input":[1,4,5,6,7,8],"tlw":["about",23108],"trw":["upon",4442],"lp":[],"rp":[]},"250":{"input":[2,4,5,6,7,8],"tlw":["through",8798],"trw":["everyone",2219],"lp":[],"rp":[]},"251":{"input":[1,2,4,5,6,7,8],"tlw":["without",5841],"trw":["large",2557],"lp":[],"rp":[]},"252":{"input":[3,4,5,6,7,8],"tlw":["something",7615],"trw":["lives",1641],"lp":[],"rp":[]},"253":{"input":[1,3,4,5,6,7,8],"tlw":["possible",2350],"trw":["immediately",1263],"lp":[],"rp":[]},"254":{"input":[2,3,4,5,6,7,8],"tlw":["could",18061],"trw":["itself",2205],"lp":[],"rp":[]},"255":{"input":[1,2,3,4,5,6,7,8],"tlw":["would",27522],"trw":["especially",1737],"lp":[],"rp":[]}}