{"0":{"value":0,"notes":["Developer : Zack Dennis (zack@asetniop.com)","Date : 12/12/2014","All code (c) 2014 Pointesa, LLC all rights reserved","Abbreviations :    ","tlp = top left partial","lp = left partials","trp = top right partial","rp = right partials","tlw = top left word","lw = left words","trw = top right word","rw = right words"]},"1":{"input":[1],"base":"a","baseshift":"A","tlp":["aa",410],"tlw":["a",211837],"lp":["aa"],"rp":[]},"2":{"input":[2],"base":"o","baseshift":"O","trp":["oo",93108],"trw":["o",531],"lp":[],"rp":["oo"]},"3":{"input":[1,2],"base":",","baseshift":"<","tlp":["ao",915],"trp":["oa",14939],"lp":["ao"],"rp":["oa"],"special":"punc"},"4":{"input":[3],"base":"e","baseshift":"E","trp":["ee",129154],"trw":["e",471],"lp":[],"rp":["ee"]},"5":{"input":[1,3],"base":"!","baseshift":"@","tlp":["ae",810],"trp":["ea",216643],"lp":["ae"],"rp":["ea","eea"],"special":"punc"},"6":{"input":[2,3],"base":".","baseshift":">","trp":["eo",22601],"lp":[],"rp":["eo","oe"],"special":"punc"},"7":{"input":[1,2,3],"lp":[],"rp":[]},"8":{"input":[4],"base":"i","baseshift":"I","trp":["ii",1762],"trw":["i",117501],"lp":[],"rp":["ii","iii"]},"9":{"input":[1,4],"base":"p","baseshift":"P","tlp":["ai",104869],"trp":["ia",38456],"tlw":["p",765],"lp":["ai","pa","ap","pp","pi","app","pai","apa","ppi","pap","appi","api","ppa","appa","pip"],"rp":["ia","ip","ipp","ipa","ippi"]},"10":{"input":[2,4],"base":"y","baseshift":"Y","trp":["io",113622],"trw":["y",176],"lp":[],"rp":["io","yo","oi","oy","yi","oyi","oyo"]},"11":{"input":[1,2,4],"tlp":["ay",87083],"trp":["op",53305],"tlw":["pay",1548],"trw":["ya",68],"lp":["ay","po","ppo","poi","ayi","py","pay","ppy","poo","appy","pop","apo"],"rp":["op","opp","ya","oppo","opi","yp","oya","oop"]},"12":{"input":[3,4],"base":"u","baseshift":"U","trp":["ie",85987],"trw":["u",744],"lp":[],"rp":["ie","ei","ue","ui","eu","uie","iu","uee","eei","ieu","uu"]},"13":{"input":[1,3,4],"tlp":["pe",115056],"trp":["up",44081],"tlw":["pipe",229],"trw":["up",23594],"lp":["pe","au","pu","ppe","pea","appe","ape","ppea","pie","pape","pee"],"rp":["up","ep","ua","eep","upp","epa","epe","eau","epi"]},"14":{"input":[2,3,4],"trp":["ou",377630],"trw":["you",68463],"lp":[],"rp":["ou","you","ey","ye","iou","eye","uy","oye","eyo","yee","oyee","uo","oui","eou","uou","uyi","yie","uye","oue","oyou"]},"15":{"input":[1,2,3,4],"tlp":["peo",15223],"trp":["eop",15223],"tlw":["pope",239],"lp":["peo","peop","aye","pou","popu","poe"],"rp":["eop","ope","yea","oup","upo","uppo","oppe","epo","ype","opu","eapo","opea","oope","opie"]},"16":{"input":[5],"base":"h","baseshift":"H","trw":["h",335],"lp":[],"rp":[]},"17":{"input":[1,5],"base":";","baseshift":":","tlp":["ah",3197],"trp":["ha",357027],"tlw":["ah",458],"trw":["ha",121],"lp":["ah","aha"],"rp":["ha"],"special":"punc"},"18":{"input":[2,5],"base":"b","baseshift":"B","tlp":["bo",64448],"trp":["ho",160810],"tlw":["b",695],"trw":["oh",2847],"lp":["bo","boo","bb","bob","bobb","bbo"],"rp":["ho","ob","hoo","oh","hb","hbo","obo","obb","oho"]},"19":{"input":[1,2,5],"tlp":["ab",55519],"trp":["oba",3176],"lp":["ab","ba","abo","bab","boa","abb","aba","aboa","aho"],"rp":["oba","obab","hab","hao","oah","habb"]},"20":{"input":[3,5],"base":"j","baseshift":"J","trp":["he",1036192],"trw":["he",92135],"lp":[],"rp":["he","je","eh","hee","ehe","ej","eje"]},"21":{"input":[1,3,5],"tlp":["aj",1718],"trp":["hea",22882],"lp":["aj","ahe","ahea","aje"],"rp":["hea","ja","eha","jea","eah","hae","ehea"]},"22":{"input":[2,3,5],"tlp":["be",175052],"trp":["jo",17794],"tlw":["be",44932],"trw":["job",3249],"lp":["be","bee","beh","bj","bje","bbe"],"rp":["jo","job","eb","joh","obe","obj","obje","oj","oje","eho","hoe","joe","ebo","heo"]},"23":{"input":[1,2,3,5],"tlp":["bea",5725],"trp":["joa",569],"tlw":["abee",97],"lp":["bea","beha","ajo","abe","abbe","abea","abee"],"rp":["joa","eba","eab","eeab","habe"]},"24":{"input":[4,5],"base":"f","baseshift":"F","tlp":["fi",67126],"trp":["hi",274759],"tlw":["f",277],"trw":["if",25154],"lp":["fi","ff","ffi","fif"],"rp":["hi","if","iff","ifi","iffi","hif","hf","ih"]},"25":{"input":[1,4,5],"tlp":["fa",47251],"trp":["hap",14305],"trw":["hip",126],"lp":["fa","af","ph","fai","aff","phi","aph","pha","ffa","affa","ffai","affi","pf","fia"],"rp":["hap","happ","hip","hai","hia","hipp"]},"26":{"input":[2,4,5],"tlp":["fo",133745],"trp":["of",272457],"tlw":["by",35333],"trw":["of",245539],"lp":["fo","by","bi","foo","boy","ffo","fy"],"rp":["of","off","ib","hy","offi","yb","ibi","hoi","ybo","ifo","hio","ofi","oof"]},"27":{"input":[1,2,4,5],"tlp":["abi",3591],"trp":["hop",4723],"tlw":["baby",848],"trw":["happy",1895],"lp":["abi","pho","ayb","phy","aby","baby","pab","apab","affo","bay","babi","aphy","bai"],"rp":["hop","habi","oph","iab","hopi","ophy","hopp"]},"28":{"input":[3,4,5],"tlp":["fe",67683],"trp":["ef",36973],"tlw":["fee",65],"trw":["huh",118],"lp":["fe","fu","ffe","fee","fie"],"rp":["ef","hei","ju","hu","ife","iffe","eff","ief","efu","uf","uff","efe","ehi","hie","effe"]},"29":{"input":[1,3,4,5],"tlp":["fea",4050],"trp":["eph",1305],"trw":["heap",97],"lp":["fea","afe","phe","affe","fau","pfu","pef"],"rp":["eph","jap","japa","hape","hau","heap","ephe","efea","eaf","ufa","jai","heep","uph"]},"30":{"input":[2,3,4,5],"tlp":["bu",70306],"trp":["hou",45889],"tlw":["buy",1026],"trw":["joy",650],"lp":["bu","bou","fou","bef","befo","bei","bui","behi"],"rp":["hou","hey","ub","efo","offe","oub","ibe","joy","ybe","joi","ubj","ubje"]},"31":{"input":[1,2,3,4,5],"tlw":["pub",80],"trw":["hope",1489],"lp":[],"rp":[]},"32":{"input":[6],"base":"t","baseshift":"T","tlp":["tt",55910],"tlw":["t",670],"lp":["tt"],"rp":[]},"33":{"input":[1,6],"base":"(","baseshift":"[","tlp":["at",371419],"tlw":["at",51085],"lp":["at","ta","att","tat","tta","atta","ata","taa","ataa"],"rp":[],"special":"punc"},"34":{"input":[2,6],"base":"w","baseshift":"W","tlp":["to",350815],"trp":["ot",133805],"tlw":["to",249163],"trw":["otto",67],"lp":["to","wo","tw","too","two","tow","woo","tto","tot","wt","ww","www","wow"],"rp":["ot","ow","ott","oot","oto","otto","owt"]},"35":{"input":[1,2,6],"tlp":["wa",198379],"trp":["owa",3731],"lp":["wa","aw","awa","wat","towa","ato","tota","twa","atto","tato","atoo","awo","toa","aot"],"rp":["owa","oat","ota","otta","otat"]},"36":{"input":[3,6],"base":"c","baseshift":"C","tlp":["te",259049],"trp":["et",117117],"tlw":["c",872],"trw":["et",324],"lp":["te","ce","ct","tte","cc","tc","cte","cce","tee","tec","tect"],"rp":["et","ec","ect","ett","eet","ece","ette","ete","ecte"]},"37":{"input":[1,3,6],"tlp":["ca",118675],"trp":["eat",31678],"tlw":["act",1387],"trw":["eat",1112],"lp":["ca","ac","ate","act","ace","atte","tea","cat","acc","atc","tate","tac","cate","acte","acce"],"rp":["eat","eca","eac","eate","eta"]},"38":{"input":[2,3,6],"tlp":["co",161789],"trp":["ew",37100],"tlw":["we",33258],"trw":["owe",137],"lp":["co","we","wee","twe","twee","cto","cco","coo"],"rp":["ew","oc","owe","eco","ote","etw","etwe","oce","occ","oct","octo","otte"]},"39":{"input":[1,2,3,6],"tlp":["wea",5512],"trp":["oac",2483],"tlw":["coat",590],"lp":["wea","acco","watc","wate","coa","acto","weat","coat","coac","awe","aco","coca","cato"],"rp":["oac","oca","occa","ewa","ocat","ocea","eato"]},"40":{"input":[4,6],"base":"k","baseshift":"K","tlp":["ti",213739],"trp":["it",311028],"trw":["it",92474],"lp":["ti","tti","tit","titi","ttit","tk"],"rp":["it","ki","ik","iti","itt","itti","kit","iki","kitt","kt"]},"41":{"input":[1,4,6],"tlp":["ati",45742],"trp":["ita",7797],"tlw":["tip",221],"trw":["kaa",57],"lp":["ati","ak","pt","tak","tai","aki","pat","ait","tia","tati","apt","pti","pit","taki","pati","pta"],"rp":["ita","iat","ka","itat"]},"42":{"input":[2,4,6],"tlp":["wi",119378],"trp":["ok",35246],"tlw":["took",5513],"trw":["kitty",157],"lp":["wi","wit","tio","ty","took","tty","twi"],"rp":["ok","ook","ity","itio","yt","oti","owi","oki","ooki","otio","yw","ky","ito"]},"43":{"input":[1,2,4,6],"tlp":["atio",33167],"trp":["opt",1183],"tlw":["way",11339],"trw":["okay",1081],"lp":["atio","way","away","top","pow","wai","wait","ptio","tay","pot","typ","pok","topp","wak","pty"],"rp":["opt","oka","kay","okay","ywa"]},"44":{"input":[3,4,6],"tlp":["tu",53060],"trp":["ut",147044],"tlw":["cut",1451],"trw":["ice",574],"lp":["tu","ck","ci","cu","cti","tic","tie"],"rp":["ut","ic","ke","uc","ike","ice","ite","ick","eci","ecti","ute","eti","ici"]},"45":{"input":[1,3,4,6],"tlp":["ake",27987],"trp":["ica",19163],"tlw":["take",7122],"trw":["keep",3496],"lp":["ake","ack","cau","take","pec","cia","acti","put","tua","pect","atu","pic","cap","aut","cep","cept"],"rp":["ica","ecau","ept","eak"]},"46":{"input":[2,3,4,6],"tlp":["cou",38026],"trp":["out",63916],"tlw":["city",2930],"trw":["out",24396],"lp":["cou","wou","ctio","cy","city","week","cio","ciou","tou"],"rp":["out","oke","ock","ooke","yet","oic","oice","oci","iew","utio","ety"]},"47":{"input":[1,2,3,4,6],"tlw":["type",863],"lp":[],"rp":[]},"48":{"input":[5,6],"base":"d","baseshift":"D","tlp":["th",1104883],"trp":["ht",56378],"tlw":["th",802],"lp":["th","dd","dh","thd","ddh","tth"],"rp":["ht","hd","hth","htt"]},"49":{"input":[1,5,6],"tlp":["ad",140314],"trp":["hat",148416],"tlw":["that",110865],"trw":["had",63389],"lp":["ad","tha","that","da","ath","add","dat","dad","ada","data","atth","dha","ddha","thda","dadd"],"rp":["hat","had","hatt","hda","hath"]},"50":{"input":[2,5,6],"tlp":["wh",148489],"trp":["oth",46489],"tlw":["who",23669],"trw":["how",14162],"lp":["wh","do","tho","who","dow","bot","bod","both","doo","tood","bt","wd","tod"],"rp":["oth","od","how","ood","hot","odd","owd"]},"51":{"input":[1,2,5,6],"tlp":["wha",30534],"trp":["oad",3493],"tlw":["what",26770],"trw":["oath",137],"lp":["wha","what","tab","bat","bad","ado","batt","toda","boat","adow","dwa","daw","bath","bta","tba","atho"],"rp":["oad","oda","hado","obta"]},"52":{"input":[3,5,6],"tlp":["the",718961],"trp":["ed",326541],"tlw":["the",506536],"trw":["ed",253],"lp":["the","de","ch","ted","ded","che","tch","ced","dec","cted","ched","dde","dee"],"rp":["ed","eth","eed","hed","ethe","jec","ject"]},"53":{"input":[1,3,5,6],"tlp":["cha",21540],"trp":["ead",29380],"tlw":["death",2323],"trw":["each",6050],"lp":["cha","ach","ade","dea","athe","ated","atch","ache","tead","deat","aced","dead","date"],"rp":["ead","each","head","eath","eade","jac","hate"]},"54":{"input":[2,3,5,6],"tlp":["whe",44709],"trp":["othe",34663],"tlw":["bed",1960],"trw":["object",689],"lp":["whe","bec","bet","cho","wed","doe","choo","betw","bed","beco","bett","bjec","whet","doc","doct"],"rp":["othe","howe","owed","ode","ojec"]},"55":{"input":[1,2,3,5,6],"tlw":["watch",1263],"trw":["jaw",167],"lp":[],"rp":[]},"56":{"input":[4,5,6],"tlp":["di",96016],"trp":["id",100069],"tlw":["did",12252],"trw":["hit",1079],"lp":["di","thi","ft","did","dif","diff","dit","tif","diti","fit","ddi","fift"],"rp":["id","ith","hit","ift","idd","ithi","kid","idi"]},"57":{"input":[1,4,5,6],"tlp":["aid",27860],"trp":["hapt",2000],"tlw":["paid",1096],"trw":["ida",198],"lp":["aid","aft","fat","adi","fath","dia","path","diat","taf","taff","addi","paid","pid","dai","adit","fait","aith"],"rp":["hapt","ida","hak"]},"58":{"input":[2,4,5,6],"tlp":["with",75749],"trp":["yth",7557],"tlw":["with",67032],"lp":["with","whi","dy","why","body","book","bit","whit","doi","thy","wif","food","wid","foot"],"rp":["yth","ythi","itho","ody","othi","oft"]},"59":{"input":[1,2,4,5,6],"tlw":["day",8306],"trw":["habit",454],"lp":[],"rp":[]},"60":{"input":[3,4,5,6],"tlp":["thei",26847],"trp":["ide",35753],"tlw":["feet",2131],"trw":["effect",1185],"lp":["thei","du","fte","chi","fic","ffic","die","duc","tud"],"rp":["ide","ich","hic","ked","hich","uch","ud","ied","edi","ethi","uth"]},"61":{"input":[1,3,4,5,6],"tlw":["face",4765],"trw":["idea",2885],"lp":[],"rp":[]},"62":{"input":[2,3,4,5,6],"tlw":["but",49620],"trw":["office",2363],"lp":[],"rp":[]},"63":{"input":[1,2,3,4,5,6],"tlw":["about",23108],"trw":["hoped",506],"lp":[],"rp":[]},"64":{"input":[7],"base":"n","baseshift":"N","trp":["nn",20957],"trw":["n",169],"lp":[],"rp":["nn"]},"65":{"input":[1,7],"base":"'","baseshift":"\"","tlp":["an",578917],"trp":["na",51349],"tlw":["an",29559],"trw":["'",14271],"lp":["an","ann","an'","ana","anna","a'","a'a","aan"],"rp":["na","n'","nan","nna","''","'a","nann","'an","'n"],"special":"punc"},"66":{"input":[2,7],"base":"q","baseshift":"Q","trp":["on",380429],"tlw":["q",103],"trw":["on",61313],"lp":[],"rp":["on","no","oon","nno","ono","onn","non","noo","noon","nq","onq","nnon","oq"]},"67":{"input":[1,2,7],"tlp":["ano",7268],"trp":["on'",11539],"trw":["o'",138],"lp":["ano","anno","aq","anon","anq"],"rp":["on'","ona","o'","oan","onna","onan","noa","'no","oan'","'o"]},"68":{"input":[3,7],"base":"v","baseshift":"V","tlp":["ve",240401],"trp":["en",361122],"tlw":["v",386],"trw":["even",12216],"lp":["ve","ven"],"rp":["en","ne","ev","eve","een","even","ene","nev","nv","neve","nee","nne","nve","enn","nen","nven","enne","env"]},"69":{"input":[1,3,7],"tlp":["av",63772],"trp":["e'",16794],"tlw":["van",633],"lp":["av","ave","va","ane","van","anne","aven","ava"],"rp":["e'","ean","eav","nea","'v","'ve","eave","en'","ena","eva","ne'","nav"]},"70":{"input":[2,3,7],"tlp":["vo",13509],"trp":["one",63385],"tlw":["von",319],"trw":["one",30730],"lp":["vo","von"],"rp":["one","ov","ove","eq","eno","onv","eon","eone","onve","onne","evo","nov","nvo","none","nove","nnov","onen","eov"]},"71":{"input":[1,2,3,7],"tlp":["avo",2634],"trp":["one'",1039],"lp":["avo","aneo"],"rp":["one'","ova","nova","eano","eavo","oe'","eona","oane","ovna"]},"72":{"input":[4,7],"base":"x","baseshift":"X","tlp":["xi",4595],"trp":["in",644105],"tlw":["x",233],"trw":["in",155002],"lp":["xi","xin","xii","xiii"],"rp":["in","ni","nin","ini","inn","ix","nni","inin","nnin","inni","nx","nxi","nix","ixi","ixin"]},"73":{"input":[1,4,7],"tlp":["ain",43995],"trp":["i'",14185],"tlw":["pain",1250],"trw":["'i",461],"lp":["ain","xp","ani","pan","pin","xa","pain","ppin","pani","aini","ax","anin","xan","apan","anx"],"rp":["i'","ina","ian","nia","inan"]},"74":{"input":[2,4,7],"trp":["ion",94353],"trw":["nixon",129],"lp":[],"rp":["ion","ny","oin","yin","yon","nio","oni","nion","ox","nyo","nyon","yn","iq","ony","nny","inno","iny","inio","ino","niq"]},"75":{"input":[1,2,4,7],"tlp":["any",30867],"trp":["iona",6976],"tlw":["any",10758],"trw":["opinion",667],"lp":["any","pon","poin","ayin","pany","anyo","apon","anio","xpo","any'","ay'","ppon"],"rp":["iona","y'","opin","yan","onia","ny'","iano","yna"]},"76":{"input":[3,4,7],"tlp":["vi",54014],"trp":["un",97406],"tlw":["vi",155],"trw":["nine",768],"lp":["vi","vin","vie"],"rp":["un","iv","ive","ex","ine","ien","nu","ivi","uni","ein","eni","inu","iev","inv","evi","ieve","nex"]},"77":{"input":[1,3,4,7],"tlp":["pen",17197],"trp":["exp",16071],"tlw":["avenue",408],"trw":["i've",2219],"lp":["pen","xpe","avi","avin","aine","ppen","pene","pine","aun"],"rp":["exp","expe","u'","exa","iva","i'v","i've","epen","una","eani","eavi"]},"78":{"input":[2,3,4,7],"tlp":["qu",27187],"trp":["oun",39137],"tlw":["queen",763],"trw":["union",600],"lp":["qu","qui","que","vio","voi","viou","quen"],"rp":["oun","equ","nou","ovi","youn","ney","enou","yone","oney","equi","eque","ovin","ovie"]},"79":{"input":[1,2,3,4,7],"tlw":["anyone",1715],"trw":["upon",4442],"lp":[],"rp":[]},"80":{"input":[5,7],"base":"g","baseshift":"G","tlp":["gh",90668],"trp":["ng",301290],"tlw":["g",298],"lp":["gh","gn","gg"],"rp":["ng","hn","nh","ngn","ngh","hnn"]},"81":{"input":[1,5,7],"tlp":["ag",47829],"trp":["han",36890],"tlw":["gang",279],"trw":["hang",373],"lp":["ag","ga","ang","aga","gan","anag","gna","gag","agg","g'","agn","agan","gang"],"rp":["han","hang","nag","nha","nga","ngag","ng'"]},"82":{"input":[2,5,7],"tlp":["go",53049],"trp":["ong",22252],"tlw":["go",9032],"lp":["go","goo","gon","bon","gno","gho","ghb","ghbo","goog"],"rp":["ong","og","hon","ohn","ogn","nob","hono","nobo","oog","nb","hno"]},"83":{"input":[1,2,5,7],"tlp":["ban",5102],"trp":["nab",1526],"tlw":["ago",1471],"trw":["noah",100],"lp":["ban","ago","goa","bag","aban","agon","gab","bona","bagh"],"rp":["nab","ho'","onab","oga","nhab","ogan","onag","'b","noah","ohn'","'oh"]},"84":{"input":[3,5,7],"tlp":["ge",97282],"trp":["hen",50214],"tlw":["gene",85],"trw":["egg",150],"lp":["ge","gen","gene","gge","ghe","gne","veh"],"rp":["hen","eg","nge","eng","ege","nj","enj","enge","neg","hene","egg","egen","nhe"]},"85":{"input":[1,3,5,7],"tlp":["age",21698],"trp":["hav",41867],"tlw":["gave",3038],"trw":["have",35739],"lp":["age","ange","gav","gave","agen","gage","vag"],"rp":["hav","have","he'","ega","egan","nage","heav","eag","ehav","jan","enga","jean","jane"]},"86":{"input":[2,3,5,7],"tlp":["been",20749],"trp":["oge",4232],"tlw":["been",20749],"trw":["john",1863],"lp":["been","beg","ben","gone","gov","bov","bove","gove","bene","geo","bv","goe"],"rp":["oge","onge","hone","john","njo","enjo","ego","obv"]},"87":{"input":[1,2,3,5,7],"tlw":["began",3725],"trw":["joan",332],"lp":[],"rp":[]},"88":{"input":[4,5,7],"tlp":["gi",33313],"trp":["ing",245338],"tlw":["fig",732],"trw":["high",3405],"lp":["gi","fin","gin","fig","ging"],"rp":["ing","ig","hin","igh","hing","ning","nf","ign","nig","nigh","hig","high","inf","ngi","ngin"]},"89":{"input":[1,4,5,7],"tlp":["gai",12716],"trp":["iga",1887],"tlw":["again",7165],"trw":["hanging",518],"lp":["gai","gain","agai","ping","fina","agi","agin","aig","gani","fan","gina","aigh","pag","angi","gia","aign"],"rp":["iga","iag","igna","nfa"]},"90":{"input":[2,4,5,7],"tlp":["goi",7117],"trp":["ying",10969],"tlw":["going",6947],"trw":["ongoing",108],"lp":["goi","goin","big","gy","bin","gio","bing","box"],"rp":["ying","oing","onf","nfo","info","onfi","ogni","ogi","igio","igno","ogy","ighb"]},"91":{"input":[1,2,4,5,7],"tlw":["paying",444],"trw":["hoping",381],"lp":[],"rp":[]},"92":{"input":[3,4,5,7],"tlp":["gu",19194],"trp":["ug",51619],"tlw":["give",3971],"trw":["evening",1505],"lp":["gu","ving","giv","give","gue","fiv","five","fun","gine"],"rp":["ug","ugh","eing","ung","eig","hun","egi","eigh","ugg","ehin","egin"]},"93":{"input":[1,3,4,5,7],"tlw":["page",587],"trw":["having",3594],"lp":[],"rp":[]},"94":{"input":[2,3,4,5,7],"tlw":["being",7746],"trw":["enough",4614],"lp":[],"rp":[]},"95":{"input":[1,2,3,4,5,7],"tlw":["phone",1178],"trw":["heavy",1152],"lp":[],"rp":[]},"96":{"input":[6,7],"base":"r","baseshift":"R","tlp":["rt",81050],"trp":["nt",218499],"tlw":["r",211],"lp":["rt","tr","rn","rr","tn","ttr","rtn","rtr","rnt"],"rp":["nt","ntr","nr"]},"97":{"input":[1,6,7],"tlp":["ar",265629],"trp":["'t",37625],"tlw":["ran",1611],"lp":["ar","ra","ant","art","tra","tan","rat","ran","t'","arr","tar","rta","arn","tant","ara"],"rp":["'t","n't","nat","nta","'r"]},"98":{"input":[2,6,7],"tlp":["ro",170933],"trp":["or",314634],"tlw":["town",2110],"trw":["not",43106],"lp":["ro","wor","wn","tor","ron","tro","row","roo","wr","ton"],"rp":["or","not","now","own","ort","nto","ont","oor","nor","orn"]},"99":{"input":[1,2,6,7],"tlp":["war",17594],"trp":["on't",11002],"tlw":["want",6609],"trw":["narrow",524],"lp":["war","wan","want","aro","anot","roa","raw","rwa","rwar","awar","won'","awn"],"rp":["on't","orta","ora","owar","onta","oar","orwa","orat"]},"100":{"input":[3,6,7],"tlp":["re",464927],"trp":["er",558051],"tlw":["ten",1916],"trw":["never",9168],"lp":["re","ver","ter","cr","ten","rc","ren","ree","rec","tter"],"rp":["er","ere","ent","nc","nce","ever","nte","enc","ence","ner"]},"101":{"input":[1,3,6,7],"tlp":["rea",59674],"trp":["ear",54836],"tlw":["are",29172],"trw":["near",2012],"lp":["rea","are","can","anc","reat","ance","car","rac","ater","rate","crea","ract","arc","care","ante"],"rp":["ear","era","'re","erat","earn"]},"102":{"input":[2,3,6,7],"tlp":["wer",47082],"trp":["ore",43307],"tlw":["were",34909],"trw":["over",12910],"lp":["wer","con","were","cont","wen","went","cor","cro","rov","ween","conc","rew"],"rp":["ore","over","new","onc","once","ower","orc","econ"]},"103":{"input":[1,2,3,6,7],"tlw":["water",2519],"trw":["ocean",381],"lp":[],"rp":[]},"104":{"input":[4,6,7],"tlp":["ri",146328],"trp":["ir",91496],"tlw":["tin",227],"trw":["ink",130],"lp":["ri","tin","rk","rin","rit","tri","rri","xt","rti","rni","ttin","rnin"],"rp":["ir","int","kin","kn","nti","nk","ink","nit"]},"105":{"input":[1,4,6,7],"tlp":["pr",76723],"trp":["it'",8789],"tlw":["part",4589],"lp":["pr","par","part","pri","rai","air","ari","tain","ark","arri","rati","rp","arti","ria","akin","ank","rain","trai"],"rp":["it'","nati"]},"106":{"input":[2,4,6,7],"tlp":["tion",71969],"trp":["kno",19117],"tlw":["work",8749],"trw":["into",18343],"lp":["tion","ry","work","win","try","rio","rry","tory","rty","wri","writ"],"rp":["kno","into","ork","know","ori","ory","oint","ntio","owin"]},"107":{"input":[1,2,4,6,7],"tlw":["point",3165],"trw":["nation",393],"lp":[],"rp":[]},"108":{"input":[3,4,6,7],"tlp":["ru",29549],"trp":["ur",136165],"tlw":["turn",2317],"trw":["next",4617],"lp":["ru","tur","rie","tiv","ric","ture","rien","tru","tive","turn"],"rp":["ur","eir","ure","eri","unt","ire","inc","inte","urn","enti"]},"109":{"input":[1,3,4,6,7],"tlw":["taken",2592],"trw":["experience",2559],"lp":[],"rp":[]},"110":{"input":[2,3,4,6,7],"tlw":["very",10569],"trw":["your",20504],"lp":[],"rp":[]},"111":{"input":[1,2,3,4,6,7],"tlw":["power",3130],"trw":["you're",4043],"lp":[],"rp":[]},"112":{"input":[5,6,7],"tlp":["ght",56087],"trp":["nd",415919],"tlw":["dr",852],"trw":["nd",119],"lp":["ght","rd","gr","dr","thr","rg","dn","rth","dg","rh","gt","gth","ddr"],"rp":["nd","hr","nth","ndr","ngt","ngr","ngth"]},"113":{"input":[1,5,6,7],"tlp":["and",307129],"trp":["har",16333],"tlw":["and",266855],"trw":["hand",5168],"lp":["and","ard","than","dn'","dn't","gra","arg","tand","rad","dar","dan","gar","dra","rang"],"rp":["har","hand","'d","hat'","hard","nda"]},"114":{"input":[2,5,6,7],"tlp":["br",30536],"trp":["ord",17538],"tlw":["down",11247],"trw":["north",1391],"lp":["br","don","thro","down","good","bro","gro","got","rob","word","bor","rod","door"],"rp":["ord","ond","hro","noth","hor","org","ndo"]},"115":{"input":[1,2,5,6,7],"tlw":["don't",9569],"lp":[],"rp":[]},"116":{"input":[3,5,6,7],"tlp":["ther",83716],"trp":["her",160213],"tlw":["there",23867],"trw":["her",47940],"lp":["ther","red","der","get","then","gre","den","ger","ved","dre","rge","rned"],"rp":["her","here","ned","nde","end","nder","ered","nted"]},"117":{"input":[1,3,5,6,7],"tlw":["great",6807],"trw":["heard",3016],"lp":[],"rp":[]},"118":{"input":[2,3,5,6,7],"tlw":["when",27718],"trw":["other",13909],"lp":[],"rp":[]},"119":{"input":[1,2,3,5,6,7],"tlw":["another",6638],"trw":["edward",463],"lp":[],"rp":[]},"120":{"input":[4,5,6,7],"tlp":["fr",62589],"trp":["ight",39009],"tlw":["think",7751],"trw":["night",4461],"lp":["fr","thin","ting","din","ding","ring","fir","rig","righ","fri","rf","didn","find"],"rp":["ight","ind","king","ndi","hink","idn","ndin"]},"121":{"input":[1,4,5,6,7],"tlw":["didn't",7051],"trw":["i'd",3142],"lp":[],"rp":[]},"122":{"input":[2,4,5,6,7],"tlw":["for",70927],"trw":["nothing",5093],"lp":[],"rp":[]},"123":{"input":[1,2,4,5,6,7],"tlw":["anything",3884],"trw":["ordinary",614],"lp":[],"rp":[]},"124":{"input":[3,4,5,6,7],"tlw":["their",26687],"trw":["under",4429],"lp":[],"rp":[]},"125":{"input":[1,3,4,5,6,7],"tlw":["after",12071],"trw":["happened",1976],"lp":[],"rp":[]},"126":{"input":[2,3,4,5,6,7],"tlw":["before",10203],"trw":["often",3952],"lp":[],"rp":[]},"127":{"input":[1,2,3,4,5,6,7],"tlw":["around",6455],"trw":["opened",1401],"lp":[],"rp":[]},"128":{"input":[8],"base":"s","baseshift":"S","tlp":["ss",89478],"tlw":["s",2993],"lp":["ss"],"rp":[]},"129":{"input":[1,8],"base":"-","baseshift":"_","tlp":["as",286499],"trp":["-s",481],"tlw":["as",63759],"trw":["-",1362],"lp":["as","sa","ass","ssa","assa","asa","sas","saa","ssas","sass"],"rp":["-s","-a"],"special":"punc"},"130":{"input":[2,8],"tlp":["so",117437],"trp":["os",70799],"tlw":["so",27040],"lp":["so","soo","sso"],"rp":["os","oss","oos","oso"],"special":"bksp","base":"os"},"131":{"input":[1,2,8],"tlp":["aso",4273],"trp":["oas",835],"lp":["aso","asso","soa","aos","so-"],"rp":["oas","o-","osa","ossa","-o"]},"132":{"input":[3,8],"base":")","baseshift":"]","tlp":["se",231764],"trp":["es",259811],"tlw":["see",9997],"lp":["se","see","sse","ses","sses","sess","sees"],"rp":["es","ess","ese","esse","ees","eese"],"special":"punc"},"133":{"input":[1,3,8],"tlp":["ase",11581],"trp":["eas",23956],"tlw":["sea",1374],"trw":["ease",378],"lp":["ase","sea","asse","ases","seas"],"rp":["eas","ease","essa","esea","easa","e-","-e","eass","-se","e-a","-es"]},"134":{"input":[2,3,8],"tlp":["soe",138],"trp":["ose",25993],"lp":["soe"],"rp":["ose","oes","osse","oose","eso","esso","oses","eos"]},"135":{"input":[1,2,3,8],"trp":["easo",4023],"lp":[],"rp":["easo"]},"136":{"input":[4,8],"base":"?","baseshift":"/","tlp":["si",120170],"trp":["is",263616],"trw":["is",60295],"lp":["si","ssi","sis","ssis","siss"],"rp":["is","isi","iss","issi","isis"],"special":"punc"},"137":{"input":[1,4,8],"tlp":["sp",40374],"trp":["ips",2652],"tlw":["pass",1068],"lp":["sp","sai","ps","pas","asi","pass","spi","assi","spa","aps","ais","sia","sap","asp","sapp","ssia"],"rp":["ips","isa","isp","isap"]},"138":{"input":[2,4,8],"tlp":["sio",15825],"trp":["ys",27984],"lp":["sio","sy","ssio","sys","ssy"],"rp":["ys","osi","ossi","isio","iso","ysi","oys","ois","ios","ysis","iosi","yos","yoss","oosi","osio"]},"139":{"input":[1,2,4,8],"tlp":["pos",16560],"trp":["osp",1974],"tlw":["say",7781],"lp":["pos","ays","say","spo","poss","posi","says","ppos","asy","asio","sayi","psy","sop"],"rp":["osp","ops","y-","ospi","oops","opos","osop"]},"140":{"input":[3,4,8],"tlp":["su",62257],"trp":["us",124701],"tlw":["sue",76],"trw":["us",10609],"lp":["su","ssu","sus","sui","sue","sie"],"rp":["us","use","ies","ise","usi","esi","ues","essi","esu","uss","usu","uis","ussi","uses"]},"141":{"input":[1,3,4,8],"tlp":["spe",18659],"trp":["esp",8233],"tlw":["pause",378],"trw":["usa",134],"lp":["spe","aus","ause","sup","supp","sua","spea","asu","sep","aise","assu","spee","pus"],"rp":["esp","espe","usa","usua","easi","easu","ups"]},"142":{"input":[2,3,4,8],"tlp":["sou",7964],"trp":["ous",26493],"trw":["eyes",5472],"lp":["sou","sey"],"rp":["ous","ious","yes","ouse","eyes","yse","usio","usy","uys","esou","yees","oise","ouis","ousi","eous","eys","uous","osu"]},"143":{"input":[1,2,3,4,8],"tlw":["suppose",803],"trw":["easy",1561],"lp":[],"rp":[]},"144":{"input":[5,8],"base":"m","baseshift":"M","tlp":["sh",119750],"trp":["ms",20491],"trw":["m",1273],"lp":["sh","sm","shm","ssm","ssh"],"rp":["ms","mm","hs","hm","mms"]},"145":{"input":[1,5,8],"tlp":["am",72035],"trp":["ma",137500],"tlw":["am",4235],"trw":["has",11125],"lp":["am","sha","sam","sma","ash","ama","ams","sham","amm","aham","asm","asha"],"rp":["ma","has","mas","ham","mma","mass","-m","-ma"]},"146":{"input":[2,5,8],"tlp":["som",32033],"trp":["om",158331],"tlw":["boss",848],"trw":["mom",1398],"lp":["som","sho","bs","sb","bos","smo"],"rp":["om","mo","mb","mos","hos","omm","hom","oom","mom","obs","mmo","ommo","omb","moo"]},"147":{"input":[1,2,5,8],"tlp":["amo",4702],"trp":["oma",6690],"tlw":["bass",106],"trw":["obama",363],"lp":["amo","bas","amb","abs","sba","abso","bass","bam","bama","amba"],"rp":["oma","omma","mba","mbas","homa","omas","obam","hamb","-b","omba"]},"148":{"input":[3,5,8],"tlp":["she",58316],"trp":["me",235102],"tlw":["she",45928],"trw":["me",30278],"lp":["she","seem"],"rp":["me","em","hem","eme","hes","mes","hese","eem","mse","mem","ems","mme","eeme","emem","mee","hems","emse","eems"]},"149":{"input":[1,3,5,8],"tlp":["ame",34012],"trp":["mea",9606],"tlw":["same",6718],"trw":["james",771],"lp":["ame","same","ames","ashe","amme"],"rp":["mea","ema","eam","maj","hame","jam","meas","eams","hase","jame","eame","emma","e-m","e-ma","mae"]},"150":{"input":[2,3,5,8],"tlp":["some",31924],"trp":["ome",63421],"tlw":["some",15162],"trw":["home",4865],"lp":["some","bes","bse","semb"],"rp":["ome","hose","mbe","emb","embe","emo","home","memb","mome","meo","omeo","omes","obse","memo","omme","jobs"]},"151":{"input":[1,2,3,5,8],"tlw":["base",538],"lp":[],"rp":[]},"152":{"input":[4,5,8],"tlp":["shi",11339],"trp":["his",109386],"tlw":["fish",451],"trw":["his",69304],"lp":["shi","sim","smi","sf","fis"],"rp":["his","im","mi","him","ish","mis","ims","hims","miss","imi","mmi","imm","mf","ism","isf"]},"153":{"input":[1,4,5,8],"tlp":["ami",8211],"trp":["mp",43386],"tlw":["ship",877],"trw":["map",280],"lp":["ami","fam","fami","ship","amp","simp","fas","aim","ashi","saf","pm"],"rp":["mp","imp","mpa","ima","mai","haps","iam","hips","-f"],"special":"numsym"},"154":{"input":[2,4,5,8],"tlp":["sib",6869],"trp":["my",49697],"tlw":["boys",1175],"trw":["my",40423],"lp":["sib","ssib","sof","sibi","boys","sym","shio"],"rp":["my","omi","mys","ym","mbi","omis","hys","ommi","hysi","omf","mfo","omfo","imb"]},"155":{"input":[1,2,4,5,8],"tlw":["shop",667],"trw":["may",6928],"lp":[],"rp":[]},"156":{"input":[3,4,5,8],"tlp":["sum",4274],"trp":["ime",28758],"tlw":["sum",220],"trw":["jim",446],"lp":["sum","fes","suf","suff"],"rp":["ime","mu","um","jus","mus","imes","imse","ishe","hus","ume","ush","hum","emi","mmu","umm","imme"]},"157":{"input":[1,3,4,5,8],"tlw":["safe",789],"trw":["jump",350],"lp":[],"rp":[]},"158":{"input":[2,3,4,5,8],"tlw":["busy",647],"trw":["house",4935],"lp":[],"rp":[]},"159":{"input":[1,2,3,4,5,8],"tlw":["famous",816],"trw":["maybe",2276],"lp":[],"rp":[]},"160":{"input":[6,8],"base":"z","baseshift":"Z","tlp":["st",260669],"tlw":["st",798],"lp":["st","ts","sts","zz","tst","tz","tts"],"rp":[]},"161":{"input":[1,6,8],"tlp":["sta",40389],"trp":["-t",1205],"tlw":["sat",2253],"lp":["sta","ast","stat","sat","az","tas","za","ats","zat","tast","t-","sast","asta","asts","t-s","t-t","azz","zza","tsta"],"rp":["-t"]},"162":{"input":[2,6,8],"tlp":["sto",21671],"trp":["ost",21248],"tlw":["toss",85],"trw":["oz",100],"lp":["sto","ws","sw","stoo","tos","swo","zo","wso","toss","tso","stot"],"rp":["ost","ows","ots","oz","oots","osts","osto","otos","otst"]},"163":{"input":[1,2,6,8],"tlp":["was",117615],"trp":["oast",835],"tlw":["was",112330],"lp":["was","saw","aws","to-","swa","wast","awso","asto","atso","wats","toas","sota"],"rp":["oast","oats","-tw","-two","-to","-to-","-w","-wo"]},"164":{"input":[3,6,8],"tlp":["ste",30114],"trp":["est",36800],"tlw":["set",3472],"lp":["ste","sc","ces","tes","ze","sec","cess","set","cts","cces","test","cs","tse","sett"],"rp":["est","esc","ets","este","ects","eces"]},"165":{"input":[1,3,6,8],"tlp":["cas",7637],"trp":["east",4973],"tlw":["case",2870],"trw":["east",920],"lp":["cas","ates","aste","case","sca","stea","aces","ccas","seat","sac","cast","aze","acts","stac","asc"],"rp":["east","esta","esca","-c","eats"]},"166":{"input":[2,3,6,8],"tlp":["swe",5581],"trp":["ews",3282],"tlw":["west",1068],"lp":["swe","soc","sco","seco","wes","west","cos","cost","ssoc","stoc","swee","scot","sew"],"rp":["ews","oces","otes","oze","esto","oste","osc"]},"167":{"input":[1,2,3,6,8],"tlw":["coast",540],"lp":[],"rp":[]},"168":{"input":[4,6,8],"tlp":["sti",24448],"trp":["ist",28091],"tlw":["sit",1264],"trw":["its",10155],"lp":["sti","sk","sit","sist","tis","siti","ski","zi","tsi","tist","sitt","stit"],"rp":["ist","its","ks","iz","isti","isit","ists","itis"]},"169":{"input":[1,4,6,8],"tlp":["ask",11409],"trp":["ista",3836],"tlw":["ask",2497],"lp":["ask","sati","past","spit","azi","zati","stai","stak","atis","task","asti","asks","aski","stia","sak","pts","sita"],"rp":["ista","iza","izat"]},"170":{"input":[2,4,6,8],"tlp":["wis",5185],"trp":["osit",4706],"tlw":["sky",622],"lp":["wis","stio","syst","sity","sty","swi","sky","zy","swit","sito","twis","wist"],"rp":["osit","isto","yst","oks","ooks","izo","osti","isky"]},"171":{"input":[1,2,4,6,8],"tlw":["stop",1798],"lp":[],"rp":[]},"172":{"input":[3,4,6,8],"tlp":["suc",11912],"trp":["ust",31229],"tlw":["success",1485],"lp":["suc","stu","ske","ties","cus","sic","sci","cis","succ","stic","cks"],"rp":["ust","iste","esti","ize","uest","kes","isc","uts","ices"]},"173":{"input":[1,3,4,6,8],"tlw":["speak",1583],"trw":["escape",642],"lp":[],"rp":[]},"174":{"input":[2,3,4,6,8],"tlw":["weeks",1328],"trw":["keys",254],"lp":[],"rp":[]},"175":{"input":[1,2,3,4,6,8],"tlw":["spoke",1285],"trw":["opposite",687],"lp":[],"rp":[]},"176":{"input":[5,6,8],"tlp":["ds",32521],"trp":["hts",3276],"lp":["ds","tm","ths","dm","sd","stm","dsh","dds","dst","thm","thst","sht","sth"],"rp":["hts","mst","mt","mth","htm","hst"]},"177":{"input":[1,5,6,8],"tlp":["adm",2373],"trp":["mat",11909],"tlw":["sad",457],"trw":["mad",373],"lp":["adm","dam","ads","sad","shad","tma","adam","amaz","sda","atm","stma","tmas","d-"],"rp":["mat","mad","matt","mast","msta","maz","hast"]},"178":{"input":[2,5,6,8],"tlp":["thos",7914],"trp":["most",15009],"tlw":["show",2474],"trw":["most",10396],"lp":["thos","wom","show","tom","dom","whom","whos","stom","shot","dows","bst","doz","ttom"],"rp":["most","mot","moth","mod","ods","host","oods"]},"179":{"input":[1,2,5,6,8],"tlw":["thomas",561],"lp":[],"rp":[]},"180":{"input":[3,5,6,8],"tlp":["them",24753],"trp":["med",15366],"tlw":["them",21593],"trw":["met",1822],"lp":["them","sed","des","thes","tem","ssed","shed","sch","sted","tme","ches","dem","zed","desc","stem"],"rp":["med","met","meth","emed","meet"]},"181":{"input":[1,3,5,6,8],"tlw":["came",6889],"trw":["made",9696],"lp":[],"rp":[]},"182":{"input":[2,3,5,6,8],"tlw":["those",7914],"lp":[],"rp":[]},"183":{"input":[1,2,3,5,6,8],"tlw":["became",2829],"trw":["matthew",262],"lp":[],"rp":[]},"184":{"input":[4,5,6,8],"tlp":["this",36089],"trp":["mit",4914],"tlw":["this",36089],"trw":["kids",1451],"lp":["this","tim","sid","dis","dist","dmi","tsid","tish","tisf"],"rp":["mit","hist","mid","mist","ids","mitt","midd","kids","mmit","imit","mik"]},"185":{"input":[1,4,5,6,8],"tlw":["said",23960],"trw":["maid",197],"lp":[],"rp":[]},"186":{"input":[2,4,5,6,8],"tlw":["books",1442],"trw":["myth",226],"lp":[],"rp":[]},"187":{"input":[1,2,4,5,6,8],"tlw":["days",3754],"trw":["habits",317],"lp":[],"rp":[]},"188":{"input":[3,4,5,6,8],"tlw":["time",17984],"trw":["just",14589],"lp":[],"rp":[]},"189":{"input":[1,3,4,5,6,8],"tlw":["asked",5484],"trw":["make",9390],"lp":[],"rp":[]},"190":{"input":[2,3,4,5,6,8],"tlw":["sometimes",2685],"trw":["outside",2061],"lp":[],"rp":[]},"191":{"input":[1,2,3,4,5,6,8],"tlw":["because",9879],"trw":["empty",823],"lp":[],"rp":[]},"192":{"input":[7,8],"base":"l","baseshift":"L","tlp":["sl",14047],"trp":["ll",183975],"trw":["l",235],"lp":["sl","sn","ssl"],"rp":["ll","ns","ls","nl","lls","ln","lln","nsl","nns"]},"193":{"input":[1,7,8],"tlp":["al",228009],"trp":["la",103279],"tlw":["all",30772],"trw":["la",689],"lp":["al","all","als","ans","sn'","san","asn","asn'","sla"],"rp":["la","'s","lan","nal","las","'l","'ll","lla","lass","nall","n's"]},"194":{"input":[2,7,8],"tlp":["son",18915],"trp":["lo",103908],"tlw":["soon",3191],"trw":["loss",625],"lp":["son","sol","soon","slo","sons","sq"],"rp":["lo","ol","ons","loo","lon","onl","oll","los","llo","lso","ool","olo","ollo","ols"]},"195":{"input":[1,2,7,8],"tlp":["also",7989],"trp":["onal",8944],"tlw":["also",7989],"trw":["loan",120],"lp":["also","alo","alon","ason","sona","allo","sola","son'"],"rp":["onal","olla","oal","ola","loa","oals","on's","o's","osal","olan","loan","o-n"]},"196":{"input":[3,7,8],"tlp":["sel",25483],"trp":["le",213808],"tlw":["seen",3375],"trw":["less",3333],"lp":["sel","sen","ves","vel"],"rp":["le","el","ell","lle","les","nes","ens","ness","eel","len","less","ele","lv","nse","lve","els"]},"197":{"input":[1,3,7,8],"tlp":["alle",8964],"trp":["lea",26849],"tlw":["save",729],"trw":["leave",2148],"lp":["alle","ale","val","sav","avel","vas","aves"],"rp":["lea","eal","e's","leas","ela","eall","leav","eans","lean","esn'","e'l","e'll","lane"]},"198":{"input":[2,3,7,8],"tlp":["vol",4101],"trp":["ole",7645],"tlw":["solve",211],"trw":["love",3654],"lp":["vol","velo","volv","sov"],"rp":["ole","lov","love","lose","elo","olle","lone","ones","olv","olve","ello","oesn","onse","nvol","olen","evol"]},"199":{"input":[1,2,3,7,8],"tlw":["alone",2184],"trw":["one's",680],"lp":[],"rp":[]},"200":{"input":[4,7,8],"tlp":["sin",21536],"trp":["li",155342],"tlw":["six",1928],"trw":["ill",512],"lp":["sin","sil","ssin","six","sli","xis"],"rp":["li","il","ill","lin","ins","lli","nsi","ili","lis","llin","nis","illi","insi","inis"]},"201":{"input":[1,4,7,8],"tlp":["pl",68379],"trp":["ial",13366],"tlw":["plan",1335],"trw":["i'll",2287],"lp":["pl","pla","ali","ail","ains","plan","pli","xpl","plai","ppl","xpla"],"rp":["ial","lp","lai","lia","inal","lain","iall","lip","ila"]},"202":{"input":[2,4,7,8],"tlp":["sion",15757],"trp":["ly",122921],"tlw":["sly",561],"trw":["only",13824],"lp":["sion","sly"],"rp":["ly","lly","ions","nly","only","ily","oli","onsi","loy","lio","lion","ison","llio","ilo","oil","yl","inly","lyi"]},"203":{"input":[1,2,4,7,8],"tlw":["play",1696],"trw":["lay",1482],"lp":[],"rp":[]},"204":{"input":[3,4,7,8],"tlp":["vis",5954],"trp":["ul",100189],"tlw":["sun",1066],"trw":["live",2131],"lp":["vis","visi","sine"],"rp":["ul","lu","ile","eli","lie","liv","ines","ull","live","usin","elie","line","lue","uil","elli","liev","elin"]},"205":{"input":[1,3,4,7,8],"tlw":["value",1339],"trw":["explain",790],"lp":[],"rp":[]},"206":{"input":[2,3,4,7,8],"tlw":["soul",950],"trw":["louis",534],"lp":[],"rp":[]},"207":{"input":[1,2,3,4,7,8],"tlw":["people",14668],"trw":["usually",1445],"lp":[],"rp":[]},"208":{"input":[5,7,8],"tlp":["gs",15960],"trp":["ngs",13154],"lp":["gs","gl","ghl","ggl","gm","gns","sg","ghs","gnm","ggs"],"rp":["ngs","ngl","lm","nm","hl","nsh","mn","lg","ml","lsh"]},"209":{"input":[1,5,7,8],"tlp":["alm",5014],"trp":["man",42306],"tlw":["small",3786],"trw":["man",9572],"lp":["alm","gla","smal","shal","gam","glan","sag","glas"],"rp":["man","mal","hal","'m","nam","mag","mall","hall","mana","mann","mman","lang"]},"210":{"input":[2,5,7,8],"tlp":["bl",48180],"trp":["mon",15025],"tlw":["song",454],"trw":["long",7506],"lp":["bl","blo","bloo","gol","glo"],"rp":["mon","long","hol","hool","lmo","lmos","obl","log","mong","mbl","mmon","olog","nom","onsh","onom"]},"211":{"input":[1,2,5,7,8],"tlw":["along",3060],"trw":["lab",187],"lp":[],"rp":[]},"212":{"input":[3,5,7,8],"tlp":["ges",7464],"trp":["men",40378],"tlw":["smell",549],"trw":["men",6294],"lp":["ges","gle","vem","gges","veme"],"rp":["men","hel","msel","emen","lem","leg","engl","nme","nmen","ngle","lege","mel","hell","leng","lleg"]},"213":{"input":[1,3,5,7,8],"tlw":["game",1331],"trw":["name",3325],"lp":[],"rp":[]},"214":{"input":[2,3,5,7,8],"tlw":["someone",3001],"trw":["move",1750],"lp":[],"rp":[]},"215":{"input":[1,2,3,5,7,8],"tlw":["able",2600],"trw":["ebola",147],"lp":[],"rp":[]},"216":{"input":[4,5,7,8],"tlp":["fl",14707],"trp":["min",22065],"tlw":["sign",979],"trw":["hill",676],"lp":["fl","sing","sig","sign","fil"],"rp":["min","lf","hil","mil","ling","ings","lif","lig","ligh","mig","migh","ming","lish","mili","nish"]},"217":{"input":[1,4,5,7,8],"tlw":["fall",1195],"trw":["i'm",6537],"lp":[],"rp":[]},"218":{"input":[2,4,5,7,8],"tlw":["bill",951],"trw":["million",900],"lp":[],"rp":[]},"219":{"input":[1,2,4,5,7,8],"tlw":["family",3955],"trw":["many",8068],"lp":[],"rp":[]},"220":{"input":[3,4,5,7,8],"tlw":["feel",4278],"trw":["life",8740],"lp":[],"rp":[]},"221":{"input":[1,3,4,5,7,8],"tlw":["simple",1385],"trw":["help",3633],"lp":[],"rp":[]},"222":{"input":[2,3,4,5,7,8],"tlw":["business",3695],"trw":["money",3556],"lp":[],"rp":[]},"223":{"input":[1,2,3,4,5,7,8],"tlw":["possible",2350],"trw":["impossible",978],"lp":[],"rp":[]},"224":{"input":[6,7,8],"tlp":["rs",105128],"trp":["lt",24155],"lp":["rs","tl","str","rl","rst","ttl","rts","rns","rls","stl","rtl","sr"],"rp":["lt","nts","nst","ntl","lr","nstr","lts","nz"]},"225":{"input":[1,6,7,8],"tlp":["t's",15472],"trp":["lat",15533],"tlw":["start",1979],"trw":["last",4981],"lp":["t's","tal","ars","stan","ral","arl","star","stra","sn't","alt","at's","alr","r's","rsta","ants","ras"],"rp":["lat","lar","last","nsta"]},"226":{"input":[2,6,7,8],"tlp":["stor",8576],"trp":["low",16681],"tlw":["sort",1672],"trw":["lot",2713],"lp":["stor","rso","rson","worl","ros","tol","rol","sor","ross","wl","stro"],"rp":["low","llow","ors","orl","lw","lot","lor","nsw","owl"]},"227":{"input":[1,2,6,7,8],"tlw":["wasn't",3475],"trw":["law",1217],"lp":[],"rp":[]},"228":{"input":[3,6,7,8],"tlp":["res",45093],"trp":["ers",54211],"tlw":["tell",4528],"trw":["let",4207],"lp":["res","cl","tle","tel","rse","ser","ttle","rel","ress","cle","ster","rest","tell","serv","sent","rese","stre"],"rp":["ers","ents","let"]},"229":{"input":[1,3,6,7,8],"tlw":["call",2856],"trw":["later",4588],"lp":[],"rp":[]},"230":{"input":[2,3,6,7,8],"tlw":["well",8952],"trw":["news",1412],"lp":[],"rp":[]},"231":{"input":[1,2,3,6,7,8],"tlw":["across",2659],"trw":["local",1100],"lp":[],"rp":[]},"232":{"input":[4,6,7,8],"tlp":["til",13601],"trp":["lik",24097],"tlw":["still",7621],"trw":["list",991],"lp":["til","ris","till","stil","stin","sir"],"rp":["lik","lit","irs","irst","lk","inst","litt","ittl","ilit","irl","list","kil","ntil","kill"]},"233":{"input":[1,4,6,7,8],"tlw":["talk",2625],"trw":["it's",8558],"lp":[],"rp":[]},"234":{"input":[2,4,6,7,8],"tlw":["will",14271],"trw":["look",5477],"lp":[],"rp":[]},"235":{"input":[1,2,4,6,7,8],"tlw":["always",6467],"trw":["national",867],"lp":[],"rp":[]},"236":{"input":[3,4,6,7,8],"tlw":["since",3793],"trw":["like",19390],"lp":[],"rp":[]},"237":{"input":[1,3,4,6,7,8],"tlw":["place",5268],"trw":["natural",1235],"lp":[],"rp":[]},"238":{"input":[2,3,4,6,7,8],"tlw":["course",3730],"trw":["likely",1530],"lp":[],"rp":[]},"239":{"input":[1,2,3,4,6,7,8],"tlw":["really",4931],"trw":["years",7833],"lp":[],"rp":[]},"240":{"input":[5,6,7,8],"tlp":["rm",33028],"trp":["ld",104617],"trw":["mr",4133],"lp":["rm","dl","rds","rld","rms","ghts","rsh","ddl","rtm","rnm"],"rp":["ld","nds","mr","ldn","lth","ldr","ndl","mrs","nths","htl"],"special":"enter"},"241":{"input":[1,5,6,7,8],"tlw":["that's",4282],"trw":["hands",3247],"lp":[],"rp":[]},"242":{"input":[2,5,6,7,8],"tlw":["world",6250],"trw":["old",6168],"lp":[],"rp":[]},"243":{"input":[1,2,5,6,7,8],"tlw":["almost",3784],"trw":["normal",610],"lp":[],"rp":[]},"244":{"input":[3,5,6,7,8],"tlw":["themselves",2651],"trw":["held",2063],"lp":[],"rp":[]},"245":{"input":[1,3,5,6,7,8],"tlw":["called",4581],"trw":["large",2557],"lp":[],"rp":[]},"246":{"input":[2,3,5,6,7,8],"tlw":["school",3844],"trw":["more",21171],"lp":[],"rp":[]},"247":{"input":[1,2,3,5,6,7,8],"tlw":["table",2154],"trw":["major",1113],"lp":[],"rp":[]},"248":{"input":[4,5,6,7,8],"tlw":["first",11244],"trw":["might",6921],"lp":[],"rp":[]},"249":{"input":[1,4,5,6,7,8],"tlw":["against",4423],"trw":["making",2931],"lp":[],"rp":[]},"250":{"input":[2,4,5,6,7,8],"tlw":["from",35952],"trw":["looking",3174],"lp":[],"rp":[]},"251":{"input":[1,2,4,5,6,7,8],"tlw":["probably",2197],"trw":["important",2765],"lp":[],"rp":[]},"252":{"input":[3,4,5,6,7,8],"tlw":["felt",4669],"trw":["left",5159],"lp":[],"rp":[]},"253":{"input":[1,3,4,5,6,7,8],"tlw":["perhaps",2737],"trw":["instead",2310],"lp":[],"rp":[]},"254":{"input":[2,3,4,5,6,7,8],"tlw":["would",27522],"trw":["looked",5103],"lp":[],"rp":[]},"255":{"input":[1,2,3,4,5,6,7,8],"tlw":["already",3329],"lp":[],"rp":[]}}