{"0":{"value":0,"notes":["Developer : Zack Dennis (zack@asetniop.com)","Date : 12/12/2014","All code (c) 2014 Pointesa, LLC all rights reserved","Abbreviations :    ","tlp = top left partial","lp = left partials","trp = top right partial","rp = right partials","tlw = top left word","lw = left words","trw = top right word","rw = right words"]},"1":{"input":[1],"base":"a","baseshift":"A","tlp":["aa",410],"tlw":["a",211837],"lp":["aa"],"rp":[]},"2":{"input":[2],"base":"s","baseshift":"S","tlp":["ss",89478],"tlw":["s",2993],"lp":["ss"],"rp":[]},"3":{"input":[1,2],"base":"w","baseshift":"W","tlp":["as",286499],"tlw":["was",112330],"lp":["as","wa","was","sa","aw","ass","ws","awa","sw","ssa","saw","assa","aws","asa","swa","sas","ww","saa","www","ssas"],"rp":[]},"4":{"input":[3],"base":"e","baseshift":"E","tlp":["ee",129154],"tlw":["e",471],"lp":["ee"],"rp":[]},"5":{"input":[1,3],"base":"x","baseshift":"X","tlp":["ea",216643],"tlw":["x",233],"lp":["ea","ex","xa","exa","xe","exe","ax","ae","axe","eea"],"rp":[]},"6":{"input":[2,3],"base":"d","baseshift":"D","tlp":["ed",326541],"tlw":["see",9997],"lp":["ed","es","se","de","ess","ds","see","sed","ese","ded","des","eed","sse","dd","ses","ssed","esse","dde","dee","sses"],"rp":[]},"7":{"input":[1,2,3],"tlp":["ad",140314],"tlw":["we",33258],"lp":["ad","we","da","ew","ead","eas","ade","dea","ase","wee","sea","wed","swe","wea","asse","ease","add","ews","eade","essa"],"rp":[]},"8":{"input":[4],"base":"t","baseshift":"T","tlp":["tt",55910],"tlw":["t",670],"lp":["tt"],"rp":[]},"9":{"input":[1,4],"base":"f","baseshift":"F","tlp":["at",371419],"tlw":["at",51085],"lp":["at","ta","fa","ff","ft","af","att","aft","tat","fat","aff","tta","atta","tf","taf","taff","ata","ffa","affa","atf"],"rp":[]},"10":{"input":[2,4],"base":"c","baseshift":"C","tlp":["st",260669],"tlw":["c",872],"lp":["st","ct","ts","sc","cc","tc","sts","cts","cs","tst","cst","tts","stc"],"rp":[]},"11":{"input":[1,2,4],"tlp":["ca",118675],"tlw":["fact",3233],"lp":["ca","ac","sta","act","tw","ast","fac","cat","acc","cas","stat","wat","sat","atc","fact","tac","sca","watc","sf","fas"],"rp":[]},"12":{"input":[3,4],"base":"r","baseshift":"R","tlp":["er",558051],"tlw":["tree",670],"lp":["er","re","te","et","ere","rt","tr","ter","rr","tte","ree","ett","tter","tre","ret","eet","ert","ette","ete","rte"],"rp":[]},"13":{"input":[1,3,4],"tlp":["ar",265629],"tlw":["are",29172],"lp":["ar","ra","fe","fr","rea","ear","are","ate","ef","art","eat","tra","rat","fte","reat","era","ffe","arr","afte","fter"],"rp":[]},"14":{"input":[2,3,4],"tlp":["ce",144944],"tlw":["set",3472],"lp":["ce","rs","ec","ers","ted","rd","res","est","red","der","cr","ect","ste","dr","str","rc","ces","rst","rec","rse"],"rp":[]},"15":{"input":[1,2,3,4],"tlp":["wer",47082],"tlw":["were",34909],"lp":["wer","were","ard","ace","war","car","eca","ars","eac","read","rac","ears","ated","wr","ward","star","twe","stra","crea","reas"],"rp":[]},"16":{"input":[5],"base":"n","baseshift":"N","trp":["nn",20957],"trw":["n",169],"lp":[],"rp":["nn"]},"17":{"input":[1,5],"base":"q","baseshift":"Q","tlp":["an",578917],"trp":["na",51349],"tlw":["an",29559],"lp":["an","ann","ana","anna","aq","aan","anq"],"rp":["na","nan","nna","nq","nann"]},"18":{"input":[2,5],"base":"j","baseshift":"J","tlp":["sn",9321],"trp":["ns",85305],"trw":["j",365],"lp":["sn"],"rp":["ns","nj","nns"]},"19":{"input":[1,2,5],"tlp":["wn",31110],"trp":["ja",7328],"tlw":["san",544],"trw":["jaw",167],"lp":["wn","ans","wan","san","asn","answ","wasn","aj","sq","awn","asan","sna","wns","anw"],"rp":["ja","nsw","jan","nw","nsa","nwa"]},"20":{"input":[3,5],"base":"y","baseshift":"Y","tlp":["en",361122],"trp":["ne",208843],"tlw":["eye",1504],"trw":["ye",442],"lp":["en","ey","een","ene","eye","enn","enne","eny","enny"],"rp":["ne","ye","ny","nee","nne","ney","yn","nen","nny","yee","yne"]},"21":{"input":[1,3,5],"tlp":["ay",87083],"trp":["yea",12043],"tlw":["any",10758],"trw":["nay",83],"lp":["ay","any","ean","eq","ane","aye","anne","ena","xan","exan","anx","eane","enan","enea"],"rp":["yea","nea","nex","ya","nx","yan"]},"22":{"input":[2,3,5],"tlp":["end",27020],"trp":["nd",415919],"tlw":["eyes",5472],"trw":["need",4397],"lp":["end","dy","den","sen","dn","ens","sy","ense"],"rp":["nd","ned","ys","nde","nes","nds","ness","je","yes","nse","need","nded"]},"23":{"input":[1,2,3,5],"tlp":["and",307129],"trp":["new",18090],"tlw":["and",266855],"trw":["new",10172],"lp":["and","way","day","ays","say","wen","ways","ady","ands","away","eady","ween","dan","days","ande","says","sand"],"rp":["new","nda","nswe"]},"24":{"input":[4,5],"base":"b","baseshift":"B","tlp":["bt",3003],"trp":["nt",218499],"tlw":["b",695],"lp":["bt","tn","bb","tb"],"rp":["nt","nb"]},"25":{"input":[1,4,5],"tlp":["ab",55519],"trp":["nat",11510],"tlw":["fan",245],"lp":["ab","ba","ant","tan","tant","tab","ban","bab","bat","fan","batt","anta","fant","abb"],"rp":["nat","nf","nta","nab","nfa","nant"]},"26":{"input":[2,4,5],"tlp":["bs",6980],"trp":["nc",79565],"tlw":["bc",95],"lp":["bs","bj","sb","bst","bts","bc","bsc","bbs","cn","cb","cbs","stn"],"rp":["nc","nts","nst","nsc","nct","ncts"]},"27":{"input":[1,2,4,5],"tlp":["can",27607],"trp":["nsta",3211],"tlw":["can",15149],"lp":["can","anc","stan","bac","want","tanc","bas","ants","cann","abs","sba","sban","stab","sant","cq","acq","cans"],"rp":["nsta","jac","nanc"]},"28":{"input":[3,4,5],"tlp":["be",175052],"trp":["nte",31075],"tlw":["be",44932],"trw":["yet",4449],"lp":["be","ent","ry","ty","rn","by","br","ery","ten","ren","bee","been","ber","rne","ern","bet"],"rp":["nte","ner","nter","ntr"]},"29":{"input":[1,3,4,5],"tlp":["ran",19074],"trp":["year",11125],"tlw":["ran",1611],"trw":["next",4617],"lp":["ran","ary","bef","arn","bea","ante","earn","bra","brea","aren","tran","ften","anyt","bar","rtan","req"],"rp":["year","nera","next","near"]},"30":{"input":[2,3,4,5],"tlp":["enc",25606],"trp":["nce",54473],"tlw":["best",3733],"lp":["enc","ence","bec","ents","cen","cent","rned","dent","sent","bes","renc","bed","cy","tend"],"rp":["nce","nder","nted","jec","ject","nces"]},"31":{"input":[1,2,3,4,5],"tlw":["went",6413],"trw":["years",7833],"lp":[],"rp":[]},"32":{"input":[6],"base":"i","baseshift":"I","trp":["ii",1762],"trw":["i",117501],"lp":[],"rp":["ii","iii"]},"33":{"input":[1,6],"base":"z","baseshift":"Z","tlp":["ai",104869],"trp":["ia",38456],"tlw":["aziz",61],"lp":["ai","az","za","zi","azi","zz","azz","zza","ziz","aziz"],"rp":["ia","iz","iza","izi","izz","izza","iai"]},"34":{"input":[2,6],"base":"k","baseshift":"K","tlp":["si",120170],"trp":["is",263616],"trw":["is",60295],"lp":["si","ssi","sk","sis","ski","sks","ssis"],"rp":["is","ki","ik","ks","isi","iss","issi","isk","kis","kiss","iki","isis","isks"]},"35":{"input":[1,2,6],"tlp":["wi",119378],"trp":["ka",3991],"tlw":["ask",2497],"trw":["kaa",57],"lp":["wi","ak","sai","ask","asi","aki","wis","assi","wai","ais","sia","swi","ssia","wak","asks","aski","siz","asis"],"rp":["ka","isa"]},"36":{"input":[3,6],"base":",","baseshift":"<","tlp":["ei",51232],"trp":["ie",85987],"lp":["ei","eei"],"rp":["ie"],"special":"punc"},"37":{"input":[1,3,6],"tlp":["ze",9545],"trp":["ize",5603],"tlw":["xiii",65],"trw":["ix",80],"lp":["ze","xi","exi","aze","ez","eez","eiz","eze","eeze","eize","xie","axi","zei","ezi","eezi","eizi"],"rp":["ize","ix","ixe","ixi"]},"38":{"input":[2,3,6],"tlp":["di",96016],"trp":["id",100069],"tlw":["did",12252],"trw":["kids",1451],"lp":["di","did","sid","side","dis","esi","edi","die","ek","eek","ske","essi"],"rp":["id","ke","ide","ike","ked","ies","ied","ise"]},"39":{"input":[1,2,3,6],"tlp":["ake",27987],"trp":["idea",4816],"tlw":["said",23960],"trw":["idea",2885],"lp":["ake","aid","said","eak","aske","adi","dia","akes","week","six","zed","eadi","easi","edia","xis","aise"],"rp":["idea","iew","ized","ida"]},"40":{"input":[4,6],"base":"v","baseshift":"V","tlp":["ti",213739],"trp":["it",311028],"tlw":["tv",551],"trw":["it",92474],"lp":["ti","vi","tiv","tti","tit","vit","tivi","viv","titi","ttit","viti","tv"],"rp":["it","iv","iti","itt","ivi","itti","itiv","ivit"]},"41":{"input":[1,4,6],"tlp":["fi",67126],"trp":["if",58122],"tlw":["fit",689],"trw":["if",25154],"lp":["fi","av","ati","va","tai","ffi","avi","ait","fai","tia","tati","ativ","vat","tif"],"rp":["if","iff","ita","ift","iat","ifi"]},"42":{"input":[2,4,6],"tlp":["ck",51278],"trp":["ic",118179],"tlw":["sit",1264],"trw":["its",10155],"lp":["ck","ci","sti","cti","tic","sit","cit","vis","vic","sist","sic","ctiv","visi","tis"],"rp":["ic","ist","its","ick","ici","ict"]},"43":{"input":[1,2,4,6],"tlp":["wit",77056],"trp":["ica",19163],"tlw":["wait",1256],"trw":["isaac",209],"lp":["wit","ack","tak","fic","cia","acti","ffic","wait","tica","sati","cati","wif","taki","fici","aci"],"rp":["ica","ista","icat","ific","icia"]},"44":{"input":[3,4,6],"tlp":["ve",240401],"trp":["ir",91496],"tlw":["ever",4714],"trw":["ive",85],"lp":["ve","ri","ver","ev","eve","ever","eir","rie","eri","rit","rv","tri","rri","tive","erv","rti"],"rp":["ir","ive","ite","ire"]},"45":{"input":[1,3,4,6],"tlp":["ave",49806],"trp":["ife",12017],"tlw":["five",2604],"lp":["ave","fir","rai","air","ari","fri","arri","frie","rati","arti","ria","eav","trai","rtai","fie","eave"],"rp":["ife","iffe","ief","iate"]},"46":{"input":[2,3,4,6],"tlp":["rk",28978],"trp":["ice",25015],"tlw":["tried",2205],"lp":["rk","ved","ves","ric","ris","eci","ecti","serv","esti","ried","cri","rke","cke","vid","ties","vers"],"rp":["ice","irs","irst","iste"]},"47":{"input":[1,2,3,4,6],"tlw":["first",11244],"lp":[],"rp":[]},"48":{"input":[5,6],"base":"h","baseshift":"H","trp":["in",644105],"trw":["in",155002],"lp":[],"rp":["in","hi","ni","hin","nin","ini","inn","nni","inin","hn","nnin","inni","nh","hni","inh","hini","hnn","ih"]},"49":{"input":[1,5,6],"tlp":["ain",43995],"trp":["ha",357027],"tlw":["ah",458],"trw":["han",268],"lp":["ain","ani","ah","aini","zin","anin","aniz","azin"],"rp":["ha","han","ina","ian","hai","niz","nia","iq","inan","niza","nha","niq"]},"50":{"input":[2,5,6],"tlp":["sh",119750],"trp":["his",109386],"tlw":["skin",661],"trw":["his",69304],"lp":["sh","sin","shi","ssin"],"rp":["his","kin","kn","nk","ins","ish","ink","nsi","hink","nis","nki","nkin","hs","nish","inki","insi"]},"51":{"input":[1,2,5,6],"tlp":["wh",148489],"trp":["has",13193],"tlw":["wish",1198],"trw":["has",11125],"lp":["wh","whi","wha","win","sha","ains","akin","ank","ash","wish","ashi","anks","wash","sian","anis","asin","whis"],"rp":["has","hank","ians"]},"52":{"input":[3,5,6],"tlp":["ein",10146],"trp":["he",1036192],"tlw":["eh",128],"trw":["he",92135],"lp":["ein","eh","eni","enin","ehi","ehin"],"rp":["he","hen","hey","ine","hei","ien","hy","yi","yin","hee","hie","nie","nei","inne"]},"53":{"input":[1,3,5,6],"tlp":["aine",5046],"trp":["hea",22882],"tlw":["annie",159],"trw":["yeah",918],"lp":["aine","ayi","ayin","eha","eani","zen","anie","ahe","anxi","ahea","eah","zy","zine","azy","xh","exh"],"rp":["hea","nize","nxi","yeah"]},"54":{"input":[2,3,5,6],"tlp":["she",58316],"trp":["ind",31046],"tlw":["she",45928],"trw":["kind",3481],"lp":["she","din","didn","shed"],"rp":["ind","hes","hed","ndi","hese","ines","ined","iend","iden","idn","kne","ndin","ken","nsid","ishe","indi"]},"55":{"input":[1,2,3,5,6],"tlw":["when",27718],"trw":["had",63389],"lp":[],"rp":[]},"56":{"input":[4,5,6],"tlp":["th",1104883],"trp":["ith",80740],"tlw":["bit",1490],"trw":["hit",1079],"lp":["th","thi","thin","tin","bi","vin","ttin","bit"],"rp":["ith","ht","int","nti","ib","nv","nit","hit","inv","ntin","nth","ivin"]},"57":{"input":[1,4,5,6],"tlp":["tha",132122],"trp":["hat",148416],"tlw":["that",110865],"trw":["hat",521],"lp":["tha","that","ath","fin","than","tain","avin","fath","aint","van","fina","atin","abi","fini"],"rp":["hat","hav","inf","nati","havi","ntai"]},"58":{"input":[2,4,5,6],"tlp":["ch",138742],"trp":["ich",25423],"tlw":["this",36089],"trw":["nick",237],"lp":["ch","this","chi","tch","sib","chin","sch","ssib","stin","sinc","cin"],"rp":["ich","hic","hich","inc","inst","nch","nci","nic","hts"]},"59":{"input":[1,2,4,5,6],"tlw":["with",67032],"trw":["jack",1623],"lp":[],"rp":[]},"60":{"input":[3,4,5,6],"tlp":["the",718961],"trp":["her",160213],"tlw":["the",506536],"trw":["her",47940],"lp":["the","ther","they","ven","thei","very","rin","thr","even","then","eth","enti","rien"],"rp":["her","here","heir","hr","ity","inte","nev"]},"61":{"input":[1,3,4,5,6],"tlw":["father",3696],"trw":["have",35739],"lp":[],"rp":[]},"62":{"input":[2,3,4,5,6],"tlw":["these",9773],"trw":["interest",1336],"lp":[],"rp":[]},"63":{"input":[1,2,3,4,5,6],"tlw":["where",9655],"trw":["heard",3016],"lp":[],"rp":[]},"64":{"input":[7],"base":"o","baseshift":"O","trp":["oo",93108],"trw":["o",531],"lp":[],"rp":["oo"]},"65":{"input":[1,7],"base":"(","baseshift":"[","tlp":["ao",915],"trp":["oa",14939],"lp":["ao"],"rp":["oa"],"special":"punc"},"66":{"input":[2,7],"base":".","baseshift":">","tlp":["so",117437],"trp":["os",70799],"tlw":["so",27040],"lp":["so","soo","sso"],"rp":["os","oss","oos","oso"],"special":"punc"},"67":{"input":[1,2,7],"tlp":["wo",92580],"trp":["ow",122368],"tlw":["wow",113],"lp":["wo","aso","woo","asso","swo","wso","awso","soa","aos","wow","awo","sow"],"rp":["ow","ows","owa","oas","osa","ossa","owo"]},"68":{"input":[3,7],"base":"-","baseshift":"_","tlp":["eo",22601],"trp":["oe",10755],"trw":["-",1362],"lp":["eo","e-"],"rp":["oe","o-","-e","-o"],"special":"punc"},"69":{"input":[1,3,7],"tlp":["xo",296],"trp":["ox",1874],"lp":["xo","exo","e-a","axo"],"rp":["ox","oxe","-a"]},"70":{"input":[2,3,7],"tlp":["do",77376],"trp":["od",44403],"tlw":["do",18689],"trw":["odd",416],"lp":["do","doe","does","doo","eso","esso","edo"],"rp":["od","ose","ood","oes","ode","osed","odd","osse","ods","oose","oods","odde","oses"]},"71":{"input":[1,2,3,7],"tlp":["dow",14691],"trp":["owe",15537],"tlw":["wood",515],"trw":["owed",149],"lp":["dow","easo","ado","wood","dows","adow","sado","ewo"],"rp":["owe","owed","oad","owd","oda","owde","owds","-da","o-da","oads","oade","oxes"]},"72":{"input":[4,7],"base":"g","baseshift":"G","tlp":["to",350815],"trp":["ot",133805],"tlw":["to",249163],"trw":["otto",67],"lp":["to","go","too","goo","got","gg","tog","gt","tto","gott","tot","gto"],"rp":["ot","og","ott","oot","oto","otto","oog","otog"]},"73":{"input":[1,4,7],"tlp":["fo",133745],"trp":["of",272457],"tlw":["ago",1471],"trw":["of",245539],"lp":["fo","ag","ga","aga","foo","gat","tag","ago","ato","ffo","goa","foot","gag","agg","tota"],"rp":["of","off","oft","oat","ota"]},"74":{"input":[2,4,7],"tlp":["co",161789],"trp":["oc",25929],"tlw":["cost",675],"lp":["co","sto","gs","cto","soc","sco","cco","stoo","cog","coo","cos","cost","cot","ssoc"],"rp":["oc","ost","occ","oct","ots","octo"]},"75":{"input":[1,2,4,7],"tlp":["two",12798],"trp":["oac",2483],"tlw":["two",11667],"lp":["two","tow","acco","towa","coa","sag","foc","sof","ssag","soft","acto","stag","cof","coff","coat"],"rp":["oac","oca","occa","oast","ocat"]},"76":{"input":[3,4,7],"tlp":["ro",170933],"trp":["or",314634],"tlw":["get",10986],"trw":["or",34654],"lp":["ro","ge","gr","eg","get","gre","rg","tor","ger","tro","roo","rge","gro","rot"],"rp":["or","ore","ort","ote","oor","orr"]},"77":{"input":[1,3,4,7],"tlp":["for",111436],"trp":["orta",4717],"tlw":["for",70927],"trw":["offer",1014],"lp":["for","fro","age","fore","efo","efor","gra","grea","arg","aro","ega","fort","arge","roa","gar","rag"],"rp":["orta","ora","offe","ofte"]},"78":{"input":[2,3,4,7],"tlp":["eco",13557],"trp":["ord",17538],"tlw":["good",9480],"trw":["order",2602],"lp":["eco","good","cor","stor","ges","rso","erso","cro","ged","ros","dg","rod","dge","door","sor","ross"],"rp":["ord","ors","orde","orc"]},"79":{"input":[1,2,3,4,7],"tlw":["words",3228],"trw":["offered",1121],"lp":[],"rp":[]},"80":{"input":[5,7],"base":"u","baseshift":"U","trp":["on",380429],"trw":["on",61313],"lp":[],"rp":["on","ou","no","un","oun","nu","nou","oon","nno","unn","ono","onn","non","noo","noon","noun","uo","nnou","onou","unu"]},"81":{"input":[1,5,7],"tlp":["au",32369],"trp":["ua",23498],"lp":["au","qu","ano","qua","anno","aun","anu","anua","quan","quo"],"rp":["ua","ona","una","nua","oan","nqu","onna","uan","onq","onqu"]},"82":{"input":[2,5,7],"tlp":["su",62257],"trp":["us",124701],"tlw":["soon",3191],"trw":["us",10609],"lp":["su","son","sou","ssu","soon","soun","sun","sus","sons"],"rp":["us","ons","ous","ju","jo","jus","uss","usu","nsu","njo","oj"]},"83":{"input":[1,2,5,7],"tlp":["wou",29932],"trp":["now",32603],"tlw":["won",495],"trw":["now",13343],"lp":["wou","aus","won","ason","sua","sona","asu","assu","ajo","squ","squa","woun"],"rp":["now","own","nown","usa","usua","usan","ousa","nows"]},"84":{"input":[3,5,7],"tlp":["eno",5765],"trp":["yo",112940],"trw":["you",68463],"lp":["eno","enou","eu","eon","eone"],"rp":["yo","you","one","ue","oy","yon","youn","yone","oney","uy","uen","oye","nue","une","onne"]},"85":{"input":[1,3,5,7],"tlp":["que",9630],"trp":["oya",1710],"tlw":["anyone",1715],"lp":["que","equ","eau","eque","quen","anyo","quee","equa","xu","exu","xua","exua","aneo","xon"],"rp":["oya","unex","ux","nque","uxu","unea"]},"86":{"input":[2,3,5,7],"tlp":["du",19747],"trp":["und",37128],"tlw":["done",3602],"trw":["use",3572],"lp":["du","don","done","esu"],"rp":["und","use","ound","ud","ond","unde","ues","ouse","used","ody","ude","ndo","odu","onde","udd","ones"]},"87":{"input":[1,2,3,5,7],"tlw":["down",11247],"trw":["owned",326],"lp":[],"rp":[]},"88":{"input":[4,5,7],"tlp":["bu",70306],"trp":["ng",301290],"tlw":["but",49620],"trw":["not",43106],"lp":["bu","bo","tu","but","bou","bout","gu","gn"],"rp":["ng","ut","out","not","ug","oug","ong","ob","nto","ont","unt","ub"]},"89":{"input":[1,4,5,7],"tlp":["abo",26472],"trp":["uf",3979],"tlw":["about",23108],"lp":["abo","fu","abou","ang","fou","gan","aug","tua","atu","anot","foun","aut"],"rp":["uf","onf","uff","natu","nfo","nag","oba","uat"]},"90":{"input":[2,4,5,7],"tlp":["con",43239],"trp":["uc",39944],"tlw":["cut",1451],"trw":["just",14589],"lp":["con","cou","cu","suc","cons","cont","stu","coun","bus","cus","ctu","conc"],"rp":["uc","ust","just","ngs","onc","unc","uct","job"]},"91":{"input":[1,2,4,5,7],"tlw":["town",2110],"lp":[],"rp":[]},"92":{"input":[3,4,5,7],"tlp":["rou",33045],"trp":["ur",136165],"tlw":["turn",2317],"trw":["your",20504],"lp":["rou","ru","tur","roug","gen","ture","roun","tru","turn","ron","bro","eng"],"rp":["ur","our","ure","your","nge","urn","ute","nger"]},"93":{"input":[1,3,4,5,7],"tlw":["before",10203],"trw":["often",3952],"lp":[],"rp":[]},"94":{"input":[2,3,4,5,7],"tlw":["course",3730],"trw":["once",5524],"lp":[],"rp":[]},"95":{"input":[1,2,3,4,5,7],"tlw":["because",9879],"trw":["understand",2238],"lp":[],"rp":[]},"96":{"input":[6,7],"base":"l","baseshift":"L","trp":["ll",183975],"trw":["oil",657],"lp":[],"rp":["ll","li","io","il","lo","ol","ill","oi","loo","oll","lli","ili","llo","oli","ool","illi","olo","ollo","lio","llio"]},"97":{"input":[1,6,7],"tlp":["al",228009],"trp":["la",103279],"tlw":["all",30772],"trw":["la",689],"lp":["al","all","ali","ail","alo","allo","ala","aliz","alli"],"rp":["la","ial","lai","lia","lla","liz","iall","ila","olla","oal","ola"]},"98":{"input":[2,6,7],"tlp":["sio",15825],"trp":["ok",35246],"tlw":["skills",834],"trw":["look",5477],"lp":["sio","sl","ssio","sol","sil"],"rp":["ok","ls","ook","lik","look","lk","los","lis","lso","osi","ossi","lls","oki","kil","isio"]},"99":{"input":[1,2,6,7],"tlp":["wil",18445],"trp":["low",16681],"tlw":["will",14271],"trw":["low",1274],"lp":["wil","will","als","alk","also","wal","alw","alwa","walk","wl","wall"],"rp":["low","las","llow","lw","lwa","owi","lass","owl","law"]},"100":{"input":[3,6,7],"tlp":["el",142952],"trp":["le",213808],"tlw":["el",99],"trw":["lie",725],"lp":["el","ell","eli","eel","ele","elie","elo","elli","eeli","ello","elle"],"rp":["le","lle","ile","lie","ole","olle","ille","lee","iel"]},"101":{"input":[1,3,6,7],"tlp":["eal",18892],"trp":["lea",26849],"tlw":["alex",152],"lp":["eal","alle","ale","ela","eall","eali","aile","alex","eale","eliz","xio","elea","ael"],"rp":["lea","lex","lize","lexa","oze","llea","lexi"]},"102":{"input":[2,3,6,7],"tlp":["sel",25483],"trp":["ld",104617],"tlw":["else",2789],"trw":["like",19390],"lp":["sel","dl","els","eld","del","dle"],"rp":["ld","like","old","led","les","oke","lled","ild","less","oked","ooke","lose","ldi","lde"]},"103":{"input":[1,2,3,6,7],"tlw":["well",8952],"trw":["lead",1050],"lp":[],"rp":[]},"104":{"input":[4,6,7],"tlp":["tio",72429],"trp":["ig",72061],"tlw":["till",1036],"trw":["lot",2713],"lp":["tio","gi","tl","gl","til","vo","ttl","till","giv"],"rp":["ig","ov","lt","lit","lig","liv","litt","ittl","lv","itio","oti"]},"105":{"input":[1,4,6,7],"tlp":["atio",33167],"trp":["lf",21773],"tlw":["fall",1195],"lp":["atio","tal","fl","gai","agai","alt","val","fol","gla","fig","flo","foll","agi","fil","alit"],"rp":["lf","lat","lif","offi","lati"]},"106":{"input":[2,4,6,7],"tlp":["cl",31724],"trp":["lic",9087],"tlw":["still",7621],"trw":["lost",2029],"lp":["cl","ctio","col","stil","sig","clo","took","clos","stio","cov","coll","soci","ctl"],"rp":["lic","ock","osit","loc","oic","oci","list"]},"107":{"input":[1,2,4,6,7],"tlw":["call",2856],"trw":["last",4981],"lp":[],"rp":[]},"108":{"input":[3,4,6,7],"tlp":["rl",25465],"trp":["ove",39462],"tlw":["tell",4528],"trw":["over",12910],"lp":["rl","tle","tel","ttle","rel","rig","vel","tell","give","rio","elt","rov"],"rp":["ove","over","let","ori","lve","live","orl","love"]},"109":{"input":[1,3,4,6,7],"tlw":["felt",4669],"trw":["life",8740],"lp":[],"rp":[]},"110":{"input":[2,3,4,6,7],"tlw":["told",5605],"trw":["lives",1641],"lp":[],"rp":[]},"111":{"input":[1,2,3,4,6,7],"tlw":["work",8749],"trw":["least",2856],"lp":[],"rp":[]},"112":{"input":[5,6,7],"trp":["ho",160810],"trw":["oh",2847],"lp":[],"rp":["ho","ul","ion","oul","hou","ui","lin","lu","nl","hu","lon","oin","hil","onl","hol","iou","uni","houl","ull","hoo"]},"113":{"input":[1,5,6,7],"tlp":["qui",11723],"trp":["lan",16797],"tlw":["annual",207],"trw":["hall",950],"lp":["qui","alon","alu","qual","ainl","aul"],"rp":["lan","nal","ual","onal","hal","iona","uall","ula","hall","inal","lain","lau","nall","lian"]},"114":{"input":[2,5,6,7],"tlp":["sho",24544],"trp":["kno",19117],"tlw":["soul",950],"trw":["john",1863],"lp":["sho","sion","shou","sul"],"rp":["kno","ions","hos","ious","usi","hous","usin","onsi","lish","hus","okin","ush","lus","lkin","usl","ousl"]},"115":{"input":[1,2,5,6,7],"tlw":["who",23669],"trw":["how",14162],"lp":[],"rp":[]},"116":{"input":[3,5,6,7],"tlp":["ely",17170],"trp":["ly",122921],"trw":["only",13824],"lp":["ely","elin","enl"],"rp":["ly","lly","nly","only","hel","ily","len","hile","line","lue","hole","lone","loy","hone","ully","llen","ule"]},"117":{"input":[1,3,5,6,7],"tlw":["alone",2184],"trw":["lay",1482],"lp":[],"rp":[]},"118":{"input":[2,3,5,6,7],"tlw":["should",7178],"trw":["house",4935],"lp":[],"rp":[]},"119":{"input":[1,2,3,5,6,7],"tlw":["would",27522],"trw":["usually",1445],"lp":[],"rp":[]},"120":{"input":[4,5,6,7],"tlp":["gh",90668],"trp":["ing",245338],"tlw":["thought",7112],"trw":["into",18343],"lp":["gh","tion","ght","bl","tho","ting","thou"],"rp":["ing","igh","oth","ugh","ight","hing","ough","ning","into","ught","houg","long","ling"]},"121":{"input":[1,4,5,6,7],"tlw":["again",7165],"trw":["having",3594],"lp":[],"rp":[]},"122":{"input":[2,4,5,6,7],"tlw":["such",8032],"trw":["looking",3174],"lp":[],"rp":[]},"123":{"input":[1,2,4,5,6,7],"tlw":["without",5841],"lp":[],"rp":[]},"124":{"input":[3,4,5,6,7],"tlw":["through",8798],"trw":["other",13909],"lp":[],"rp":[]},"125":{"input":[1,3,4,5,6,7],"tlw":["another",6638],"lp":[],"rp":[]},"126":{"input":[2,3,4,5,6,7],"tlw":["could",18061],"trw":["others",3864],"lp":[],"rp":[]},"127":{"input":[1,2,3,4,5,6,7],"tlw":["already",3329],"trw":["however",3319],"lp":[],"rp":[]},"128":{"input":[8],"base":"p","baseshift":"P","trp":["pp",37015],"trw":["p",765],"lp":[],"rp":["pp"]},"129":{"input":[1,8],"base":"?","baseshift":"/","tlp":["ap",46764],"trp":["pa",72065],"trw":["pa",273],"lp":["ap","app","apa","appa"],"rp":["pa","pap","ppa","papa"],"special":"punc"},"130":{"input":[2,8],"base":")","baseshift":"]","tlp":["sp",40374],"trp":["ps",13734],"lp":["sp","ssp"],"rp":["ps"],"special":"punc"},"131":{"input":[1,2,8],"tlp":["spa",3930],"trp":["pas",8500],"tlw":["sap",81],"trw":["pass",1068],"lp":["spa","aps","sap","asp","sapp","wsp","wspa","spap","assp"],"rp":["pas","pass","pw","pwa","paw","paws"]},"132":{"input":[3,8],"base":"'","baseshift":"\"","tlp":["ep",39298],"trp":["pe",115056],"trw":["'",14271],"lp":["ep","e'","eep","epe","epp","eppe","eepe"],"rp":["pe","ppe","pee","''","'e","p'"],"special":"punc"},"133":{"input":[1,3,8],"tlp":["xp",16071],"trp":["pea",10889],"lp":["xp","exp","appe","xpe","expe","ape","epa","eap","epea","xpa","expa","a'","eape","a'a","x'","ax'"],"rp":["pea","ppea","pape","'a"]},"134":{"input":[2,3,8],"tlp":["spe",18659],"trp":["'s",36901],"tlw":["deep",1465],"trw":["'s",213],"lp":["spe","e's","esp","e'd","dep","espe","deep","sep","desp","depe","spee","eps","d'","d's"],"rp":["'s","'d","ped","pped","pes","pse"]},"135":{"input":[1,2,3,8],"tlp":["we'",3765],"trp":["'w",281],"tlw":["we'd",695],"trw":["passed",1693],"lp":["we'","spea","depa","sepa","aspe","ewsp","we'd","weap","aped","weep","wep","apes","apse","swep","a's","xped","espa","dpa"],"rp":["'w","peas"]},"136":{"input":[4,8],"tlp":["tp",256],"trp":["pt",19963],"lp":["tp","ttp"],"rp":["pt"],"special":"bksp","base":"tp"},"137":{"input":[1,4,8],"tlp":["apt",4201],"trp":["pat",6411],"tlw":["tap",153],"trw":["pat",193],"lp":["apt","apta","tap","tapp"],"rp":["pat","pta","patt","pf","ptat"]},"138":{"input":[2,4,8],"trp":["pts",388],"lp":[],"rp":["pts","pst","ptc","pc"]},"139":{"input":[1,2,4,8],"tlp":["cap",5240],"trp":["pac",3604],"tlw":["cap",258],"trw":["past",2353],"lp":["cap","capt","spac","scap","capa","apac","spat","fsp","ffsp","caps"],"rp":["pac","past","pact","patc","psta","pats"]},"140":{"input":[3,4,8],"tlp":["t'",15643],"trp":["pr",76723],"trw":["per",611],"lp":["t'","rep","ept","rp","tep","r'","er'","rpr","re'","ere'"],"rp":["pr","'t","per","pre","'r","'re","pte","ppr","pet","pret"]},"141":{"input":[1,3,4,8],"tlp":["at'",5623],"trp":["par",26731],"tlw":["appear",816],"trw":["part",4589],"lp":["at'","xper","epar","rap","appr","aper","apte","repa","xpr","expr","xpre","apar"],"rp":["par","part","pare","pear","pra","perf","pera","para"]},"142":{"input":[2,3,4,8],"tlp":["t's",15472],"trp":["pres",13007],"tlw":["step",1154],"trw":["press",708],"lp":["t's","spec","cep","cept","resp","step","r's","er's","re's","spr","sper","ccep","teps"],"rp":["pres","pec","pers","pect","perc","prec","pted"]},"143":{"input":[1,2,3,4,8],"tlw":["we're",1513],"trw":["perfect",1065],"lp":[],"rp":[]},"144":{"input":[5,8],"base":"m","baseshift":"M","trp":["mp",43386],"trw":["m",1273],"lp":[],"rp":["mp","mm","nm","mn","pm","np"]},"145":{"input":[1,5,8],"tlp":["am",72035],"trp":["ma",137500],"tlw":["am",4235],"trw":["man",9572],"lp":["am","amp","ama","apan","amm","ampa","amn","aman"],"rp":["ma","man","pan","mpa","nam","mpan","mana","mma","mann","mman","nap","map"]},"146":{"input":[2,5,8],"tlp":["sm",13242],"trp":["ms",20491],"trw":["ms",185],"lp":["sm","ssm"],"rp":["ms","nsp","mps","nsm","mns","mms"]},"147":{"input":[1,2,5,8],"tlp":["sam",7005],"trp":["mas",4399],"tlw":["sam",133],"trw":["mass",521],"lp":["sam","sma","ams","span","ansp","amps","snap","asm","assm","ssma"],"rp":["mas","maj","mass","jap","japa","mans","jam","mw","mpas","pans"]},"148":{"input":[3,5,8],"tlp":["em",87362],"trp":["me",235102],"tlw":["enemy",1028],"trw":["my",40423],"lp":["em","eme","eem","emp","emen","eeme","emem"],"rp":["me","my","n'","men","pen","mem","'m","y'","mme","ppen","pene","py","mee"]},"149":{"input":[1,3,5,8],"tlp":["ame",34012],"trp":["may",9648],"tlw":["an'",417],"trw":["many",8068],"lp":["ame","ema","eam","an'","xam","exam","eman","appy","xamp","amen","xpen"],"rp":["may","mea","many","mean","name","pany","pay","pane","man'"]},"150":{"input":[2,3,5,8],"tlp":["dn'",13235],"trp":["med",15366],"tlw":["seemed",4232],"trw":["jem",320],"lp":["dn'","seem","sn'","ems","emed","spen","dem","dm","emse","esn'"],"rp":["med","mes","mse","mys","pend","myse","y's","n's","mmed","pens"]},"151":{"input":[1,2,3,5,8],"tlw":["same",6718],"trw":["made",9696],"lp":[],"rp":[]},"152":{"input":[4,5,8],"tlp":["tm",4765],"trp":["mb",19208],"lp":["tm","bm"],"rp":["mb","mpt","ntm","pb","mt","mpb"]},"153":{"input":[1,4,5,8],"tlp":["fam",7099],"trp":["mat",11909],"trw":["mba",123],"lp":["fam","amb","tma","tnam","atm","apab","amat","bam","bama","amba","tam"],"rp":["mat","matt","mf","mba","mpat","pant","pab","mant","mbat"],"special":"numsym"},"154":{"input":[2,4,5,8],"tlp":["stm",1138],"trp":["mst",943],"lp":["stm"],"rp":["mst","mc","mbs","mpts","mcc","mcs"]},"155":{"input":[1,2,4,5,8],"tlw":["camp",660],"trw":["pants",299],"lp":[],"rp":[]},"156":{"input":[3,4,5,8],"tlp":["rm",33028],"trp":["n't",37419],"tlw":["remember",2277],"trw":["mr",4133],"lp":["rm","rem","emb","erm","tem","embe","reme","rme","temp","tme","tmen"],"rp":["n't","ment","met","mer","mbe","mber","mr","memb","meet"]},"157":{"input":[1,3,4,5,8],"tlw":["army",2073],"trw":["matter",2479],"lp":[],"rp":[]},"158":{"input":[2,3,4,5,8],"tlw":["spent",1640],"trw":["mrs",2541],"lp":[],"rp":[]},"159":{"input":[1,2,3,4,5,8],"tlw":["came",6889],"trw":["parents",2027],"lp":[],"rp":[]},"160":{"input":[6,8],"base":"!","baseshift":"!","trp":["pi",28303],"lp":[],"rp":["pi","ip","ppi","ipp","ippi","pip","ipi"],"special":"punc"},"161":{"input":[1,6,8],"tlp":["appi",2174],"trp":["pai",6465],"trw":["pizza",143],"lp":["appi","api"],"rp":["pai","ipa","pia","piz","pizz","iap","ippa"]},"162":{"input":[2,6,8],"tlp":["spi",5949],"trp":["ips",2652],"tlw":["sip",104],"trw":["piss",63],"lp":["spi","sip","ssip","sipp","skip","spis"],"rp":["ips","isp","pis","kp","pk","pki","piss","kip","psi","kipp"]},"163":{"input":[1,2,6,8],"tlp":["spai",637],"trp":["isap",1148],"lp":["spai","wip","aspi","apk","apki","wipi","apis"],"rp":["isap","ispa","kpa"]},"164":{"input":[3,6,8],"tlp":["epi",1744],"trp":["i'",14185],"trw":["'i",461],"lp":["epi","eepi","eppi"],"rp":["i'","pie","ippe","ipe","'i","pipe","ppie","ip'"]},"165":{"input":[1,3,6,8],"tlp":["epai",321],"trp":["iz'",67],"lp":["epai","z'","eapi"],"rp":["iz'"]},"166":{"input":[2,3,6,8],"tlp":["disp",1152],"trp":["keep",4608],"tlw":["spies",180],"trw":["keep",3496],"lp":["disp","espi","dip","spie","epis"],"rp":["keep","i'd","kep","pid","ispe","pied","pies","pedi","iped","ip's","k'","k's","ipes","kesp","psid"]},"167":{"input":[1,2,3,6,8],"tlw":["speak",1583],"trw":["paid",1096],"lp":[],"rp":[]},"168":{"input":[4,6,8],"tlp":["tip",610],"trp":["pti",3889],"tlw":["tip",221],"trw":["pit",127],"lp":["tip","tipp"],"rp":["pti","pit","ipt","ipti"]},"169":{"input":[1,4,6,8],"tlp":["apit",605],"trp":["pati",1779],"lp":["apit"],"rp":["pati","pita","ptai","ipat","pav","ptia"]},"170":{"input":[2,4,6,8],"tlp":["cip",2669],"trp":["pic",5474],"tlw":["tips",128],"trw":["pick",801],"lp":["cip","spit","spic","scip","tips","ckp"],"rp":["pic","pick","pict","icip","pici","pitc","pist","pics","ptic"]},"171":{"input":[1,2,4,6,8],"trw":["pack",385],"lp":[],"rp":[]},"172":{"input":[3,4,6,8],"tlp":["rip",2627],"trp":["pri",13942],"tlw":["trip",647],"trw":["i've",2219],"lp":["rip","rpri","epti","trip","ript","e'v","e've"],"rp":["pri","it'","peri","'v","'ve","pir","i'v","i've","priv","piri","prev","pite","peti"]},"173":{"input":[1,3,4,6,8],"tlw":["repair",185],"trw":["private",1010],"lp":[],"rp":[]},"174":{"input":[2,3,4,6,8],"tlw":["despite",946],"trw":["it's",8558],"lp":[],"rp":[]},"175":{"input":[1,2,3,4,6,8],"tlw":["we've",750],"trw":["paris",1353],"lp":[],"rp":[]},"176":{"input":[5,6,8],"trp":["im",93559],"trw":["him",28423],"lp":[],"rp":["im","mi","him","min","ph","imp","pin","hip","imi","ppin","mmi","imm","phi","mini","hm","nim","mmin","imin","pini","mpi"]},"177":{"input":[1,5,6,8],"tlp":["ami",8211],"trp":["hap",14305],"tlw":["aim",231],"trw":["pain",1250],"lp":["ami","aim","amin","aph","anim","amaz"],"rp":["hap","happ","ima","mai","main","pain","ham","pani","iam","mina","nima","pha","maz","impa"]},"178":{"input":[2,5,6,8],"tlp":["ship",5146],"trp":["mis",8985],"tlw":["ship",877],"trw":["miss",1642],"lp":["ship","sim","smi","simp","simi","shm","spin"],"rp":["mis","ims","hims","miss","hips","ism","mik","insp","ishm","hisp","nspi","jim","km"]},"179":{"input":[1,2,5,6,8],"tlw":["spanish",469],"trw":["mask",160],"lp":[],"rp":[]},"180":{"input":[3,5,6,8],"tlp":["emi",2800],"trp":["ime",28758],"trw":["i'm",6537],"lp":["emi","emin","epin","eph"],"rp":["ime","hem","he'","i'm","mine","hey'","phy","imme","pine","imen","phe","peni","hme","in'","hmen","meh"]},"181":{"input":[1,3,5,6,8],"tlw":["examine",179],"trw":["happy",1895],"lp":[],"rp":[]},"182":{"input":[2,3,5,6,8],"tlw":["she'd",1495],"trw":["mind",4439],"lp":[],"rp":[]},"183":{"input":[1,2,3,5,6,8],"tlw":["shame",796],"trw":["make",9390],"lp":[],"rp":[]},"184":{"input":[4,5,6,8],"tlp":["tim",28120],"trp":["mit",4914],"tlw":["tim",128],"trw":["ibm",109],"lp":["tim","timi","bmi"],"rp":["mit","mbi","mitt","mmit","imit","mbin","ntim","imb","mpti","ptin","mbit","intm","mith","itm","mitm","ptim","pth"]},"185":{"input":[1,4,5,6,8],"trw":["path",946],"lp":[],"rp":[]},"186":{"input":[2,4,5,6,8],"tlw":["smith",320],"trw":["pitch",164],"lp":[],"rp":[]},"187":{"input":[1,2,4,5,6,8],"tlw":["captain",1078],"trw":["match",450],"lp":[],"rp":[]},"188":{"input":[3,4,5,6,8],"tlw":["them",21593],"trw":["prevent",380],"lp":[],"rp":[]},"189":{"input":[1,3,4,5,6,8],"tlw":["remain",740],"trw":["haven't",641],"lp":[],"rp":[]},"190":{"input":[2,3,4,5,6,8],"tlw":["didn't",7051],"trw":["isn't",1565],"lp":[],"rp":[]},"191":{"input":[1,2,3,4,5,6,8],"tlw":["that's",4282],"trw":["perhaps",2737],"lp":[],"rp":[]},"192":{"input":[7,8],"base":";","baseshift":":","trp":["po",68607],"trw":["pop",223],"lp":[],"rp":["po","op","ppo","opp","oppo","poo","pop","oop","opo","popp"],"special":"punc"},"193":{"input":[1,7,8],"tlp":["apo",1508],"trp":["opa",186],"lp":["apo","appo"],"rp":["opa","oap"]},"194":{"input":[2,7,8],"tlp":["spo",7683],"trp":["pos",16560],"lp":["spo","sop","spos","sspo","spoo"],"rp":["pos","poss","ppos","osp","ops","oops","opos","osop","pso"]},"195":{"input":[1,2,7,8],"tlp":["soap",132],"trp":["pow",4845],"tlw":["soap",132],"lp":["soap"],"rp":["pow","posa"]},"196":{"input":[3,7,8],"tlp":["eop",15223],"trp":["peo",15223],"trw":["pope",239],"lp":["eop","epo"],"rp":["peo","peop","ope","oppe","o'","poe","oope","pope","oe'","'o","-p"]},"197":{"input":[1,3,7,8],"tlp":["eapo",649],"trp":["opea",428],"lp":["eapo","xpo","expo"],"rp":["opea","-pa"]},"198":{"input":[2,3,7,8],"tlp":["espo",3005],"trp":["pose",4757],"trw":["possessed",333],"lp":["espo","dop"],"rp":["pose","oped","ospe","o's","osep","opes","od'","od's","o'd","oe's","pod","oss'"]},"199":{"input":[1,2,3,7,8],"tlw":["exposed",267],"lp":[],"rp":[]},"200":{"input":[4,7,8],"tlp":["top",6183],"trp":["pot",2394],"tlw":["top",1822],"trw":["pot",221],"lp":["top","topp","toop"],"rp":["pot","opt","pto","pott","ptop"]},"201":{"input":[1,4,7,8],"tlp":["gap",376],"trp":["pag",1322],"tlw":["gap",204],"trw":["potato",74],"lp":["gap","apto","gapo","atop"],"rp":["pag","pota","opag","paga"]},"202":{"input":[2,4,7,8],"tlp":["stop",3680],"trp":["post",1282],"tlw":["stop",1798],"trw":["post",644],"lp":["stop","cop","spot","tops","cops","coop","copp","gosp","copt","scop"],"rp":["post","poc","pots","pco"]},"203":{"input":[1,2,4,7,8],"tlw":["gaps",71],"lp":[],"rp":[]},"204":{"input":[3,4,7,8],"tlp":["rop",6404],"trp":["pro",33640],"tlw":["report",778],"trw":["poor",1596],"lp":["rop","rope","repo","epor","rpo","ropo","ropp","rpor","roop"],"rp":["pro","por","port","oper","ppor","prop","ppro","prog","poor","prot","orp"]},"205":{"input":[1,3,4,7,8],"tlw":["rapport",98],"trw":["page",587],"lp":[],"rp":[]},"206":{"input":[2,3,4,7,8],"tlw":["stopped",1419],"trw":["process",1455],"lp":[],"rp":[]},"207":{"input":[1,2,3,4,7,8],"tlw":["corporate",363],"trw":["power",3130],"lp":[],"rp":[]},"208":{"input":[5,7,8],"trp":["om",158331],"trw":["up",23594],"lp":[],"rp":["om","mo","up","mu","pu","um","omp","mon","omm","pon","oom","mom","mpo","mou","upp","oup","upo","upon","uppo","num"]},"209":{"input":[1,5,7,8],"tlp":["amo",4702],"trp":["oma",6690],"trw":["mao",108],"lp":["amo","amon","amou","apon","amu","ampu"],"rp":["oma","ompa","oman","uma","uman","omma","pau","manu","mona","mau","upa","napo","mao","opam"]},"210":{"input":[2,5,7,8],"tlp":["som",32033],"trp":["mos",15768],"tlw":["sum",220],"trw":["jump",350],"lp":["som","sup","supp","sum","spon","summ","smo","susp","ssum"],"rp":["mos","mus","pons","mous","mpos","pus","ups","usp","ums","mons","oms"]},"211":{"input":[1,2,5,7,8],"tlw":["woman",3590],"trw":["mason",79],"lp":[],"rp":[]},"212":{"input":[3,5,7,8],"tlp":["emo",6070],"trp":["ome",63421],"trw":["money",3556],"lp":["emo","epu"],"rp":["ome","on'","omen","u'","ou'","you'","open","mome","ume","mone","meo","omeo","meon","memo","omme","umen","ompe","umme"]},"213":{"input":[1,3,5,7,8],"lp":[],"rp":[]},"214":{"input":[2,3,5,7,8],"tlw":["some",15162],"trw":["opened",1401],"lp":[],"rp":[]},"215":{"input":[1,2,3,5,7,8],"tlw":["women",3612],"trw":["paused",403],"lp":[],"rp":[]},"216":{"input":[4,5,7,8],"tlp":["tom",5301],"trp":["mot",10460],"tlw":["tom",762],"trw":["put",5210],"lp":["tom","tum","gm","bom","bomb","tup","ttom"],"rp":["mot","put","umb","pub","mont","numb","mong","omb","mout","mput","upt","putt","ptu"]},"217":{"input":[1,4,5,7,8],"tlw":["among",2526],"trw":["obama",363],"lp":[],"rp":[]},"218":{"input":[2,4,5,7,8],"tlw":["common",1407],"trw":["most",10396],"lp":[],"rp":[]},"219":{"input":[1,2,4,5,7,8],"tlw":["famous",816],"trw":["moscow",341],"lp":[],"rp":[]},"220":{"input":[3,4,5,7,8],"tlw":["room",5055],"trw":["more",21171],"lp":[],"rp":[]},"221":{"input":[1,3,4,5,7,8],"tlw":["from",35952],"trw":["program",634],"lp":[],"rp":[]},"222":{"input":[2,3,4,5,7,8],"tlw":["don't",9569],"trw":["person",3411],"lp":[],"rp":[]},"223":{"input":[1,2,3,4,5,7,8],"tlw":["company",2711],"trw":["major",1113],"lp":[],"rp":[]},"224":{"input":[6,7,8],"trp":["pl",68379],"trw":["pool",330],"lp":[],"rp":["pl","opl","lp","poi","pol","pli","poli","plo","ppl","lip","lop","opi","pil","ipl","ppli","ppoi","lipp","oppi","pill","pilo"]},"225":{"input":[1,6,7,8],"tlp":["appl",2216],"trp":["pla",24558],"tlw":["apollo",82],"trw":["lap",242],"lp":["appl","apol","alp"],"rp":["pla","plai","pal","lap","pala","ipal","llap","pola","lapp","ppal","pall","ppla","palo"]},"226":{"input":[2,6,7,8],"tlp":["spok",1763],"trp":["posi",4502],"tlw":["slip",260],"trw":["lips",930],"lp":["spok","spl","slip","spli","spoi","spio"],"rp":["posi","pok","lips","ospi","plis","ispl","ispo","lps","plos","pois","piso","kpl","opk","opki"]},"227":{"input":[1,2,6,7,8],"tlw":["slap",95],"trw":["pillow",134],"lp":[],"rp":[]},"228":{"input":[3,6,7,8],"tlp":["eopl",15223],"trp":["ple",30676],"trw":["people",14668],"lp":["eopl","elp","epl","elop","e'l","e'll","epli"],"rp":["ple","ople","'l","'ll","plie","i'l","i'll","leep","iple","lope","pel","pple","lep"]},"229":{"input":[1,3,6,7,8],"tlw":["apple",631],"trw":["pale",447],"lp":[],"rp":[]},"230":{"input":[2,3,6,7,8],"tlw":["spoke",1285],"trw":["people's",449],"lp":[],"rp":[]},"231":{"input":[1,2,3,6,7,8],"tlw":["we'll",807],"trw":["please",985],"lp":[],"rp":[]},"232":{"input":[4,6,7,8],"tlp":["topi",337],"trp":["ptio",2778],"trw":["pilot",266],"lp":["topi","tipl","tpl"],"rp":["ptio","opti","ptl","pig","plit","pov","pilg","plot","ltip","lpt","lpit"]},"233":{"input":[1,4,6,7,8],"tlw":["flip",108],"trw":["plato",120],"lp":[],"rp":[]},"234":{"input":[2,4,6,7,8],"tlw":["split",254],"trw":["politics",443],"lp":[],"rp":[]},"235":{"input":[1,2,4,6,7,8],"tlw":["capital",544],"trw":["political",1085],"lp":[],"rp":[]},"236":{"input":[3,4,6,7,8],"tlw":["grip",165],"trw":["prove",546],"lp":[],"rp":[]},"237":{"input":[1,3,4,6,7,8],"tlw":["april",549],"trw":["plate",447],"lp":[],"rp":[]},"238":{"input":[2,3,4,6,7,8],"tlw":["replied",1257],"trw":["police",1092],"lp":[],"rp":[]},"239":{"input":[1,2,3,4,6,7,8],"tlw":["special",1059],"trw":["place",5268],"lp":[],"rp":[]},"240":{"input":[5,6,7,8],"trp":["mil",16287],"trw":["million",900],"lp":[],"rp":["mil","mpl","hom","lm","omi","poin","ompl","impo","hop","mili","pul","impl","lmo","hum","omin","pho","minu","lim","muni","pull"],"special":"enter"},"241":{"input":[1,5,6,7,8],"tlw":["animal",491],"trw":["human",2178],"lp":[],"rp":[]},"242":{"input":[2,5,6,7,8],"tlw":["shop",667],"trw":["mission",568],"lp":[],"rp":[]},"243":{"input":[1,2,5,6,7,8],"tlw":["small",3786],"trw":["plans",687],"lp":[],"rp":[]},"244":{"input":[3,5,6,7,8],"tlw":["employee",275],"trw":["home",4865],"lp":[],"rp":[]},"245":{"input":[1,3,5,6,7,8],"tlw":["example",1694],"trw":["play",1696],"lp":[],"rp":[]},"246":{"input":[2,3,5,6,7,8],"tlw":["simply",1710],"trw":["pulled",1252],"lp":[],"rp":[]},"247":{"input":[1,2,3,5,6,7,8],"tlw":["explained",950],"trw":["played",975],"lp":[],"rp":[]},"248":{"input":[4,5,6,7,8],"trw":["might",6921],"lp":[],"rp":[]},"249":{"input":[1,4,5,6,7,8],"tlw":["film",366],"trw":["imagination",438],"lp":[],"rp":[]},"250":{"input":[2,4,5,6,7,8],"tlw":["coming",1985],"trw":["much",10233],"lp":[],"rp":[]},"251":{"input":[1,2,4,5,6,7,8],"tlw":["almost",3784],"trw":["making",2931],"lp":[],"rp":[]},"252":{"input":[3,4,5,6,7,8],"tlw":["government",1285],"trw":["mother",4253],"lp":[],"rp":[]},"253":{"input":[1,3,4,5,6,7,8],"tlw":["family",3955],"trw":["important",2765],"lp":[],"rp":[]},"254":{"input":[2,3,4,5,6,7,8],"tlw":["something",7615],"trw":["possible",2350],"lp":[],"rp":[]},"255":{"input":[1,2,3,4,5,6,7,8],"tlw":["especially",1737],"trw":["himself",5632],"lp":[],"rp":[]}}