{"0":{"value":0,"notes":["Developer : Zack Dennis (zack@asetniop.com)","Date : 12/12/2014","All code (c) 2014 Pointesa, LLC all rights reserved","Abbreviations :    ","tlp = top left partial","lp = left partials","trp = top right partial","rp = right partials","tlw = top left word","lw = left words","trw = top right word","rw = right words"]},"1":{"input":[1],"base":"a","baseshift":"A","tlp":["aa",68],"tlw":["a",207382],"lp":["aa"],"rp":[]},"2":{"input":[2],"base":"s","baseshift":"S","tlp":["ss",1790],"tlw":["s",277],"lp":["ss"],"rp":[]},"3":{"input":[1,2],"base":"w","baseshift":"W","tlp":["as",412461],"lp":["as","sa","asa","sas","asas","wa","ass","ssa","was","saa","aw"],"rp":[]},"4":{"input":[3],"base":"e","baseshift":"E","tlp":["ee",4724],"tlw":["e",5916],"lp":["ee"],"rp":[]},"5":{"input":[1,3],"base":"x","baseshift":"X","tlp":["ea",27380],"tlw":["ex",477],"lp":["ea","ex","ae","xa","exa","ax","axa","xx"],"rp":[]},"6":{"input":[2,3],"base":"d","baseshift":"D","tlp":["de",743538],"tlw":["de",453446],"lp":["de","es","se","ed","des","ese","ede","sd","esd","desd","sde","esde","ses","ded","dese","eses","edes","eded","sed","ees"],"rp":[]},"7":{"input":[1,2,3],"tlp":["ad",219474],"tlw":["esa",8099],"lp":["ad","da","dad","ada","esa","eda","ade","das","ase","sad","edad","sea","dea","dade","esas","asad","ades","desa","adas","ases"],"rp":[]},"8":{"input":[4],"base":"t","baseshift":"T","tlp":["tt",782],"tlw":["t",90],"lp":["tt"],"rp":[]},"9":{"input":[1,4],"base":"f","baseshift":"F","tlp":["ta",307672],"tlw":["f",113],"lp":["ta","at","fa","ata","af","afa","tat","fat","fata","att","taf","ft","atat","tata","ff","ataf","tf","atf"],"rp":[]},"10":{"input":[2,4],"base":"c","baseshift":"C","tlp":["st",235201],"tlw":["c",615],"lp":["st","sc","ct","cc","tc"],"rp":[]},"11":{"input":[1,2,4],"tlp":["ca",200066],"tlw":["casa",9057],"lp":["ca","ac","sta","cas","ast","tas","asta","casa","sca","aca","act","sac","stas","tac","cta","acc","sf","fac","cat","cast"],"rp":[]},"12":{"input":[3,4],"base":"r","baseshift":"R","tlp":["er",499829],"tlw":["te",14709],"lp":["er","re","te","tr","rt","rr","et","ert","ter","tre","ere","err","rte","rre","ete","erte","ret","rer","etr","terr"],"rp":[]},"13":{"input":[1,3,4],"tlp":["ra",416643],"tlw":["era",32659],"lp":["ra","ar","era","tra","ara","tar","are","fe","rta","art","fr","rar","rra","erra","ef","erta","atr","eta","arr","rat"],"rp":[]},"14":{"input":[2,3,4],"tlp":["est",139908],"tlw":["ser",12211],"lp":["est","ec","ce","res","rec","rd","cer","cr","dr","ste","rs","ser","tes","str","ces","rc","esc","der","erd","ece"],"rp":[]},"15":{"input":[1,2,3,4],"tlp":["esta",69315],"tlw":["esta",18675],"lp":["esta","ras","ace","car","rad","tad","tras","acer","adr","arec","sar","cad","ard","rac","rda","adre","dar","stra","rca","erda"],"rp":[]},"16":{"input":[5],"base":"n","baseshift":"N","trp":["nn",1348],"trw":["n",91],"lp":[],"rp":["nn"]},"17":{"input":[1,5],"base":"q","baseshift":"Q","tlp":["an",382423],"trp":["na",233186],"tlw":["ana",597],"lp":["an","ana","aq","anan","anq","ann","anna"],"rp":["na","nq","nan","nana","nna"]},"18":{"input":[2,5],"base":"j","baseshift":"J","tlp":["sn",1069],"trp":["ns",48331],"trw":["j",166],"lp":["sn"],"rp":["ns","nj"]},"19":{"input":[1,2,5],"tlp":["aj",27458],"trp":["ja",36319],"tlw":["san",1894],"trw":["ja",145],"lp":["aj","san","aja","anas","ans","sq","saj","anj","ansa","asan","ajas","ajan"],"rp":["ja","nas","nsa","jan","jas","naj","nsan","nsaj"]},"20":{"input":[3,5],"base":"y","baseshift":"Y","tlp":["en",684719],"trp":["ne",94467],"tlw":["en",194129],"trw":["y",254303],"lp":["en","ene","ey","enen","eye","eyen","een","enn","enne"],"rp":["ne","ye","nen","yen","ny","nne","nny","yn","yene","yne"]},"21":{"input":[1,3,5],"tlp":["ena",25795],"trp":["ya",27580],"tlw":["ay",587],"trw":["ya",19283],"lp":["ena","ay","ane","eq","aya","ean","aye","aen","enan","ayan","enea","anen","ayen","anea","xq","exq"],"rp":["ya","nea","yan","nex"]},"22":{"input":[2,3,5],"tlp":["ej",40475],"trp":["nd",141755],"tlw":["deje",506],"lp":["ej","end","sen","ens","den","dej","ende","esen","eje","enes","ense"],"rp":["nd","je","nes","nde","nse","ndes","jes","nden","yend"]},"23":{"input":[1,2,3,5],"tlp":["and",60909],"trp":["nad",25609],"tlw":["deja",806],"trw":["nada",10498],"lp":["and","eja","ensa","aje","deja","dan","enas","ande","anda","ejan","sena","enda","anad","dena","dand"],"rp":["nad","nda","nada","jad","jand"]},"24":{"input":[4,5],"base":"b","baseshift":"B","tlp":["bt",656],"trp":["nt",349002],"tlw":["b",221],"lp":["bt","tb","bn"],"rp":["nt"]},"25":{"input":[1,4,5],"tlp":["ab",230416],"trp":["nta",49640],"tlw":["tan",12045],"lp":["ab","ba","aba","ant","tan","tab","taba","ban","tant","aban","anta","bat","tana"],"rp":["nta","nf","ntan","nat","ntab","nab","naba"]},"26":{"input":[2,4,5],"tlp":["bs",5233],"trp":["nc",100151],"lp":["bs","bj","bst","cn","sb","bc","tj"],"rp":["nc","nst","nsc"]},"27":{"input":[1,2,4,5],"tlp":["stab",23089],"trp":["nca",10670],"tlw":["santa",1043],"lp":["stab","cab","sab","anc","baj","can","stan","caba","abaj","bas","acab","baja","saba","sant","tanc","bast"],"rp":["nca","ntas","nac","nsta"]},"28":{"input":[3,4,5],"tlp":["ent",186144],"trp":["nte",139591],"tlw":["entre",11695],"lp":["ent","br","ente","ten","bre","be","entr","eb","ren","rn","ber","ener","ern","tene"],"rp":["nte","ntr","ner","ntre","nter","nten"]},"29":{"input":[1,3,4,5],"tlp":["ran",49950],"trp":["ntra",26185],"tlw":["eran",5913],"trw":["yabran",492],"lp":["ran","ante","abe","enta","bra","abr","rab","rq","raba","bar","eran","aber","trab","abra","tran","rant"],"rp":["ntra","nar","nera","ntar"]},"30":{"input":[2,3,4,5],"tlp":["enc",41323],"trp":["ntes",22621],"tlw":["debe",1755],"lp":["enc","sent","cen","deb","dent","bres","tend","rend","rden","tenc","debe","cent"],"rp":["ntes","nce","jer","nces","nec","nece","ndr","nder"]},"31":{"input":[1,2,3,4,5],"tlw":["estaba",15906],"lp":[],"rp":[]},"32":{"input":[6],"base":"i","baseshift":"I","trp":["ii",1864],"trw":["i",432],"lp":[],"rp":["ii","iii"]},"33":{"input":[1,6],"base":"z","baseshift":"Z","tlp":["za",46428],"trp":["ia",302035],"lp":["za","az","ai","aza","aia","zi","azi","zz","aiz","azz"],"rp":["ia","iz","iza","izz","iaz"]},"34":{"input":[2,6],"base":"k","baseshift":"K","tlp":["si",193578],"trp":["is",104027],"tlw":["si",37389],"lp":["si","sis","sk","ssi"],"rp":["is","isi","ki","iss","isis","ik","iki","kis","ikis","kiss","isk","issi"]},"35":{"input":[1,2,6],"tlp":["asi",27185],"trp":["ias",18810],"tlw":["asi",11044],"trw":["kazz",77],"lp":["asi","sia","asia","zas","ais","sias","wi","asis","aisa","wis","wiss","azas","ak"],"rp":["ias","isa","izas","isas","ka","ika","issa"]},"36":{"input":[3,6],"base":",","baseshift":"<","tlp":["ei",15743],"trp":["ie",233722],"lp":["ei","eei"],"rp":["ie"],"special":"punc"},"37":{"input":[1,3,6],"tlp":["ez",37550],"trp":["iez",3157],"tlw":["xii",131],"trw":["ix",78],"lp":["ez","eza","xi","exi","eia","axi","xii","zie","azie","xix","xiii","ze"],"rp":["iez","ieza","ix"]},"38":{"input":[2,3,6],"tlp":["di",175458],"trp":["id",129921],"tlw":["seis",1304],"trw":["kid",113],"lp":["di","edi","sie","esi","die","sid","dis","did","side","eis","esid","edid","sei"],"rp":["id","ide","ies","ied","idi","iese","ise"]},"39":{"input":[1,2,3,6],"tlp":["dia",37584],"trp":["ida",49293],"tlw":["dia",8188],"trw":["idea",2311],"lp":["dia","adi","edia","dias","adie","dida","siad","zad","sida","xis","exis","esia","aid","diez"],"rp":["ida","idad","iad","idea","idas","ieda"]},"40":{"input":[4,6],"base":"v","baseshift":"V","tlp":["ti",133369],"trp":["it",63123],"tlw":["ti",1888],"trw":["iv",187],"lp":["ti","vi","viv","tiv","tit","vivi","vit","tti","tivi","vii","viii"],"rp":["it","iv","iti","ivi","itiv"]},"41":{"input":[1,4,6],"tlp":["va",51609],"trp":["ita",23108],"tlw":["va",3371],"lp":["va","fi","av","via","tia","avi","ati","avia","ava","fia","vita","tiva","afi","fav","ativ"],"rp":["ita","if","ifi","iva","iat"]},"42":{"input":[2,4,6],"tlp":["ci",238810],"trp":["ic",95632],"lp":["ci","sti","vis","tic","sit","cci","vist","cis","cti","sic","vic","visi","sist","cit","tici"],"rp":["ic","ist","ici","isti","isc"]},"43":{"input":[1,2,4,6],"tlp":["cia",69052],"trp":["ica",24474],"tlw":["casi",5393],"lp":["cia","aci","acia","fic","fici","casi","cias","tica","stia","taci","vas","sita","asti","saci","acti","acci"],"rp":["ica","ista","icia","ific"]},"44":{"input":[3,4,6],"tlp":["ri",190312],"trp":["ir",83670],"tlw":["ver",6228],"trw":["ir",2754],"lp":["ri","ve","ev","eri","ver","tie","vie","rti","rri","rit","rv","rie","tir","erv","tri","teri"],"rp":["ir","ier","iert","ire"]},"45":{"input":[1,3,4,6],"tlp":["ria",49114],"trp":["ira",16443],"tlw":["vez",12860],"trw":["ira",503],"lp":["ria","ari","eva","eria","vez","aria","raz","ave","var","zar","arti","rz","erz","rav","rza","fie"],"rp":["ira","iera","itar","iar"]},"46":{"input":[2,3,4,6],"tlp":["eci",43130],"trp":["ice",8339],"tlw":["decir",4827],"trw":["irse",431],"lp":["eci","cie","reci","dic","vid","deci","cid","rid","ris","cri","tid","dir","cier","cir","esti","rdi","dri","ves"],"rp":["ice","iste"]},"47":{"input":[1,2,3,4,6],"tlw":["vida",8817],"lp":[],"rp":[]},"48":{"input":[5,6],"base":"h","baseshift":"H","trp":["in",187273],"trw":["ni",13944],"lp":[],"rp":["in","ni","hi","nin","ini","hin","hn","inn","nh","hnn"]},"49":{"input":[1,5,6],"tlp":["ah",14690],"trp":["ha",179890],"tlw":["ahi",2676],"trw":["ha",13606],"lp":["ah","ani","anz","anza","ahi","ania","zan","zq"],"rp":["ha","ian","ina","nia","nz","nza","han","hiz","iq","nian","iana","nina"]},"50":{"input":[2,5,6],"tlp":["sin",33228],"trp":["ij",25903],"tlw":["sin",21600],"lp":["sin","sini","sh","shi"],"rp":["ij","nsi","hij","ins","his","nis","ji","nsis","inis","insi","jin","nk","hisi","iji","inj","nins"]},"51":{"input":[1,2,5,6],"tlp":["siq",2408],"trp":["has",20672],"tlw":["ansia",145],"trw":["has",2554],"lp":["siq","ansi","sina","asin","anis","ash"],"rp":["has","ija","iaj","inas","hija","nzas","jai","nias","iaja","nsia","ijas","isaj","hans","isan"]},"52":{"input":[3,5,6],"tlp":["eni",26205],"trp":["ien",107409],"tlw":["eh",468],"trw":["he",7264],"lp":["eni","ein","enie","eh","enin","ehi","enei"],"rp":["ien","he","iene","ine","nie","nien","hie","inie","hen","inen","nei","nhe","nine"]},"53":{"input":[1,3,5,6],"tlp":["enia",16307],"trp":["hay",9090],"trw":["hay",7403],"lp":["enia","enz","enza","eina","enaz","eian","ezan","anie","eniz","aine"],"rp":["hay","haya","inea","ienz","hae","nez","hez","iena","yah","inez"]},"54":{"input":[2,3,5,6],"tlp":["dij",16709],"trp":["ndi",19946],"tlw":["dije",1690],"trw":["ines",410],"lp":["dij","endi","enid","sien","din","dien","dine","dije","ensi"],"rp":["ndi","iend","nid","ind","iden","ndid","indi","iej","ije","nsid","iens"]},"55":{"input":[1,2,3,5,6],"tlw":["ansiedad",269],"trw":["nadie",5526],"lp":[],"rp":[]},"56":{"input":[4,5,6],"tlp":["bi",119303],"trp":["ib",32479],"trw":["ibn",155],"lp":["bi","tin","vin","bit","th","tint"],"rp":["ib","int","nti","nv","ibi","nvi","ntin","inti","inv","nit","invi","niv","init","nvit"]},"57":{"input":[1,4,5,6],"tlp":["abi",63989],"trp":["hab",72658],"tlw":["fin",4343],"trw":["habia",39290],"lp":["abi","bia","abia","fin","bian","van","anti","fina","vant","vab","vaba","abit","zab"],"rp":["hab","habi","iba","inf","nfi","itan","ntia"]},"58":{"input":[2,4,5,6],"tlp":["ch",74839],"trp":["nci",46192],"lp":["ch","cin","sib","chi","stin","cinc","cib","chic","sint","cibi"],"rp":["nci","inc","nic","hic","ich","inci","inst","hist","nch","hici"]},"59":{"input":[1,2,4,5,6],"tlw":["sabia",3858],"trw":["hasta",13934],"lp":[],"rp":[]},"60":{"input":[3,4,5,6],"tlp":["bie",35373],"trp":["ient",36355],"tlw":["bien",10956],"lp":["bie","bien","ven","teni","bri","enti","tien","bier","rin","rib","ebi","rien","vien","vent"],"rp":["ient","inte","her","nve","ibr","nri"]},"61":{"input":[1,3,4,5,6],"tlw":["tenia",10650],"trw":["haber",3961],"lp":[],"rp":[]},"62":{"input":[2,3,4,5,6],"tlw":["tienes",1622],"trw":["interes",873],"lp":[],"rp":[]},"63":{"input":[1,2,3,4,5,6],"tlw":["cabeza",5567],"trw":["hacer",6941],"lp":[],"rp":[]},"64":{"input":[7],"base":"o","baseshift":"O","trp":["oo",993],"trw":["o",22465],"lp":[],"rp":["oo"]},"65":{"input":[1,7],"base":"(","baseshift":"[","tlp":["ao",736],"trp":["oa",1039],"lp":["ao"],"rp":["oa"],"special":"punc"},"66":{"input":[2,7],"base":".","baseshift":">","tlp":["so",149815],"trp":["os",465150],"tlw":["sos",79],"trw":["os",2177],"lp":["so","sos","sso"],"rp":["os","oso","osos","oss","oos"],"special":"punc"},"67":{"input":[1,2,7],"tlp":["aso",13706],"trp":["osa",17222],"lp":["aso","asos","aos","saso","wo"],"rp":["osa","osas","ow","oas"]},"68":{"input":[3,7],"base":"-","baseshift":"_","tlp":["eo",16208],"trp":["oe",2284],"trw":["-",992],"lp":["eo"],"rp":["oe"],"special":"punc"},"69":{"input":[1,3,7],"tlp":["xo",492],"trp":["ox",1396],"lp":["xo","exo"],"rp":["ox"]},"70":{"input":[2,3,7],"tlp":["do",328036],"trp":["od",79897],"tlw":["dos",13303],"lp":["do","dos","eso","edo","esos","dedo","seo","eseo","dose","edos","deo","eos","seos"],"rp":["od","odo","odos","ode","ose","oses","oes"]},"71":{"input":[1,2,3,7],"tlp":["ado",89938],"trp":["oda",15354],"tlw":["dado",2055],"lp":["ado","ados","dado","sado","eado","aseo","sexo","adeo","dosa","dox","adox"],"rp":["oda","odas","odea","osad","owe"]},"72":{"input":[4,7],"base":"g","baseshift":"G","tlp":["to",261028],"trp":["ot",48115],"tlw":["g",93],"lp":["to","go","tot","got","goo","goog","tog","gt","gto","gg","goto","tto"],"rp":["ot","og","oto","oog","otog","ogo","ogg"]},"73":{"input":[1,4,7],"tlp":["ga",53335],"trp":["of",10649],"tlw":["foto",316],"trw":["of",213],"lp":["ga","ag","fo","ato","ago","aga","tota","fot","foto","gat","tag","afo","gota","gato","tago","gaf"],"rp":["of","ota","oga","ofo"]},"74":{"input":[2,4,7],"tlp":["co",351806],"trp":["oc",68424],"tlw":["toco",325],"lp":["co","sto","tos","cos","cto","sco","gos","stos","sot","cost","coc","cog","soc","sg"],"rp":["oc","oco","ost","osot","osc","oct"]},"75":{"input":[1,2,4,7],"tlp":["cosa",9340],"trp":["oca",11672],"tlw":["cosas",5443],"lp":["cosa","aco","caso","gas","acto","atos","gac","sof","toca","saco","asto","cato","sag","asco","acos"],"rp":["oca","ocas","osta","otas","osof"]},"76":{"input":[3,4,7],"tlp":["ro",246584],"trp":["or",270405],"tlw":["error",581],"trw":["otro",8826],"lp":["ro","ero","eg","tro","gr","ge","rg","tor","ego","rto","reg","erto","rro","rgo"],"rp":["or","otr","otro","ort","ore","orr"]},"77":{"input":[1,3,4,7],"tlp":["gra",22435],"trp":["ora",27567],"tlw":["rato",1491],"trw":["otra",7718],"lp":["gra","aro","gar","ega","arg","for","argo","rga","egar","atro","arga","rato","rof","agr","age","arro","arto"],"rp":["ora","otra","orta"]},"78":{"input":[2,3,4,7],"tlp":["tod",44574],"trp":["ord",10842],"tlw":["todo",18934],"trw":["otros",4846],"lp":["tod","ros","todo","esto","seg","cor","tros","dor","stro","rso","rdo","erso","ecto","eco","eros","corr","reco"],"rp":["ord","ores","oce"]},"79":{"input":[1,2,3,4,7],"tlw":["toda",5491],"trw":["otras",3010],"lp":[],"rp":[]},"80":{"input":[5,7],"base":"u","baseshift":"U","trp":["on",376567],"trw":["no",116565],"lp":[],"rp":["on","no","un","nu","uno","ono","nun","uo","nuo","non","ou","onu","onun","uu","oun","nou","nnu","nuno","onn"]},"81":{"input":[1,5,7],"tlp":["qu",432873],"trp":["una",93404],"tlw":["aun",5685],"trw":["una",79449],"lp":["qu","ano","aqu","au","aun","aunq","anu","anqu"],"rp":["una","ua","uan","ona","nqu","unq","unqu","nua","oq","oqu","uq","uqu"]},"82":{"input":[2,5,7],"tlp":["su",160644],"trp":["us",78931],"tlw":["su",81749],"trw":["nos",11959],"lp":["su","sus","son","sun"],"rp":["us","jo","nos","ju","jos","ons","oj","uj","unos","ojo","uso","ojos","jun","nso","noso","jus"]},"83":{"input":[1,2,5,7],"tlp":["anos",18802],"trp":["unas",5230],"tlw":["anos",8719],"trw":["unas",3324],"lp":["anos","ajo","sona","aus","asu","sua","ausa","squ","asun"],"rp":["unas","usa","jua","juan","onas","oja","uas","onaj","onsa","osq","osqu"]},"84":{"input":[3,5,7],"tlp":["eno",33962],"trp":["ue",565691],"trw":["yo",19966],"lp":["eno","eu","enu","eon","eun","eyo"],"rp":["ue","yo","uen","one","uy","nue","oy","ueno","uyo","yu","oye","une","oyo","yun"]},"85":{"input":[1,3,5,7],"tlp":["que",383802],"trp":["nque",7839],"tlw":["que",312514],"lp":["que","aque","ayo","equ","eque","quen","ayu","anue","ayun","aneo","xu","exu","xua","exua"],"rp":["nque","uena","uya","oya","uque","oque"]},"86":{"input":[2,3,5,7],"tlp":["du",23000],"trp":["ndo",74158],"tlw":["donde",10101],"trw":["jose",1204],"lp":["du","don","ejo","endo","dond","enos","seno","sue"],"rp":["ndo","ues","ud","ond","ued","ones","onde","und","uje","nues","undo","uede"]},"87":{"input":[1,2,3,5,7],"tlw":["quedo",2301],"lp":[],"rp":[]},"88":{"input":[4,5,7],"tlp":["gu",90299],"trp":["nto",80019],"tlw":["tu",10629],"trw":["noto",316],"lp":["gu","tu","gun","bo","bu","ton","gunt"],"rp":["nto","ob","ont","ng","unt","ub","ut","unto","nton","ug","ngu","uto","ngo"]},"89":{"input":[1,4,5,7],"tlp":["fu",44220],"trp":["uga",7270],"tlw":["tanto",6066],"trw":["nota",486],"lp":["fu","anto","gua","gan","guna","tua","agu","ang","agua","fun","abo","atu","fon"],"rp":["uga","unta","uant","onta","onf","uta","oba"]},"90":{"input":[2,4,5,7],"tlp":["con",167856],"trp":["uc",36702],"tlw":["con",92933],"trw":["junto",3143],"lp":["con","cu","cont","sob","cons","scu","cono","stu","tonc"],"rp":["uc","noc","ust","nco","onc","ntos","unc","ocu","onoc","ncon","nunc"]},"91":{"input":[1,2,4,5,7],"tlw":["bajo",4396],"trw":["nunca",6044],"lp":[],"rp":[]},"92":{"input":[3,4,5,7],"tlp":["ento",40726],"trp":["ur",54620],"tlw":["gente",4061],"trw":["negro",1571],"lp":["ento","ron","egu","ru","gen","egun","eron","enor","tur","bue","buen"],"rp":["ur","uer","obr","obre","nor","uert","ontr","uro","uent"]},"93":{"input":[1,3,4,5,7],"tlw":["fue",13323],"trw":["obra",1151],"lp":[],"rp":[]},"94":{"input":[2,3,4,5,7],"tlw":["sobre",15089],"trw":["usted",6039],"lp":[],"rp":[]},"95":{"input":[1,2,3,4,5,7],"tlw":["cuando",21007],"trw":["nuestra",3160],"lp":[],"rp":[]},"96":{"input":[6,7],"base":"l","baseshift":"L","trp":["lo",300357],"trw":["lo",69406],"lp":[],"rp":["lo","io","ll","li","ol","il","llo","olo","ill","ili","oli","lli","illo","lio","oi","ilo","oll","iol","ollo","ilio"]},"97":{"input":[1,6,7],"tlp":["al",268424],"trp":["la",523649],"tlw":["al",55586],"trw":["la",292004],"lp":["al","zo","all","ali","ala","azo","alo","alli","alla","allo"],"rp":["la","lla","lia","illa","ial","oz","ola","izo","ilia","ila"]},"98":{"input":[2,6,7],"tlp":["sol",26132],"trp":["los",142568],"tlw":["solo",13145],"trw":["los",122255],"lp":["sol","sio","solo","sil","sill","sl","soli"],"rp":["los","ios","llos","osi","iso","isio","ls","ioso","lis","ols","lso","loso","isl"]},"99":{"input":[1,2,6,7],"tlp":["sal",19326],"trp":["las",90934],"tlw":["salio",1704],"trw":["las",76432],"lp":["sal","sali","zos","asio","sola","sala","azos","sla","alas","salo","asil","als","alis"],"rp":["las","llas","iosa","lsa","olas","isla","olsa"]},"100":{"input":[3,6,7],"tlp":["el",426668],"trp":["le",198463],"tlw":["el",234850],"trw":["le",48083],"lp":["el","ell","ello","elo","ele","eli","elle","elli"],"rp":["le","lle","ole","ile","iel","lie","ielo","leo","lee","iole","lei","ille"]},"101":{"input":[1,3,6,7],"tlp":["ella",27778],"trp":["lez",2228],"tlw":["ella",14508],"trw":["leia",238],"lp":["ella","ale","ela","alle","eal","eali","ezo","alie","alez","eliz","elia","ael","xio","exio"],"rp":["lez","leza","lea","iale","oxi","llez"]},"102":{"input":[2,3,6,7],"tlp":["del",76844],"trp":["ido",57544],"tlw":["del",70196],"trw":["les",7650],"lp":["del","dio","dios","dido","sido","edio","esio","dol","sile","eles"],"rp":["ido","les","odi","lid","ld","idos","ilid","oles","idio","iles"]},"103":{"input":[1,2,3,6,7],"tlw":["ellas",1912],"trw":["lado",4590],"lp":[],"rp":[]},"104":{"input":[4,6,7],"tlp":["vo",45659],"trp":["ig",52962],"tlw":["volvio",2823],"trw":["oigo",95],"lp":["vo","gi","vio","vol","tio","volv","gl"],"rp":["ig","lt","lg","lv","ito","ov","igo","olv","lgo","lvi","olvi","lto","lig"]},"105":{"input":[1,4,6,7],"tlp":["alg",26073],"trp":["lta",13054],"tlw":["algo",9338],"trw":["italia",381],"lp":["alg","tal","alt","algo","fl","alta","val","agi","voz","fal","alto","tall","avo","alv","gia"],"rp":["lta","iga","lat","ofi","lav"]},"106":{"input":[2,4,6,7],"tlp":["cio",75669],"trp":["ico",18875],"tlw":["visto",3153],"trw":["loco",681],"lp":["cio","cl","sig","col","ccio","cil","vos","cios","colo"],"rp":["ico","lic","icio","oci","isto","lc","loc","icos","lici","lico","igos"]},"107":{"input":[1,2,4,6,7],"tlw":["facil",1160],"trw":["oficial",985],"lp":[],"rp":[]},"108":{"input":[3,4,6,7],"tlp":["rio",36719],"trp":["leg",18029],"tlw":["rio",1831],"trw":["llego",2460],"lp":["rio","rl","erio","evo","gri","tori","tel","erl","rlo","rig"],"rp":["leg","ori","lev","lleg","iero","lor","llev","ove","ler","iro"]},"109":{"input":[1,3,4,6,7],"tlw":["favor",1408],"trw":["llegar",2630],"lp":[],"rp":[]},"110":{"input":[2,3,4,6,7],"tlw":["cierto",3067],"lp":[],"rp":[]},"111":{"input":[1,2,3,4,6,7],"tlw":["todavia",3269],"trw":["llegado",1772],"lp":[],"rp":[]},"112":{"input":[5,6,7],"trp":["ui",77353],"trw":["nino",1684],"lp":[],"rp":["ui","ion","ho","lu","ul","ino","hu","uni","oni","nio","lin","lon","ulo","iu","inu","olu","onio","uin","nino","uil"]},"113":{"input":[1,5,6,7],"tlp":["qui",49071],"trp":["lan",19182],"tlw":["aqui",6351],"trw":["hizo",5133],"lp":["qui","aho","aqui","zon","azon","alq","alqu"],"rp":["lan","ual","nal","uz","iona","hizo","ula","iqu","lq","lqu","lqui","inal","ualq"]},"114":{"input":[2,5,6,7],"tlp":["sion",15408],"trp":["ijo",20150],"tlw":["sino",5212],"trw":["hijo",3480],"lp":["sion","sino","sul","solu"],"rp":["ijo","hos","hijo","usi","uis","lus","inos","onsi","luso","ijos","usio","ulos","nsio","luis","jul","juli"]},"115":{"input":[1,2,5,6,7],"tlw":["quiso",1107],"trw":["julia",613],"lp":[],"rp":[]},"116":{"input":[3,5,6,7],"tlp":["elen",1805],"trp":["uel",35859],"trw":["hoy",2254],"lp":["elen","euni"],"rp":["uel","uie","uien","len","uell","ione","lue","uelo","llen","ilen","lien","hoy","ley","hue","lone","line","leno","nel"]},"117":{"input":[1,3,5,6,7],"tlw":["quien",8560],"trw":["linea",925],"lp":[],"rp":[]},"118":{"input":[2,3,5,6,7],"tlw":["dijo",13944],"trw":["lejos",1983],"lp":[],"rp":[]},"119":{"input":[1,2,3,5,6,7],"tlw":["aquellos",2619],"trw":["juez",487],"lp":[],"rp":[]},"120":{"input":[4,5,6,7],"tlp":["bl",44167],"trp":["lgu",15861],"tlw":["tuvo",2452],"trw":["ningun",2097],"lp":["bl","gui","tuv","bio","vu"],"rp":["lgu","ult","igu","lgun","uv","ubi","itu","ing","ibl","hub","onv","lib","hubi","ulti","obl"]},"121":{"input":[1,4,5,6,7],"tlw":["alguna",3442],"trw":["ninguna",2180],"lp":[],"rp":[]},"122":{"input":[2,4,5,6,7],"tlw":["cinco",2085],"trw":["incluso",2762],"lp":[],"rp":[]},"123":{"input":[1,2,4,5,6,7],"tlw":["cual",3860],"trw":["habitacion",1620],"lp":[],"rp":[]},"124":{"input":[3,4,5,6,7],"tlw":["voy",2278],"trw":["luego",6071],"lp":[],"rp":[]},"125":{"input":[1,3,4,5,6,7],"tlw":["ahora",9282],"trw":["lugar",4548],"lp":[],"rp":[]},"126":{"input":[2,3,4,5,6,7],"tlw":["dicho",3458],"trw":["noche",5939],"lp":[],"rp":[]},"127":{"input":[1,2,3,4,5,6,7],"tlw":["ciudad",3866],"trw":["historia",2737],"lp":[],"rp":[]},"128":{"input":[8],"base":"p","baseshift":"P","trp":["pp",273],"trw":["p",308],"lp":[],"rp":["pp"]},"129":{"input":[1,8],"base":"?","baseshift":"/","tlp":["ap",34091],"trp":["pa",189321],"trw":["papa",1263],"lp":["ap","apa"],"rp":["pa","pap","papa","ppa"],"special":"punc"},"130":{"input":[2,8],"base":")","baseshift":"]","tlp":["sp",58765],"trp":["ps",612],"lp":["sp"],"rp":["ps"],"special":"punc"},"131":{"input":[1,2,8],"tlp":["spa",11453],"trp":["pas",22840],"trw":["pasa",1406],"lp":["spa","asp","sap","sapa","apas","spas"],"rp":["pas","pasa"]},"132":{"input":[3,8],"base":"'","baseshift":"\"","tlp":["ep",17553],"trp":["pe",152316],"tlw":["ep",67],"trw":["pepe",388],"lp":["ep","epe","epp"],"rp":["pe","pep","pepe"],"special":"punc"},"133":{"input":[1,3,8],"tlp":["xp",7112],"trp":["pape",1900],"trw":["pa'",77],"lp":["xp","exp","ape","epa","xpe","expe","a'","xpa","expa"],"rp":["pape","pea","pa'","pepa"]},"134":{"input":[2,3,8],"tlp":["esp",48661],"trp":["pes",7009],"trw":["pese",726],"lp":["esp","spe","espe","desp","sep","dep","sesp","depe","sped","spes"],"rp":["pes","ped","pese","pede"]},"135":{"input":[1,2,3,8],"tlp":["espa",10359],"trp":["pad",10546],"tlw":["espada",1195],"trw":["pase",469],"lp":["espa","esap","aspe","spad","sepa","xped","apad","epas","depa","spea"],"rp":["pad","pesa","pada","pase","peda","pade","pead"]},"136":{"input":[4,8],"trp":["pt",3066],"lp":[],"rp":["pt"],"special":"bksp","base":"tp"},"137":{"input":[1,4,8],"tlp":["tap",602],"trp":["pat",4693],"tlw":["tapa",136],"trw":["pata",128],"lp":["tap","apat","tapa","apt","apta"],"rp":["pat","pta","pata"]},"138":{"input":[2,4,8],"trp":["pc",1379],"lp":[],"rp":["pc"]},"139":{"input":[1,2,4,8],"tlp":["cap",8573],"trp":["pac",6048],"tlw":["capa",378],"trw":["patas",294],"lp":["cap","capa","spac","apac","scap","capt"],"rp":["pac","past","pact"]},"140":{"input":[3,4,8],"tlp":["rp",9074],"trp":["pr",105517],"trw":["peter",135],"lp":["rp","rep","erp","rpr","rpre","ept","repe","epr","epre","repr","rpe"],"rp":["pr","per","pre","pet","pert","pret","prep","perr","pete"]},"141":{"input":[1,3,4,8],"tlp":["apar",7464],"trp":["par",95147],"tlw":["aparte",525],"trw":["para",50839],"lp":["apar","apr","epar","rap","apre","repa","xper","xpr","expr","xpre","epta"],"rp":["par","para","pare","part","pera","pra","perf","patr","pref"]},"142":{"input":[2,3,4,8],"tlp":["resp",9516],"trp":["pres",14702],"tlw":["espere",155],"trw":["perder",971],"lp":["resp","sper","spec","cep","cept","spet","epc","cepc","spr","espr","spre"],"rp":["pres","pec","pers","perd","prec","pect","pedr","perc","pece"]},"143":{"input":[1,2,3,4,8],"tlw":["espera",1024],"trw":["padre",6018],"lp":[],"rp":[]},"144":{"input":[5,8],"base":"m","baseshift":"M","trp":["mp",72228],"trw":["m",171],"lp":[],"rp":["mp","nm","mn","mpp"]},"145":{"input":[1,5,8],"tlp":["am",111190],"trp":["ma",217996],"tlw":["ama",379],"trw":["manana",3399],"lp":["am","ama","amp","aman","ampa"],"rp":["ma","man","pan","mpa","mana","mpan","pana","mam","nam","mama","mna","maq","pam","mpam","nap"]},"146":{"input":[2,5,8],"tlp":["sm",16472],"trp":["nsp",1139],"lp":["sm"],"rp":["nsp","mps","nsm"]},"147":{"input":[1,2,5,8],"tlp":["span",4757],"trp":["mas",62981],"tlw":["sam",202],"trw":["mas",42217],"lp":["span","sma","sam","amas","asm","smas","asma","asam","ansp"],"rp":["mas","jam","jama","nsam","paj","paja","masa","maj","mpas","mnas","mans"]},"148":{"input":[3,5,8],"tlp":["em",88958],"trp":["me",181753],"trw":["me",47087],"lp":["em","emp","eme","emen","empe","enem","epen","emn"],"rp":["me","men","pen","mpe","nem","nme","mem","mene","nmen","mpen","pene","pey"]},"149":{"input":[1,3,5,8],"tlp":["ame",24574],"trp":["mane",7021],"tlw":["examen",171],"trw":["pena",1009],"lp":["ame","amen","ema","eman","apen","enam","eam","eame","xam"],"rp":["mane","may","peq","pena","pane","mae","mena","max","name","mame","mex"]},"150":{"input":[2,3,5,8],"tlp":["dem",13584],"trp":["med",13820],"tlw":["depende",152],"trw":["meses",1727],"lp":["dem","sem","ejem","dm","seme","emej","spej","emed"],"rp":["med","pens","mej","mes","mens","jem","jemp","mese","nmed","pend","mend","pej"]},"151":{"input":[1,2,3,5,8],"tlw":["ademas",3394],"trw":["mesa",2367],"lp":[],"rp":[]},"152":{"input":[4,5,8],"tlp":["tm",622],"trp":["mb",53887],"lp":["tm","bm"],"rp":["mb"]},"153":{"input":[1,4,5,8],"tlp":["tam",22247],"trp":["mba",6413],"tlw":["fama",385],"trw":["mata",229],"lp":["tam","amb","tamb","fam","tamp","amab","bam","atam","abam","amba"],"rp":["mba","mat","mant","mab","maba","mata","pant","pab","ntam","mbat"],"special":"numsym"},"154":{"input":[2,4,5,8],"lp":[],"rp":[]},"155":{"input":[1,2,4,5,8],"tlw":["cama",1722],"trw":["pasaba",1017],"lp":[],"rp":[]},"156":{"input":[3,4,5,8],"tlp":["rm",44145],"trp":["ment",47484],"tlw":["repente",849],"trw":["mente",1213],"lp":["rm","erm","empr","tem","rme","emb","rem","term","temp"],"rp":["ment","mbr","mbre","mer","mpr","mpre","pren","met","perm","ntem","mper"]},"157":{"input":[1,3,4,5,8],"tlw":["tema",888],"trw":["manera",3467],"lp":[],"rp":[]},"158":{"input":[2,3,4,5,8],"tlw":["empece",256],"trw":["presente",701],"lp":[],"rp":[]},"159":{"input":[1,2,3,4,5,8],"tlw":["armas",1351],"trw":["madre",4699],"lp":[],"rp":[]},"160":{"input":[6,8],"base":"!","baseshift":"!","trp":["pi",45492],"lp":[],"rp":["pi","ip","ipi","pip"],"special":"punc"},"161":{"input":[1,6,8],"tlp":["api",5901],"trp":["pia",3578],"trw":["paz",1186],"lp":["api","apaz","zap","zapa","apia","apiz"],"rp":["pia","paz","pai","ipa","piz","pipa","ppai"]},"162":{"input":[2,6,8],"tlp":["spi",5706],"trp":["isp",4720],"lp":["spi"],"rp":["isp","pis","psi","ispi"]},"163":{"input":[1,2,6,8],"tlp":["spia",239],"trp":["pais",2619],"trw":["pais",1820],"lp":["spia","aspi"],"rp":["pais","pasi","ispa","pias","pisa","psia","ipas"]},"164":{"input":[3,6,8],"tlp":["epi",1192],"trp":["pie",14289],"trw":["pie",2140],"lp":["epi"],"rp":["pie","ipe","ipie","pei"]},"165":{"input":[1,3,6,8],"trp":["pez",4584],"trw":["pieza",377],"lp":[],"rp":["pez","peza","piez"]},"166":{"input":[2,3,6,8],"tlp":["espi",3579],"trp":["pid",4842],"trw":["pies",1461],"lp":["espi","disp","dip","epis","spie","spid"],"rp":["pid","pedi","pied","pies","pidi","pide","pesi","ispe","ipes","k'","kesp"]},"167":{"input":[1,2,3,6,8],"tlw":["despedida",172],"trw":["paises",358],"lp":[],"rp":[]},"168":{"input":[4,6,8],"tlp":["tip",2633],"trp":["pit",4928],"lp":["tip","tipi"],"rp":["pit","piti","pti","ipt","ipit"]},"169":{"input":[1,4,6,8],"tlp":["apit",3167],"trp":["pita",2814],"tlw":["tapia",110],"lp":["apit","tapi","vap"],"rp":["pita","pati","pav"]},"170":{"input":[2,4,6,8],"tlp":["cip",5255],"trp":["pci",1379],"lp":["cip","cipi","spit","scip","visp"],"rp":["pci","pist","icip","pic","ipc","ipci","ipic","psic","pisc","ptic"]},"171":{"input":[1,2,4,6,8],"tlw":["capaz",1523],"trw":["pista",305],"lp":[],"rp":[]},"172":{"input":[3,4,6,8],"tlp":["repi",892],"trp":["pri",18110],"tlw":["repetir",243],"trw":["pierre",163],"lp":["repi","epit","epti","rip","rpi","trip","epri","erpi"],"rp":["pri","peri","pir","pier","piri","peti","priv","prev","ptie","piet","perv","pite"]},"173":{"input":[1,3,4,6,8],"tlw":["repetia",185],"trw":["partir",944],"lp":[],"rp":[]},"174":{"input":[2,3,4,6,8],"tlw":["especie",1047],"trw":["pedir",513],"lp":[],"rp":[]},"175":{"input":[1,2,3,4,6,8],"tlw":["capacidad",547],"trw":["parecia",4070],"lp":[],"rp":[]},"176":{"input":[5,6,8],"trp":["mi",147074],"trw":["mi",29966],"lp":[],"rp":["mi","im","min","imp","imi","nim","inm","pin","mpi","mini","nmi","impi","pini","imin","inim","hip","him","imn","ph","phi"]},"177":{"input":[1,5,6,8],"tlp":["ami",19873],"trp":["ima",14150],"tlw":["anima",95],"trw":["mia",816],"lp":["ami","amin","anim","aim"],"rp":["ima","mina","iam","mia","mani","nima","pani","impa","ham","mpia","niam","mai","nami","mian","inam","imam"]},"178":{"input":[2,5,6,8],"tlp":["sim",4131],"trp":["mis",25550],"trw":["mis",5514],"lp":["sim","simp","simi","spin","smi","smis","sism"],"rp":["mis","ism","mism","misi","isim","insp","nspi","jim","nism","imis","hisp","ismi","jimi"]},"179":{"input":[1,2,5,6,8],"tlw":["animas",76],"trw":["misma",3576],"lp":[],"rp":[]},"180":{"input":[3,5,6,8],"tlp":["emi",4450],"trp":["mie",21370],"lp":["emi","empi","emin"],"rp":["mie","iem","iemp","mien","ime","imie","hem","inme","imen","pien","nemi","impe","miem","mpie","meni","heme","mine"]},"181":{"input":[1,3,5,6,8],"tlw":["empieza",396],"trw":["maxima",192],"lp":[],"rp":[]},"182":{"input":[2,3,5,6,8],"tlw":["dime",307],"trw":["impide",99],"lp":[],"rp":[]},"183":{"input":[1,2,3,5,6,8],"tlw":["demasiadas",229],"trw":["media",1745],"lp":[],"rp":[]},"184":{"input":[4,5,6,8],"tlp":["tim",9690],"trp":["mbi",15416],"lp":["tim","vim","timi","vimi","timb"],"rp":["mbi","mit","miti","ntim","pint","imit","imb","itm","pib","mbit","itim","ivim","mbin","mib","ptib"]},"185":{"input":[1,4,5,6,8],"trw":["pinta",126],"lp":[],"rp":[]},"186":{"input":[2,4,5,6,8],"tlw":["smith",64],"lp":[],"rp":[]},"187":{"input":[1,2,4,5,6,8],"tlw":["capitan",1308],"trw":["incapaz",452],"lp":[],"rp":[]},"188":{"input":[3,4,5,6,8],"tlw":["verme",274],"trw":["primer",2357],"lp":[],"rp":[]},"189":{"input":[1,3,4,5,6,8],"tlw":["tambien",10237],"trw":["primera",3631],"lp":[],"rp":[]},"190":{"input":[2,3,4,5,6,8],"tlw":["siempre",8021],"trw":["presidente",1129],"lp":[],"rp":[]},"191":{"input":[1,2,3,4,5,6,8],"tlw":["encima",2175],"trw":["mientras",7333],"lp":[],"rp":[]},"192":{"input":[7,8],"base":";","baseshift":":","trp":["po",202728],"trw":["pop",64],"lp":[],"rp":["po","op","opo","pop","ppo"],"special":"punc"},"193":{"input":[1,7,8],"tlp":["apo",2962],"trp":["opa",4287],"trw":["popa",199],"lp":["apo"],"rp":["opa","popa"]},"194":{"input":[2,7,8],"tlp":["spo",8366],"trp":["pos",15078],"trw":["pos",130],"lp":["spo","spos","sop","sosp","sopo"],"rp":["pos","osp","opos","poso","pso","ops"]},"195":{"input":[1,2,7,8],"tlp":["apos",275],"trp":["paso",5668],"tlw":["sopa",128],"trw":["paso",4414],"lp":["apos","sopa"],"rp":["paso","opas","posa","pow"]},"196":{"input":[3,7,8],"tlp":["epo",1772],"trp":["ope",2726],"lp":["epo","eppo"],"rp":["ope","peo","poe","opeo","pope"]},"197":{"input":[1,3,7,8],"tlp":["xpo",209],"trp":["opea",131],"lp":["xpo","expo"],"rp":["opea"]},"198":{"input":[2,3,7,8],"tlp":["espo",6435],"trp":["pod",19770],"tlw":["esposo",391],"trw":["peso",623],"lp":["espo","epos","depo","dop","speo","dope"],"rp":["pod","pode","pose","ospe","peso","poes","psoe","peos","podo"]},"199":{"input":[1,2,3,7,8],"tlw":["esposa",926],"trw":["pasado",2726],"lp":[],"rp":[]},"200":{"input":[4,7,8],"tlp":["top",143],"trp":["pto",1342],"trw":["opto",99],"lp":["top"],"rp":["pto","pot","opt","opto"]},"201":{"input":[1,4,7,8],"tlp":["apag",394],"trp":["pag",2930],"tlw":["apago",137],"trw":["pago",329],"lp":["apag","tapo"],"rp":["pag","paga","pago","pato","opag","opta"]},"202":{"input":[2,4,7,8],"tlp":["cop",1471],"trp":["poc",14176],"trw":["poco",8226],"lp":["cop","scop","copo","tops"],"rp":["poc","poco","post","opc","ptos"]},"203":{"input":[1,2,4,7,8],"tlw":["copa",496],"trw":["pocas",752],"lp":[],"rp":[]},"204":{"input":[3,4,7,8],"tlp":["rop",11433],"trp":["por",105551],"tlw":["torpe",134],"trw":["por",82819],"lp":["rop","rpo","erpo","trop","ropo","epto"],"rp":["por","pero","pro","preg","prop","port","orp","orpr","preo","prot","opor","peor","oper","peg"]},"205":{"input":[1,3,4,7,8],"tlw":["ropa",972],"trw":["pagar",556],"lp":[],"rp":[]},"206":{"input":[2,3,4,7,8],"tlw":["espero",808],"trw":["poder",3232],"lp":[],"rp":[]},"207":{"input":[1,2,3,4,7,8],"tlw":["aspecto",1030],"trw":["profesor",509],"lp":[],"rp":[]},"208":{"input":[5,7,8],"trp":["mo",151250],"trw":["puno",277],"lp":[],"rp":["mo","om","pu","mu","omo","mpo","um","omp","up","pon","mon","mun","mom","pun","upo","nom","omu","omun","num","umo"]},"209":{"input":[1,5,7,8],"tlp":["amo",19266],"trp":["mano",16278],"tlw":["amo",786],"trw":["mano",5872],"lp":["amo","ampo","apu","amon","aum"],"rp":["mano","oma","ompa","uma","pano","upa","uman","oman","manu","pau","mona","maqu","namo","umna","uap"]},"210":{"input":[2,5,7,8],"tlp":["spu",13016],"trp":["mos",30677],"tlw":["somos",935],"trw":["puso",2090],"lp":["spu","smo","sup","spon","som","supo","supu","sum","somo","smos"],"rp":["mos","muj","pus","puso","mpos","mus","moso","omos","pons","usp"]},"211":{"input":[1,2,5,7,8],"tlw":["suma",280],"trw":["manos",4296],"lp":[],"rp":[]},"212":{"input":[3,5,7,8],"tlp":["emo",15453],"trp":["pue",46340],"tlw":["empeno",236],"trw":["muy",14472],"lp":["emo","empo","emon","epu"],"rp":["pue","ome","muy","omen","mue","meno","mome","ume","pone","upe","umen","nume","nemo","upue","poy","memo"]},"213":{"input":[1,3,5,7,8],"tlw":["apoyo",685],"trw":["pequeno",1827],"lp":[],"rp":[]},"214":{"input":[2,3,5,7,8],"tlw":["despues",9579],"trw":["menos",6628],"lp":[],"rp":[]},"215":{"input":[1,2,3,5,7,8],"tlw":["amado",313],"trw":["mando",1140],"lp":[],"rp":[]},"216":{"input":[4,5,7,8],"tlp":["tom",6546],"trp":["omb",23704],"tlw":["tomo",1241],"trw":["punto",3190],"lp":["tom","tum","tumb","tomo","tup","bom","tmo"],"rp":["omb","punt","nomb","umb","pub","mont","pob","mbo","mot","pong","put","moto","umbo"]},"217":{"input":[1,4,5,7,8],"tlw":["toma",528],"trw":["punta",577],"lp":[],"rp":[]},"218":{"input":[2,4,5,7,8],"tlw":["como",50874],"trw":["puntos",421],"lp":[],"rp":[]},"219":{"input":[1,2,4,5,7,8],"tlw":["tampoco",2231],"trw":["montanas",596],"lp":[],"rp":[]},"220":{"input":[3,4,5,7,8],"tlw":["grupo",2081],"trw":["momento",6711],"lp":[],"rp":[]},"221":{"input":[1,3,4,5,7,8],"tlw":["forma",3330],"trw":["porque",13945],"lp":[],"rp":[]},"222":{"input":[2,3,4,5,7,8],"tlw":["cuerpo",3541],"trw":["mujer",5923],"lp":[],"rp":[]},"223":{"input":[1,2,3,4,5,7,8],"tlw":["respuesta",1354],"trw":["personas",2316],"lp":[],"rp":[]},"224":{"input":[6,7,8],"trp":["pl",26745],"trw":["pollo",147],"lp":[],"rp":["pl","opi","pli","pio","pol","poli","lp","ipo","olp","plo","opio","ipio","pil","lip","lop","plio","ipl","pill","ilip","lipo"]},"225":{"input":[1,6,7,8],"tlp":["apl",391],"trp":["pal",11994],"tlw":["apolo",118],"trw":["plaza",1014],"lp":["apl","apol","apil","apli","alop","apla"],"rp":["pal","pla","pala","opia","ipal","lpa","plaz","palo","pali","plia","pila","poz","pozo","lap"]},"226":{"input":[2,6,7,8],"tlp":["spl",427],"trp":["posi",7976],"tlw":["soplo",116],"trw":["piso",796],"lp":["spl","sopl","spio"],"rp":["posi","ispo","pios","piso","ospi","ipos","plos","lpis","opsi"]},"227":{"input":[1,2,6,7,8],"trw":["pasillo",584],"lp":[],"rp":[]},"228":{"input":[3,6,7,8],"tlp":["epl",1170],"trp":["pel",8010],"trw":["piel",1315],"lp":["epl","epli","elip","eple"],"rp":["pel","ple","lpe","olpe","peli","pelo","piel","pele","opie","pell","lipe","lope","pole","lpeo","pleo","opel"]},"229":{"input":[1,3,6,7,8],"trw":["papel",1409],"lp":[],"rp":[]},"230":{"input":[2,3,6,7,8],"tlw":["episodio",202],"trw":["podido",1018],"lp":[],"rp":[]},"231":{"input":[1,2,3,6,7,8],"tlw":["espalda",1291],"trw":["podia",6502],"lp":[],"rp":[]},"232":{"input":[4,6,7,8],"tlp":["golp",2796],"trp":["polv",730],"tlw":["tipo",2063],"trw":["polvo",512],"lp":["golp","tipo","gip","gipt","tipl"],"rp":["polv","pito","ipto","ipot","ltip","plit"]},"233":{"input":[1,4,6,7,8],"tlw":["filipo",307],"trw":["patio",737],"lp":[],"rp":[]},"234":{"input":[2,4,6,7,8],"tlw":["tipos",271],"trw":["politicos",569],"lp":[],"rp":[]},"235":{"input":[1,2,4,6,7,8],"tlw":["capital",627],"trw":["politica",1189],"lp":[],"rp":[]},"236":{"input":[3,4,6,7,8],"tlw":["golpe",1615],"trw":["propio",2058],"lp":[],"rp":[]},"237":{"input":[1,3,4,6,7,8],"tlw":["felipe",457],"trw":["propia",1864],"lp":[],"rp":[]},"238":{"input":[2,3,4,6,7,8],"tlw":["replico",777],"trw":["perdido",1215],"lp":[],"rp":[]},"239":{"input":[1,2,3,4,6,7,8],"tlw":["especial",896],"trw":["podria",2740],"lp":[],"rp":[]},"240":{"input":[5,6,7,8],"trp":["hom",15529],"trw":["mil",2026],"lp":[],"rp":["hom","mil","lm","mpl","imo","omi","mili","impo","mino","hum","lim","moni","ompl","mio","mpli","lum","poni","pul","mplo","impl"],"special":"enter"},"241":{"input":[1,5,6,7,8],"tlw":["alma",1817],"trw":["mal",3264],"lp":[],"rp":[]},"242":{"input":[2,5,6,7,8],"trw":["mismo",8546],"lp":[],"rp":[]},"243":{"input":[1,2,5,6,7,8],"tlw":["suponia",297],"trw":["humanos",580],"lp":[],"rp":[]},"244":{"input":[3,5,6,7,8],"tlw":["empleo",215],"trw":["pleno",336],"lp":[],"rp":[]},"245":{"input":[1,3,5,6,7,8],"tlw":["empezo",1641],"trw":["manuel",722],"lp":[],"rp":[]},"246":{"input":[2,3,5,6,7,8],"tlw":["ejemplo",1285],"trw":["medio",3051],"lp":[],"rp":[]},"247":{"input":[1,2,3,5,6,7,8],"tlw":["demasiado",2974],"trw":["podian",1303],"lp":[],"rp":[]},"248":{"input":[4,5,6,7,8],"trw":["ultimo",2103],"lp":[],"rp":[]},"249":{"input":[1,4,5,6,7,8],"tlw":["amigo",2622],"trw":["ultima",1629],"lp":[],"rp":[]},"250":{"input":[2,4,5,6,7,8],"tlw":["conmigo",1217],"trw":["mucho",7468],"lp":[],"rp":[]},"251":{"input":[1,2,4,5,6,7,8],"tlw":["camino",3366],"trw":["muchas",2632],"lp":[],"rp":[]},"252":{"input":[3,4,5,6,7,8],"tlw":["tiempo",9492],"trw":["hombre",8282],"lp":[],"rp":[]},"253":{"input":[1,3,4,5,6,7,8],"tlw":["finalmente",1135],"trw":["hermano",2152],"lp":[],"rp":[]},"254":{"input":[2,3,4,5,6,7,8],"tlw":["respondio",2029],"trw":["hombres",5292],"lp":[],"rp":[]},"255":{"input":[1,2,3,4,5,6,7,8],"tlw":["comenzo",1401],"trw":["palabras",3233],"lp":[],"rp":[]}}