{"0":{"value":0,"notes":["Developer : Zack Dennis (zack@asetniop.com)","Date : 12/12/2014","All code (c) 2014 Pointesa, LLC all rights reserved","Abbreviations :    ","tlp = top left partial","lp = left partials","trp = top right partial","rp = right partials","tlw = top left word","lw = left words","trw = top right word","rw = right words"]},"1":{"input":[1],"base":"a","baseshift":"A","tlp":["aa",258251],"tlw":["a",455],"lp":["aa","aaa"],"rp":[]},"2":{"input":[2],"base":"s","baseshift":"S","tlp":["ss",66466],"tlw":["s",731],"lp":["ss"],"rp":[]},"3":{"input":[1,2],"base":"w","baseshift":"W","tlp":["sa",177484],"tlw":["saa",2123],"lp":["sa","as","ssa","saa","ass","assa","aas","ssaa","aass","sas","sass","asa","saas","aaas","wa","ssas","aasa","asas"],"rp":[]},"4":{"input":[3],"base":"e","baseshift":"E","tlp":["ee",59327],"tlw":["e",519],"lp":["ee"],"rp":[]},"5":{"input":[1,3],"base":"x","baseshift":"X","tlp":["ea",19583],"tlw":["x",52],"lp":["ea","ae","eaa","ex","ax","aae"],"rp":[]},"6":{"input":[2,3],"base":"d","baseshift":"D","tlp":["se",143967],"tlw":["se",27105],"lp":["se","es","de","ess","ed","ses","see","des","ede","dess","edes","ees","sess","eess","ese","eese","esee","sse","ssee","eed"],"rp":[]},"7":{"input":[1,2,3],"tlp":["da",33895],"tlw":["saada",1657],"lp":["da","essa","ad","ase","eda","aad","ada","eas","aada","ade","saad","sea","esa","aase","ades","seaa","das","daa","eass","asee"],"rp":[]},"8":{"input":[4],"base":"t","baseshift":"T","tlp":["tt",182756],"tlw":["t",129],"lp":["tt"],"rp":[]},"9":{"input":[1,4],"base":"f","baseshift":"F","tlp":["ta",443960],"tlw":["tata",2224],"lp":["ta","at","tta","taa","att","ttaa","aat","ata","atta","aatt","tat","aata","tata","ataa","fa","ff","ft","af","tatt","aff"],"rp":[]},"10":{"input":[2,4],"base":"c","baseshift":"C","tlp":["st",131877],"tlw":["st",145],"lp":["st","ts","sc","tc"],"rp":[]},"11":{"input":[1,2,4],"tlp":["sta",78874],"tlw":["taas",3738],"lp":["sta","ast","asta","staa","tas","ats","aast","taas","saat","tass","tsa","stas","sat","tast","satt","ac","stat","sata","tsas","sast"],"rp":[]},"12":{"input":[3,4],"base":"r","baseshift":"R","tlp":["et",120310],"tlw":["te",3216],"lp":["et","te","ett","er","tte","re","rt","rr","tee","err","eet","ette","ert","tet","ete","tett","ter","rte","ere","etee"],"rp":[]},"13":{"input":[1,3,4],"tlp":["ar",56709],"tlw":["etta",32564],"lp":["ar","ra","etta","tar","rra","era","erra","raa","eta","rta","aar","art","ara","ate","are","atte","rat","etaa","eraa","erta"],"rp":[]},"14":{"input":[2,3,4],"tlp":["est",21714],"tlw":["ester",156],"lp":["est","tse","ste","set","sest","rs","det","ets","res","dest","ress","tsee","este","sett","dett","rd","rest","ster","tses","der"],"rp":[]},"15":{"input":[1,2,3,4],"tlp":["esta",12314],"tlw":["eras",1057],"lp":["esta","ras","ars","eras","atse","dat","rast","aste","east","aras","tsea","etsa","rass","aset","sar","seta","ard","edat","sef","datt"],"rp":[]},"16":{"input":[5],"base":"n","baseshift":"N","trp":["nn",48589],"trw":["n",1456],"lp":[],"rp":["nn"]},"17":{"input":[1,5],"base":"q","baseshift":"Q","tlp":["an",427381],"trp":["na",121169],"tlw":["anna",1340],"trw":["na",532],"lp":["an","aan","ana","ann","anna","anaa","aana","anan","aann","anq"],"rp":["na","nna","naa","naan","nan","nnan","nnaa","nq"]},"18":{"input":[2,5],"base":"j","baseshift":"J","tlp":["sn",381],"trp":["ns",47964],"trw":["j",621],"lp":["sn"],"rp":["ns","nss","nj"]},"19":{"input":[1,2,5],"tlp":["san",29730],"trp":["ja",188698],"tlw":["ajan",1077],"trw":["ja",138817],"lp":["san","ans","ansa","aj","saan","aja","anss","sana","aans","ajan","ssan"],"rp":["ja","nsa","jaa","jan","nssa","jas","jaan","nas","nsan"]},"20":{"input":[3,5],"base":"y","baseshift":"Y","tlp":["en",297363],"trp":["ne",120612],"tlw":["en",8035],"trw":["ne",8601],"lp":["en","een","enn","ene","enne","enen","ey","enee"],"rp":["ne","nen","ny","nne","yy","nee","yn","nnen","yny","neen","nny","yyn"]},"21":{"input":[1,3,5],"tlp":["ane",47273],"trp":["nay",5887],"tlw":["enaa",3363],"trw":["naen",437],"lp":["ane","anen","ay","ena","any","anne","enaa","aen","anee","aane","enna","ean","ayn","eaan","eena","ayny"],"rp":["nay","ya","nae","ynna"]},"22":{"input":[2,3,5],"tlp":["sen",43375],"trp":["ys",15306],"tlw":["sen",18097],"lp":["sen","ens","sy","den","seen","eens","sens","syn","syd","syy"],"rp":["ys","je","yd","ysy","nes","jen","yde","yys","nd","nnes"]},"23":{"input":[1,2,3,5],"tlp":["dan",14539],"trp":["yda",4761],"tlw":["sydan",458],"trw":["jaada",316],"lp":["dan","ensa","syda","anes","sena","ayd","asen","ayde","edan","daan","sean","and","ande","ays","ayda","assy","esan"],"rp":["yda","ydan","ysa"]},"24":{"input":[4,5],"base":"b","baseshift":"B","tlp":["bb",82],"trp":["nt",46733],"tlw":["b",145],"lp":["bb","tn"],"rp":["nt","ntt","nb"]},"25":{"input":[1,4,5],"tlp":["taan",23917],"trp":["nta",24277],"tlw":["antaa",1443],"lp":["taan","ant","tan","anta","ttan","tann","aant","tana","ba","antt","anat","atan","bat","ab"],"rp":["nta","ntaa","nat","ntan","nnat","natt"]},"26":{"input":[2,4,5],"tlp":["bj",117],"trp":["nc",817],"lp":["bj","sb","sbj"],"rp":["nc","nst"]},"27":{"input":[1,2,4,5],"tlp":["ajat",5379],"trp":["jat",10551],"tlw":["sanat",714],"trw":["jattaa",503],"lp":["ajat","stan","taj","taja","tans","ttaj","sant","tsan","anc","cq","acq","staj"],"rp":["jat","jatt","jast","nast","jac","jacq","jata","ntas"]},"28":{"input":[3,4,5],"tlp":["ten",35400],"trp":["yt",52934],"tlw":["eteen",754],"trw":["nyt",14068],"lp":["ten","ty","tten","ent","teen","ren","tyy","tyt","tytt"],"rp":["yt","nyt","ytt","net","nte","yty","neet","ynyt","nty","nett","nnet"]},"29":{"input":[1,3,4,5],"tlp":["ayt",12824],"trp":["nayt",5724],"tlw":["taytyy",2000],"trw":["naet",1065],"lp":["ayt","ran","tay","aytt","tayt","anyt","anet","tany","rran","ayty","enta","raan","taen","aten","tya","aren","rann"],"rp":["nayt","ytta","yta"]},"30":{"input":[2,3,4,5],"tlp":["rj",9328],"trp":["yst",5033],"tlw":["syntynyt",298],"lp":["rj","sten","sty","tys","rje","tens","tsen","sent","tyst","esty","synt","etys","syt","rjee","syyt","stys"],"rp":["yst","nest","jet","jest"]},"31":{"input":[1,2,3,4,5],"tlw":["sentaan",644],"trw":["jaanyt",372],"lp":[],"rp":[]},"32":{"input":[6],"base":"i","baseshift":"I","trp":["ii",103087],"trw":["i",313],"lp":[],"rp":["ii","iii"]},"33":{"input":[1,6],"base":"z","baseshift":"Z","tlp":["ai",154264],"trp":["ia",39589],"tlw":["z",67],"lp":["ai","aai","zi","az","zz","zzi","za","aza"],"rp":["ia","iaa","iia","iai","iz","izz","izzi"]},"34":{"input":[2,6],"base":"k","baseshift":"K","tlp":["si",217633],"trp":["is",146392],"tlw":["siis",3048],"trw":["k",311],"lp":["si","sk","sii","ski","sis"],"rp":["is","ki","ik","ks","kk","isi","ksi","ikk","kki","ikki","iss","iis","kii","iks","iksi"]},"35":{"input":[1,2,6],"tlp":["ak",50178],"trp":["ka",233392],"tlw":["sai",2457],"trw":["kaikki",9023],"lp":["ak","aik","ais","asi","aikk","sia","aks","aka","aki","ska","aisi"],"rp":["ka","kaa","ika","kai","kaik","kas","kka","issa","isa"]},"36":{"input":[3,6],"base":",","baseshift":"<","tlp":["ei",107437],"trp":["ie",70245],"tlw":["ei",34289],"lp":["ei"],"rp":["ie"],"special":"punc"},"37":{"input":[1,3,6],"tlp":["ez",677],"trp":["ix",36],"tlw":["xii",62],"trw":["ix",36],"lp":["ez","xi","ezi","exi","ze","xii","aie","eia"],"rp":["ix"]},"38":{"input":[2,3,6],"tlp":["ek",18980],"trp":["ke",62524],"tlw":["die",61],"trw":["keksi",101],"lp":["ek","eid","eik","eis","sie","sei","esi","eks","ske","sek"],"rp":["ke","ise","id","kse","ike","ies","ide","ises","kei","kes"]},"39":{"input":[1,2,3,6],"tlp":["eida",12497],"trp":["ida",14485],"tlw":["eika",6048],"trw":["kaikkea",823],"lp":["eida","aise","eika","eka","aike","seka","ake","akse","aske","aid","aide","dak"],"rp":["ida","kea","ikea","ieda","kad","kade","keas","kkea"]},"40":{"input":[4,6],"base":"v","baseshift":"V","tlp":["ti",98241],"trp":["it",143226],"tlw":["v",870],"trw":["iv",91],"lp":["ti","vi","tti","tii","vii","ttii","vit","tiv","ttiv","vitt","viit"],"rp":["it","iv","itt","iit","iti","itti","ivi","iitt","ivit"]},"41":{"input":[1,4,6],"tlp":["va",182750],"trp":["ita",65115],"tlw":["tai",4545],"lp":["va","vat","av","vai","ava","vaa","tai","aiv","aiva","tav","tava","ait","aav","avat"],"rp":["ita","iva","ivat","iita","itta","itaa"]},"42":{"input":[2,4,6],"tlp":["sit",26898],"trp":["ist",39998],"tlw":["viisi",327],"trw":["itki",255],"lp":["sit","sti","tk","sitt","siit","siv","tki","tsi","sv","vis","tis"],"rp":["ist","its","itk","isti","itsi","itki","kiv","iist","kiit"]},"43":{"input":[1,2,4,6],"tlp":["vas",19036],"trp":["ista",23491],"tlw":["sita",11781],"trw":["kavi",1357],"lp":["vas","vast","tka","sita","asti","tak","vaik","aist","atk","taka","siva","asv","tais","tasi","atka"],"rp":["ista","kat","kats","kasv","kav"]},"44":{"input":[3,4,6],"tlp":["ri",43375],"trp":["ir",15903],"tlw":["ettei",3147],"trw":["irti",421],"lp":["ri","ve","vie","tie","ev","tei","eit","rv","eri","eiv","etti","tiet","eti","ttei","vet"],"rp":["ir","itte","ite","iet","ier"]},"45":{"input":[1,3,4,6],"tlp":["ari",10391],"trp":["ieta",3954],"tlw":["eivat",3839],"lp":["ari","eva","var","eita","arv","eiva","ria","evat","arvi","tarv","vaar","vart","rva","raav","tari","veta","rai"],"rp":["ieta","ira","iera"]},"46":{"input":[2,3,4,6],"tlp":["rk",13550],"trp":["itse",13494],"tlw":["teki",1489],"trw":["itse",3766],"lp":["rk","esti","tek","etk","rkk","rsi","tied","ris","tke","rke","teid"],"rp":["itse","ker","kir","iste","iset","kert","kerr","irk","kirk"]},"47":{"input":[1,2,3,4,6],"tlw":["tieda",1175],"trw":["kertaa",1619],"lp":[],"rp":[]},"48":{"input":[5,6],"base":"h","baseshift":"H","trp":["in",333976],"trw":["niin",26801],"lp":[],"rp":["in","ni","iin","nii","niin","ih","hi","inn","nh","nin","iih","hin","nni","hn","ihi","ihin","ini","iinn","inni","nhi"]},"49":{"input":[1,5,6],"tlp":["ah",50528],"trp":["ha",155587],"tlw":["aina",4737],"trw":["han",60727],"lp":["ah","ain","aha","ani","ahan","aina","anh","anha"],"rp":["ha","han","ina","nai","iina","nah","ian","nha","haa","iha","nain","ihan"]},"50":{"input":[2,5,6],"tlp":["sin",32954],"trp":["nk",49072],"tlw":["sikin",37],"trw":["kiinni",1175],"lp":["sin","siin","siih","skin"],"rp":["nk","kin","ink","nki","nkin","nsi","isin","iink","ij","hk","inki","ksin","nis","kiin","ins","ikin"]},"51":{"input":[1,2,5,6],"tlp":["akin",7540],"trp":["kaan",25562],"tlw":["sina",5798],"trw":["kanssa",4169],"lp":["akin","sina","ank"],"rp":["kaan","nka","kan","inka","kans","nak","nkaa","nais","naki","kana","ija","inak","kah","ikan","hka","jai","isan"]},"52":{"input":[3,5,6],"tlp":["eh",17793],"trp":["he",62964],"tlw":["enin",79],"trw":["he",9072],"lp":["eh","eni","ein","ehe"],"rp":["he","ine","inen","hy","yh","hei","ien","yi","hen","ieh","ihe","iihe","ihen","iehe","hny","inne"]},"53":{"input":[1,3,5,6],"tlp":["aine",8961],"trp":["hane",41802],"tlw":["eihan",834],"trw":["hanen",25783],"lp":["aine","ahe","ahny","eiha","eha","eina","ehia","ehan","enia","anhe","aihe","enha","ahne","eani"],"rp":["hane","yha","yhan","hea","hena","inay"]},"54":{"input":[2,3,5,6],"tlp":["enk",14707],"trp":["hd",22326],"tlw":["siihen",4304],"trw":["niiden",2381],"lp":["enk","enki","ensi","ehd"],"rp":["hd","ky","isen","ken","hde","yk","yks","heid","ksen","iden","hden","kein","yksi","kys","kysy","keen"]},"55":{"input":[1,2,3,5,6],"tlw":["ehka",1532],"trw":["heidan",5518],"lp":[],"rp":[]},"56":{"input":[4,5,6],"tlp":["tiin",8421],"trp":["ht",36404],"tlw":["viini",52],"trw":["nti",182],"lp":["tiin","vin","tin","vih","th","viin"],"rp":["ht","hti","niit","nti","int","hit","ntti","nit","init","nv","iint","nitt","hv","itin"]},"57":{"input":[1,4,5,6],"tlp":["van",24884],"trp":["hta",10602],"tlw":["vaan",7099],"trw":["hanta",8388],"lp":["van","aht","tah","vaan","vain","vah","vanh","taht","ahti","vaha","avan","tain","taha","vana"],"rp":["hta","hant","ivan","htaa","hat","inta"]},"58":{"input":[2,4,5,6],"tlp":["tkin",2359],"trp":["ntis",951],"tlw":["viisin",90],"trw":["kiinnitti",90],"lp":["tkin","ch","tsin","tins","stin","tij","vink","tsh","tsij","tch"],"rp":["ntis","nist","hist","nci","hits","ncis","nsiv","itsh","nits","htik"]},"59":{"input":[1,2,4,5,6],"tlw":["vastaan",3099],"trw":["niista",1303],"lp":[],"rp":[]},"60":{"input":[3,4,5,6],"tlp":["rin",8705],"trp":["yv",14540],"tlw":["tehnyt",1374],"trw":["hyvin",4061],"lp":["rin","teh","tyi","eht","ven","rh"],"rp":["yv","hyv","het","iten","her","yht","hte","yvi","herr","hyvi","yvin","ytti","heit","hnyt"]},"61":{"input":[1,3,4,5,6],"tlw":["taytyi",1362],"trw":["hanet",4513],"lp":[],"rp":[]},"62":{"input":[2,3,4,5,6],"tlw":["sitten",8039],"trw":["kenties",944],"lp":[],"rp":[]},"63":{"input":[1,2,3,4,5,6],"tlw":["teidan",2121],"trw":["kerran",2976],"lp":[],"rp":[]},"64":{"input":[7],"base":"o","baseshift":"O","trp":["oo",9026],"trw":["o",542],"lp":[],"rp":["oo"]},"65":{"input":[1,7],"base":"(","baseshift":"[","tlp":["ao",201],"trp":["oa",14352],"lp":["ao"],"rp":["oa","oaa"],"special":"punc"},"66":{"input":[2,7],"base":".","baseshift":">","tlp":["so",15574],"trp":["os",54094],"tlw":["so",36],"lp":["so","soo","sso","sos","soss"],"rp":["os","oss","oso","oos","ooss"],"special":"punc"},"67":{"input":[1,2,7],"tlp":["soa",566],"trp":["ossa",8151],"trw":["osaa",838],"lp":["soa","aso","sao","ssao"],"rp":["ossa","osa","oas","osaa","osas","ow"]},"68":{"input":[3,7],"base":"-","baseshift":"_","tlp":["eo",536],"trp":["oe",3004],"trw":["-",534],"lp":["eo"],"rp":["oe"],"special":"punc"},"69":{"input":[1,3,7],"tlp":["a-",142],"trp":["ox",358],"lp":["a-","a-a","xo"],"rp":["ox","-a","oxo"]},"70":{"input":[2,3,7],"tlp":["do",12063],"trp":["od",8394],"lp":["do","dos","edo","sod","soe","doss","esso","eos","eoss","edos"],"rp":["od","ode","odo","ose","odos","oose","oses","odes","oes","oess"]},"71":{"input":[1,2,3,7],"tlp":["ado",599],"trp":["oda",1130],"tlw":["sodassa",75],"lp":["ado","soda","aado","dow","eado","adow"],"rp":["oda","odas","odaa"]},"72":{"input":[4,7],"base":"g","baseshift":"G","tlp":["to",61617],"trp":["ot",51834],"tlw":["g",128],"trw":["ogoot",161],"lp":["to","tto","tot","too","tott","go","gt","goo","goot","gto","ttoo","gg"],"rp":["ot","ott","oto","otto","oot","og","ogo","ogoo"]},"73":{"input":[1,4,7],"tlp":["ato",2846],"trp":["ota",12728],"tlw":["totta",1107],"trw":["ottaa",1121],"lp":["ato","toa","ga","atto","ag","gat","gata","aato","ttoa","ago","gatt","toaa","fo"],"rp":["ota","otta","otaa","of","oat","oata","otoa"]},"74":{"input":[2,4,7],"tlp":["sto",3632],"trp":["ost",9527],"lp":["sto","tso","tos","sot","co","toss","tost","sott","stos","tsoo","stot","stoo","tsos","tsot","gs"],"rp":["ost","ots","oc","osto","osot"]},"75":{"input":[1,2,4,7],"tlp":["atso",3515],"trp":["osta",6277],"tlw":["sota",171],"trw":["ostaa",147],"lp":["atso","asto","gas","sota","atos","tsoa","sato","stoa","gast","sof","aggs","asot"],"rp":["osta","oast","otsa","osat","osof","owc"]},"76":{"input":[3,4,7],"tlp":["ro",11439],"trp":["or",16598],"tlw":["eero",648],"lp":["ro","ero","rto","tor","erto","ge","eto","rot","rg","erg","rro","erro","etto"],"rp":["or","ote","ort","ore","oet","oett","otte"]},"77":{"input":[1,3,4,7],"tlp":["rag",1424],"trp":["ora",1253],"tlw":["erottaa",195],"lp":["rag","aro","rtoa","rof","atro","rota","etoa","rofe","gra","aroo","roa","eroa","for"],"rp":["ora","oraa","orta","ofe","oeta","orea","otar"]},"78":{"input":[2,3,4,7],"tlp":["dot",4568],"trp":["odot",2046],"tlw":["god",157],"lp":["dot","dott","tod","tode","dost","ros","stor","sor","doto","cor","cort","roc","serg","ssor","tsoe","tros","ross"],"rp":["odot","oste","ors"]},"79":{"input":[1,2,3,4,7],"tlw":["grace",80],"trw":["odottaa",481],"lp":[],"rp":[]},"80":{"input":[5,7],"base":"u","baseshift":"U","trp":["on",111283],"trw":["on",43019],"lp":[],"rp":["on","un","uu","uo","nu","no","ou","uon","nun","unn","onn","uun","unu","nnu","nuo","oon","nno","non","nou","onu"]},"81":{"input":[1,5,7],"tlp":["au",31984],"trp":["ua",18997],"lp":["au","ano","anu","aun","annu","aanu","aua","anoa","anon","auan"],"rp":["ua","nua","noa","ona","una","nau","uan","uona","onaa","unna"]},"82":{"input":[2,5,7],"tlp":["su",33737],"trp":["jo",99696],"tlw":["sun",387],"trw":["jos",9131],"lp":["su","suu","suo"],"rp":["jo","us","jos","ju","jon","oj","uus","jou","juu","uos","joss","ous","uns","nous","nus","ons","uss"]},"83":{"input":[1,2,5,7],"tlp":["sano",17998],"trp":["oja",7593],"tlw":["sanoa",1500],"trw":["jossa",2870],"lp":["sano","aus","asu","ausu","ajo","anoj","aju","sua"],"rp":["oja","noas","onsa","ussa","uja","noja","unsa","ojan","osan","uas","uoja","ojaa"]},"84":{"input":[3,5,7],"tlp":["eu",8909],"trp":["yo",14437],"tlw":["eno",84],"trw":["yon",465],"lp":["eu","enu","eno","ennu"],"rp":["yo","one","onne","unne","oy","ue","uone","yon","onee","une","oen","neu","unee","onen","noe","noen"]},"85":{"input":[1,3,5,7],"tlp":["que",622],"trp":["yona",396],"trw":["yona",396],"lp":["que","anoe","aune","aue","enoa","euna","xon","aneu","aeu"],"rp":["yona","nox","oxon","-na","-nay","nque","naeu","unay"]},"86":{"input":[2,3,5,7],"tlp":["seu",5113],"trp":["ud",9289],"tlw":["syo",106],"trw":["uuden",713],"lp":["seu","don","du","suud","syo"],"rp":["ud","ude","uud","uude","yos","use","uden","uod","oje","ojen","udes","uode","oyd","ues","oden"]},"87":{"input":[1,2,3,5,7],"tlw":["sanoen",554],"trw":["juoda",134],"lp":[],"rp":[]},"88":{"input":[4,5,7],"tlp":["tu",97385],"trp":["ut",111271],"tlw":["tuo",4127],"trw":["outo",170],"lp":["tu","tun","tuo","ttu","ton","tunt","tuu"],"rp":["ut","utt","nut","uut","ng","unt","uot","unut","nnut","nto","uutt","utu","ont"]},"89":{"input":[1,4,5,7],"tlp":["anut",9016],"trp":["utta",36184],"tlw":["tuota",1414],"trw":["uutta",628],"lp":["anut","tanu","aut","tua","atu","autt","anto","attu","ttua","anot","tau","agn","ang"],"rp":["utta","uta","uuta","nga","onta","uota","unta"]},"90":{"input":[2,4,5,7],"tlp":["stu",9987],"trp":["jot",16587],"tlw":["totuus",204],"trw":["joutunut",411],"lp":["stu","tus","tuns","tuos","suut","toj","tust","stun","tsu","stus","sut"],"rp":["jot","ust","nust","jost","jout","nost","jott","uost","uots"]},"91":{"input":[1,2,4,5,7],"tlw":["saanut",2403],"trw":["jota",3761],"lp":[],"rp":[]},"92":{"input":[3,4,5,7],"tlp":["ru",10641],"trp":["ur",27188],"tlw":["tytto",1225],"trw":["nuoren",497],"lp":["ru","eur","ettu","tyo","rou","ruu","tur","eut"],"rp":["ur","uur","uor","ure","uure","ute","nuor","uten","unte","yot","uute","ytto"]},"93":{"input":[1,3,4,5,7],"tlw":["tyota",814],"trw":["yota",359],"lp":[],"rp":[]},"94":{"input":[2,3,4,5,7],"tlw":["suuren",1116],"trw":["joten",283],"lp":[],"rp":[]},"95":{"input":[1,2,3,4,5,7],"tlw":["suurta",798],"trw":["uudestaan",554],"lp":[],"rp":[]},"96":{"input":[6,7],"base":"l","baseshift":"L","trp":["ll",180531],"trw":["oli",55295],"lp":[],"rp":["ll","ol","li","oi","oli","il","ill","lo","oll","lli","loi","llo","lloi","illo","lii","io","olli","ilo","oil","oill"]},"97":{"input":[1,6,7],"tlp":["al",103204],"trp":["la",161361],"tlw":["alla",1156],"trw":["olla",4699],"lp":["al","all","alla","ala","aal","aall","ali","alli","alo","ail","alai"],"rp":["la","lla","illa","lai","olla","laa","ila","llai","llaa"]},"98":{"input":[2,6,7],"tlp":["sil",23278],"trp":["ko",79476],"tlw":["soi",379],"trw":["olisi",9034],"lp":["sil","sill"],"rp":["ko","ok","lis","ois","lk","lisi","olis","koi","oik","llis","osk","oko","kok","kos","koko","iko","oisi","lko"]},"99":{"input":[1,2,6,7],"tlp":["alk",11320],"trp":["oka",22378],"tlw":["silla",7800],"trw":["koska",1773],"lp":["alk","sal","alko","alka","alas","aiko","ako","sala","sall"],"rp":["oka","lais","las","kal","lka","oska","kall","lak","oika","lkaa","laki"]},"100":{"input":[3,6,7],"tlp":["el",107523],"trp":["le",115183],"tlw":["eli",822],"trw":["ole",10027],"lp":["el","ell","elle","eli","ele","eil","eill","elli"],"rp":["le","lle","ole","iel","lee","ille","llee","iell","olle","iele","lei","lel"]},"101":{"input":[1,3,6,7],"tlp":["ella",24479],"trp":["iela",9775],"tlw":["elaa",782],"trw":["lea",62],"lp":["ella","ela","alle","ale","eal","elaa","eall","elia","aile","elai","alee","alel","a-al","aale","alea","elal"],"rp":["iela","lea","-al","lae"]},"102":{"input":[2,3,6,7],"tlp":["sel",13503],"trp":["oise",7642],"tlw":["eiko",1404],"trw":["kello",600],"lp":["sel","sell","siel","del","dell","elk","eiso","seli","skel"],"rp":["oise","lke","oike","lise","les","kel","lkee","kell","okse","isel","oid"]},"103":{"input":[1,2,3,6,7],"tlw":["siella",4520],"trw":["keskella",829],"lp":[],"rp":[]},"104":{"input":[4,6,7],"tlp":["vo",29749],"trp":["lt",22549],"tlw":["voi",5384],"trw":["otti",1283],"lp":["vo","toi","voi","til","toiv","gi","voit"],"rp":["lt","oit","ov","liv","oliv","oitt","oiv","lit","lv","ilt","otti","oti","ito"]},"105":{"input":[1,4,6,7],"tlp":["val",18640],"trp":["lta",17662],"tlw":["taalla",3001],"trw":["olivat",8509],"lp":["val","tal","alt","vall","alta","vali","taal","talo","aval","tila","tall","valt"],"rp":["lta","liva","ova","ovat","oita","oiva","ilta","lat"]},"106":{"input":[2,4,6,7],"tlp":["tois",11857],"trp":["otk",7732],"tlw":["voisi",1258],"trw":["kiitos",454],"lp":["tois","tko","svo","vois","tosi","tok","soit","vos","tsoi","tkoi","svoi","stoi"],"rp":["otk","oist","list","kot","kov","isto","koti","osti"]},"107":{"input":[1,2,4,6,7],"tlw":["saattoi",861],"trw":["katsoi",951],"lp":[],"rp":[]},"108":{"input":[3,4,6,7],"tlp":["tel",10931],"trp":["lev",8000],"tlw":["teille",1239],"trw":["olet",1963],"lp":["tel","viel","elt","vel","teli","tell","ttel","ril","rill","evo","elv"],"rp":["lev","let","ori","olet","olev","ielt","lett","ove","leet"]},"109":{"input":[1,3,4,6,7],"tlw":["viela",8600],"trw":["oleva",577],"lp":[],"rp":[]},"110":{"input":[2,3,4,6,7],"tlw":["toiset",990],"trw":["kertoi",658],"lp":[],"rp":[]},"111":{"input":[1,2,3,4,6,7],"tlw":["sielta",1053],"trw":["katseli",846],"lp":[],"rp":[]},"112":{"input":[5,6,7],"trp":["ui",66193],"trw":["olin",2657],"lp":[],"rp":["ui","ul","lu","uin","inu","oin","hu","oh","ull","llu","uh","uol","noi","uul","lin","ollu","loin","uli","huo","luo"]},"113":{"input":[1,5,6,7],"tlp":["anoi",9266],"trp":["lah",8966],"tlw":["ainoa",772],"trw":["liian",1614],"lp":["anoi","aino","auh","alan","aul","auni","alu"],"rp":["lah","ulla","lan","inua","laan","hal","inoa","lain","lau","uha","nal","hall","ula"]},"114":{"input":[2,5,6,7],"tlp":["sinu",6349],"trp":["ku",115005],"tlw":["silloin",5497],"trw":["kuin",22585],"lp":["sinu"],"rp":["ku","kui","kuin","kun","uk","jok","kuu","onk","lj","joi","nku","kuul","koh","uks","jonk","usk","nkui","kul","usi"]},"115":{"input":[1,2,5,6,7],"tlw":["sanoi",7087],"trw":["joka",18978],"lp":[],"rp":[]},"116":{"input":[3,5,6,7],"tlp":["elu",3144],"trp":["len",16714],"tlw":["eilen",316],"trw":["olen",5653],"lp":["elu","elen"],"rp":["len","yl","nel","ule","nell","leen","olen","uole","ulle","yll","hel","oine","line","ulee","llen","uule","yli","ly"]},"117":{"input":[1,3,5,6,7],"tlw":["aanella",765],"trw":["hanelle",4619],"lp":[],"rp":[]},"118":{"input":[2,3,5,6,7],"tlw":["ennenkuin",1410],"trw":["oikein",2049],"lp":[],"rp":[]},"119":{"input":[1,2,3,5,6,7],"tlw":["sellainen",739],"trw":["kylla",3839],"lp":[],"rp":[]},"120":{"input":[4,5,6,7],"tlp":["tul",21501],"trp":["lut",16706],"tlw":["tuli",4747],"trw":["ollut",10662],"lp":["tul","tui","vu","tuli","vuo","voin","tull","toin"],"rp":["lut","llut","uv","oht","uit","inut","hto","ing","ult","htu","itu","utti"]},"121":{"input":[1,4,5,6,7],"tlw":["tulla",1527],"trw":["lahti",967],"lp":[],"rp":[]},"122":{"input":[2,4,5,6,7],"tlw":["tunsi",1344],"trw":["istui",1253],"lp":[],"rp":[]},"123":{"input":[1,2,4,5,6,7],"tlw":["ainoastaan",2528],"trw":["jotka",7436],"lp":[],"rp":[]},"124":{"input":[3,4,5,6,7],"tlw":["tulee",3128],"trw":["nuori",1213],"lp":[],"rp":[]},"125":{"input":[1,3,4,5,6,7],"tlw":["rouva",1878],"trw":["olevan",1792],"lp":[],"rp":[]},"126":{"input":[2,3,4,5,6,7],"tlw":["suuri",2189],"trw":["kuitenkin",3603],"lp":[],"rp":[]},"127":{"input":[1,2,3,4,5,6,7],"tlw":["tahdon",933],"trw":["kuitenkaan",984],"lp":[],"rp":[]},"128":{"input":[8],"base":"p","baseshift":"P","trp":["pp",8308],"trw":["p",1108],"lp":[],"rp":["pp"]},"129":{"input":[1,8],"base":"?","baseshift":"/","tlp":["ap",22497],"trp":["pa",77545],"trw":["paa",544],"lp":["ap","apa","app","apaa","aap","appa","aapa"],"rp":["pa","paa","pap","ppa","papp","ppaa","paaa"],"special":"punc"},"130":{"input":[2,8],"base":")","baseshift":"]","tlp":["sp",2110],"trp":["ps",4292],"lp":["sp"],"rp":["ps"],"special":"punc"},"131":{"input":[1,2,8],"tlp":["aps",4165],"trp":["paas",5700],"trw":["paassa",773],"lp":["aps","spa","saap","apas","asp","aspa","sap","saps","apsa"],"rp":["paas","pas","ppas","psa"]},"132":{"input":[3,8],"base":"'","baseshift":"\"","tlp":["ep",2526],"trp":["pe",16376],"trw":["'",576],"lp":["ep","epp","e'","eep"],"rp":["pe","'e","pee","ppe"],"special":"punc"},"133":{"input":[1,3,8],"tlp":["epa",1849],"trp":["pea",2103],"tlw":["aape",205],"lp":["epa","ape","aape","apea","eppa","appe","epaa"],"rp":["pea","'a","pape","pae","peaa","paae"]},"134":{"input":[2,3,8],"tlp":["s'",618],"trp":["pse",2270],"lp":["s'","sep","esp","sepp","d'","spe","ss'","s'e","es'"],"rp":["pse","pes","psee","ped","pede","pses","pees"]},"135":{"input":[1,2,3,8],"tlp":["apse",2143],"trp":["peas",737],"tlw":["sepa",189],"trw":["paase",202],"lp":["apse","espa","sepa","epas","d'a","d'as"],"rp":["peas","pesa","'as"]},"136":{"input":[4,8],"tlp":["tp",203],"trp":["pt",207],"lp":["tp"],"rp":["pt"],"special":"bksp","base":"tp"},"137":{"input":[1,4,8],"tlp":["tap",6856],"trp":["paat",3775],"tlw":["tapa",257],"trw":["paata",312],"lp":["tap","tapa","tapp","apt","taap","tpa","apat"],"rp":["paat","pat"]},"138":{"input":[2,4,8],"lp":[],"rp":[]},"139":{"input":[1,2,4,8],"tlp":["stap",241],"trp":["past",383],"trw":["paasta",1393],"lp":["stap","spat"],"rp":["past"]},"140":{"input":[3,4,8],"tlp":["t'",2289],"trp":["per",3933],"tlw":["ett'",217],"lp":["t'","tt'","ett'","t'e","tt'e","rp","rpe","rpee","r'","rr'","rep","err'"],"rp":["per","pet","pett","pr","pte","ptee","pere","pre"]},"141":{"input":[1,3,4,8],"tlp":["arp",756],"trp":["par",8411],"trw":["paeta",156],"lp":["arp","tarp","arpe","aper","t'a","rap","rapa","apte","epat","arr'","rapp","fe'"],"rp":["par","pera","pare","para","paet","pate","part","peat"]},"142":{"input":[2,3,4,8],"tlp":["spr",153],"trp":["pset",690],"lp":["spr","spre","tsep","st'"],"rp":["pset"]},"143":{"input":[1,2,3,4,8],"tlw":["d'astarac",81],"trw":["perasta",769],"lp":[],"rp":[]},"144":{"input":[5,8],"base":"m","baseshift":"M","trp":["mm",28094],"trw":["m",905],"lp":[],"rp":["mm","mp","np","nm","mpp"]},"145":{"input":[1,5,8],"tlp":["am",46002],"trp":["ma",123834],"trw":["nama",1502],"lp":["am","ama","amaa","aman","aam","amm","aama","amp"],"rp":["ma","maa","man","maan","mma","pan","mpa","mman","npa","paan","nam","nama"]},"146":{"input":[2,5,8],"tlp":["sm",505],"lp":["sm"],"rp":[]},"147":{"input":[1,2,5,8],"tlp":["sam",8343],"trp":["mas",10187],"tlw":["samassa",1358],"trw":["paansa",590],"lp":["sam","sama","amas","span","saam","samm","ssam","sma","sanm","asm"],"rp":["mas","mass","mans","maas","mmas","panj","maj","pans","mpas","jam"]},"148":{"input":[3,5,8],"tlp":["em",30930],"trp":["me",55008],"tlw":["emme",1059],"trw":["me",4210],"lp":["em","emm","emp","emme","enem"],"rp":["me","men","my","mme","ym","py","nem","mene","menn","ymm","nemm","ymp","ymy","pyy","mee"]},"149":{"input":[1,3,5,8],"tlp":["ema",9490],"trp":["ympa",2574],"tlw":["enemman",2199],"trw":["menna",1245],"lp":["ema","emma","emaa","ame","amme","eman","empa","amen","enpa","eam","eamm","eamp"],"rp":["ympa","ymma","mea","pane","yma","nema","ymaa","mpea"]},"150":{"input":[2,3,5,8],"tlp":["sem",3594],"trp":["mes",2527],"tlw":["esm",37],"trw":["pysyy",153],"lp":["sem","semm","sym","symy","spen","dem","demm"],"rp":["mes","pys","ysym","psen","pysy","mess","mens","pyys","mys","ymys","pyyd","meyd","pend"]},"151":{"input":[1,2,3,5,8],"tlw":["sydamensa",387],"trw":["pyydan",244],"lp":[],"rp":[]},"152":{"input":[4,5,8],"trp":["mb",336],"lp":[],"rp":["mb","mmb"]},"153":{"input":[1,4,5,8],"tlp":["tam",18925],"trp":["mat",13373],"tlw":["tama",6514],"trw":["maata",654],"lp":["tam","tama","amat","ttam","tamm","ammb","atam","taam","tamp","amb"],"rp":["mat","matt","mmat","maat","mant","pant","mata","ntam","ntap"],"special":"numsym"},"154":{"input":[2,4,5,8],"lp":[],"rp":[]},"155":{"input":[1,2,4,5,8],"tlw":["samat",179],"trw":["maasta",321],"lp":[],"rp":[]},"156":{"input":[3,4,5,8],"tlp":["rm",5379],"trp":["mer",3161],"tlw":["ett'en",165],"trw":["mr",635],"lp":["rm","rem","tem","remp","remm","temm","rme","ttem","temp"],"rp":["mer","met","mr","pent","ment","mere","pyyt","ntem","pyr","myr","metr"]},"157":{"input":[1,3,4,5,8],"tlw":["emanta",515],"trw":["ymmarra",345],"lp":[],"rp":[]},"158":{"input":[2,3,4,5,8],"trw":["mrs",279],"lp":[],"rp":[]},"159":{"input":[1,2,3,4,5,8],"tlw":["armas",161],"trw":["paassyt",507],"lp":[],"rp":[]},"160":{"input":[6,8],"base":"!","baseshift":"|","trp":["pi",36935],"lp":[],"rp":["pi","ip","ppi","pii","iip","ipp","ipi","iipp","iipi","piip","ipii","ppii"],"special":"punc"},"161":{"input":[1,6,8],"tlp":["api",2247],"trp":["pai",17547],"trw":["pappi",810],"lp":["api","appi","apai","aip","aipa","aapi","aipp"],"rp":["pai","pia","ipa","papi","ppia","ipaa","ippa","piaa"]},"162":{"input":[2,6,8],"tlp":["sip",134],"trp":["pik",1832],"lp":["sip","siip"],"rp":["pik","psi","pis","pikk","isp","piis","iisp","pisi","piki","kip","ksip","kkip","kipi","piik","psis","piks","isip","kiip"]},"163":{"input":[1,2,6,8],"tlp":["apsi",1759],"trp":["paik",2876],"tlw":["saapi",132],"trw":["paasi",542],"lp":["apsi","spai","apis","sipa"],"rp":["paik","pak","kap","pasi","ispa","kapa","pais","kapp","paak","pakk","psia","paks","kaip","kkap","ipas","pias"]},"164":{"input":[3,6,8],"tlp":["eip",817],"trp":["pie",5244],"lp":["eip","epi","eppi","eipp","e'i","eepi"],"rp":["pie","'ei","pei","ipe","'i","iep","ppie","iepp","iepi","iipe","ipie"]},"165":{"input":[1,3,6,8],"tlp":["epai",1133],"trp":["'ai",235],"tlw":["eipa",378],"lp":["epai","eipa","epia","apei"],"rp":["'ai","ipea"]},"166":{"input":[2,3,6,8],"tlp":["siep",69],"trp":["pid",1813],"trw":["kiipesi",44],"lp":["siep"],"rp":["pid","pesi","pide","k'","peek","kk'","ikk'","pek","pike","pekk","kipe","pidi","is'","ksep","k'e","kk'e","k'ei","ipid","iss'"]},"167":{"input":[1,2,3,6,8],"tlw":["sieppasi",69],"trw":["pida",405],"lp":[],"rp":[]},"168":{"input":[4,6,8],"tlp":["viip",485],"trp":["pit",11493],"trw":["piti",1713],"lp":["viip"],"rp":["pit","piti","piv","ipit","ppiv","pitt","ipiv"]},"169":{"input":[1,4,6,8],"tlp":["vap",1883],"trp":["paiv",6732],"tlw":["vapaa",269],"trw":["pitaa",1916],"lp":["vap","vapa","vaip","vapi","apit","taip","tapi"],"rp":["paiv","pita","pait","itap","piva","paav"]},"170":{"input":[2,4,6,8],"trp":["pitk",4224],"trw":["pisti",361],"lp":[],"rp":["pitk","pist"]},"171":{"input":[1,2,4,6,8],"tlw":["sitapaitsi",428],"trw":["pitaisi",756],"lp":[],"rp":[]},"172":{"input":[3,4,6,8],"tlp":["t'ei",979],"trp":["peri",1054],"tlw":["ett'ei",867],"trw":["peitti",175],"lp":["t'ei","riip","reip","repi","viep","t'i","rip"],"rp":["peri","peit","piet","pite","piir","pir","it'","pier","pri","pirt","'eiv","iit'","irip"]},"173":{"input":[1,3,4,6,8],"tlw":["ett'eivat",74],"trw":["pari",989],"lp":[],"rp":[]},"174":{"input":[2,3,4,6,8],"tlw":["sit'",100],"lp":[],"rp":[]},"175":{"input":[1,2,3,4,6,8],"tlw":["tarpeeksi",310],"trw":["parka",244],"lp":[],"rp":[]},"176":{"input":[5,6,8],"trp":["mi",120870],"trw":["mihin",694],"lp":[],"rp":["mi","min","im","hm","ihm","mmi","hmi","ihmi","mmin","imm","imi","nim","iim","mpi","mii","nimi","miin","pin","pim","hmin"]},"177":{"input":[1,5,6,8],"tlp":["aim",2568],"trp":["mina",17633],"trw":["mina",16504],"lp":["aim","ami","apah","amia"],"rp":["mina","mai","ima","pain","pah","mia","main","mah","maai","imma","pian","paha","ham","imaa","maah","imai"]},"178":{"input":[2,5,6,8],"tlp":["sim",3768],"trp":["mis",12062],"trw":["miksi",1344],"lp":["sim","simm","smi"],"rp":["mis","mik","hmis","miss","mink","nsim","misi","miks","imis","kim","isim","jim","mpik","ism","mk","kimp","ismi"]},"179":{"input":[1,2,5,6,8],"trw":["mika",3480],"lp":[],"rp":[]},"180":{"input":[3,5,6,8],"tlp":["emmi",3536],"trp":["mie",19226],"tlw":["ennemmin",163],"trw":["meni",1459],"lp":["emmi","empi","emi"],"rp":["mie","mei","ime","mieh","pien","iime","meni","hem","imei","imme","hemm","nime","hym","mein","hymy","hme","mine"]},"181":{"input":[1,3,5,6,8],"trw":["miehia",566],"lp":[],"rp":[]},"182":{"input":[2,3,5,6,8],"tlw":["esim",379],"trw":["mies",3388],"lp":[],"rp":[]},"183":{"input":[1,2,3,5,6,8],"tlw":["ensimainen",403],"trw":["meidan",2780],"lp":[],"rp":[]},"184":{"input":[4,5,6,8],"tlp":["viim",3133],"trp":["mit",21696],"trw":["nimitti",52],"lp":["viim","tim","ttim","vim","vimm","timm","tinp"],"rp":["mit","mitt","imit","mint","htim","miit","mmit","npit","pint","miv","imiv"]},"185":{"input":[1,4,5,6,8],"trw":["mita",10059],"lp":[],"rp":[]},"186":{"input":[2,4,5,6,8],"trw":["pitkin",1130],"lp":[],"rp":[]},"187":{"input":[1,2,4,5,6,8],"trw":["mista",982],"lp":[],"rp":[]},"188":{"input":[3,4,5,6,8],"tlw":["viimein",718],"trw":["miten",2370],"lp":[],"rp":[]},"189":{"input":[1,3,4,5,6,8],"tlw":["eteenpain",770],"trw":["meita",1361],"lp":[],"rp":[]},"190":{"input":[2,3,4,5,6,8],"tlw":["sittemmin",355],"trw":["ihmiset",1045],"lp":[],"rp":[]},"191":{"input":[1,2,3,4,5,6,8],"tlw":["varmaankin",428],"trw":["miesta",877],"lp":[],"rp":[]},"192":{"input":[7,8],"base":";","baseshift":":","trp":["po",17061],"lp":[],"rp":["po","op","opp","ppo","oop","oopp","poo"],"special":"punc"},"193":{"input":[1,7,8],"tlp":["apo",392],"trp":["opa",760],"lp":["apo","appo","aapo"],"rp":["opa","poa","ppoa","oopa","opaa"]},"194":{"input":[2,7,8],"tlp":["sop",886],"trp":["pos",648],"lp":["sop"],"rp":["pos","osp"]},"195":{"input":[1,2,7,8],"trp":["ospa",434],"lp":[],"rp":["ospa"]},"196":{"input":[3,7,8],"tlp":["epo",141],"trp":["ope",2399],"lp":["epo","epoo"],"rp":["ope","'o","oppe"]},"197":{"input":[1,3,7,8],"tlp":["epoa",105],"trp":["opea",620],"lp":["epoa"],"rp":["opea"]},"198":{"input":[2,3,7,8],"tlp":["s'o",328],"trp":["osep",102],"lp":["s'o"],"rp":["osep"]},"199":{"input":[1,2,3,7,8],"lp":[],"rp":[]},"200":{"input":[4,7,8],"tlp":["gtp",153],"trp":["pot",295],"lp":["gtp","tpo","gtpo","top"],"rp":["pot","pott"]},"201":{"input":[1,4,7,8],"tlp":["apot",165],"trp":["pato",255],"lp":["apot","tapo","topa"],"rp":["pato","pota","otap"]},"202":{"input":[2,4,7,8],"trp":["post",449],"lp":[],"rp":["post"]},"203":{"input":[1,2,4,7,8],"trw":["paatos",82],"lp":[],"rp":[]},"204":{"input":[3,4,7,8],"tlp":["tpor",153],"trp":["opet",1620],"trw":["peto",55],"lp":["tpor","tope","roop"],"rp":["opet","por","port","pro","poro","peto"]},"205":{"input":[1,3,4,7,8],"trw":["opettaa",197],"lp":[],"rp":[]},"206":{"input":[2,3,4,7,8],"lp":[],"rp":[]},"207":{"input":[1,2,3,4,7,8],"trw":["petosta",39],"lp":[],"rp":[]},"208":{"input":[5,7,8],"trp":["mu",58870],"trw":["muu",588],"lp":[],"rp":["mu","pu","om","mo","muu","um","uom","puo","up","mon","pun","puu","upu","upun","opu","umm","ppu","nom","uum","mmo"]},"209":{"input":[1,5,7,8],"tlp":["aup",2791],"trp":["oma",16400],"tlw":["apua",470],"trw":["oman",1021],"lp":["aup","apu","aupu","amo","amu","apau","aamu","aapu","anom"],"rp":["oma","uma","uoma","omaa","oman","pau","noma","upa","umaa","umma","panu"]},"210":{"input":[2,5,7,8],"tlp":["suom",4018],"trp":["jum",4241],"tlw":["suom",417],"lp":["suom","som","sum"],"rp":["jum","mus","poj","jop","mons","muus","pus","moj","opus","moos","josp","puss","omus","mos","npoj","psu","psuu"]},"211":{"input":[1,2,5,7,8],"tlw":["sanomaan",203],"trw":["pojan",607],"lp":[],"rp":[]},"212":{"input":[3,5,7,8],"tlp":["emmo",1235],"trp":["myo",6382],"tlw":["emo",86],"trw":["monen",273],"lp":["emmo","emu"],"rp":["myo","ome","uome","omen","poy","mone","upe","nope","pue","myon","ume","uem","yom","meno","pyo","omme","uemm","pune"]},"213":{"input":[1,3,5,7,8],"trw":["myonnan",82],"lp":[],"rp":[]},"214":{"input":[2,3,5,7,8],"tlw":["suomen",1322],"trw":["myos",1706],"lp":[],"rp":[]},"215":{"input":[1,2,3,5,7,8],"tlw":["suomessa",236],"trw":["poydan",440],"lp":[],"rp":[]},"216":{"input":[4,5,7,8],"tlp":["tom",3714],"trp":["mut",29213],"tlw":["tom",275],"trw":["muut",992],"lp":["tom","ttom","tum","tuom","tomu","bom","gbom","tup","ttum"],"rp":["mut","mutt","muut","pung","mont","puut","muot","put","mbo","mmbo","puto"]},"217":{"input":[1,4,5,7,8],"trw":["mutta",28564],"lp":[],"rp":[]},"218":{"input":[2,4,5,7,8],"trw":["muutos",112],"lp":[],"rp":[]},"219":{"input":[1,2,4,5,7,8],"tlw":["tuomas",244],"trw":["pojat",604],"lp":[],"rp":[]},"220":{"input":[3,4,5,7,8],"tlw":["bergbom",465],"trw":["muuten",1081],"lp":[],"rp":[]},"221":{"input":[1,3,4,5,7,8],"tlw":["tuntemaan",300],"trw":["poytaan",161],"lp":[],"rp":[]},"222":{"input":[2,3,4,5,7,8],"tlw":["sprengtport",116],"trw":["prudence",171],"lp":[],"rp":[]},"223":{"input":[1,2,3,4,5,7,8],"tlw":["etupaassa",239],"trw":["opettaja",379],"lp":[],"rp":[]},"224":{"input":[6,7,8],"trp":["poi",8488],"trw":["oppi",180],"lp":[],"rp":["poi","lop","lp","oppi","opi","pil","pol","lpo","lopp","ppil","lip","iop","liop","ilp","lpp","lppo","ippo","ppol","poli","pio"]},"225":{"input":[1,6,7,8],"tlp":["alp",476],"trp":["pal",8702],"trw":["lapi",904],"lp":["alp","alap"],"rp":["pal","lap","pala","paal","lapi","pail","pila","ppal","lapa","lipa","lpa","palo","lpaa","llap","lapp","iopa","opai","ilpa"]},"226":{"input":[2,6,7,8],"tlp":["sopi",829],"trp":["poik",4206],"tlw":["sopii",210],"trw":["pois",3248],"lp":["sopi"],"rp":["poik","pois","lpos","kop","lkop","opis","polk","posk","losp","psil","pilk","oisp","kilp","pios"]},"227":{"input":[1,2,6,7,8],"trw":["poika",1648],"lp":[],"rp":[]},"228":{"input":[3,6,7,8],"tlp":["elp",1235],"trp":["pel",3429],"tlw":["ell'ei",70],"trw":["piilee",68],"lp":["elp","elpo","elpp","elip","ell'"],"rp":["pel","lpe","l'","lep","ll'","pelo","peli","leip","ppel","lope","peel","pell","'ol","'oli","ill'"]},"229":{"input":[1,3,6,7,8],"tlw":["epailla",102],"trw":["paalle",747],"lp":[],"rp":[]},"230":{"input":[2,3,6,7,8],"tlw":["s'oli",178],"trw":["pelko",234],"lp":[],"rp":[]},"231":{"input":[1,2,3,6,7,8],"tlw":["sill'aikaa",122],"trw":["pelkaa",283],"lp":[],"rp":[]},"232":{"input":[4,6,7,8],"tlp":["voip",114],"trp":["pilv",391],"tlw":["voipi",114],"trw":["ippolit",287],"lp":["voip","vilp","tiop"],"rp":["pilv","opiv","polv","polt","lpit","lpot","pito"]},"233":{"input":[1,4,6,7,8],"tlw":["apotti",165],"trw":["palata",236],"lp":[],"rp":[]},"234":{"input":[2,4,6,7,8],"trw":["potki",36],"lp":[],"rp":[]},"235":{"input":[1,2,4,6,7,8],"tlw":["sopiva",101],"trw":["palasivat",135],"lp":[],"rp":[]},"236":{"input":[3,4,6,7,8],"tlw":["viel'",99],"trw":["perille",288],"lp":[],"rp":[]},"237":{"input":[1,3,4,6,7,8],"tlw":["vielapa",360],"trw":["portaita",183],"lp":[],"rp":[]},"238":{"input":[2,3,4,6,7,8],"tlw":["tok'",38],"trw":["posket",92],"lp":[],"rp":[]},"239":{"input":[1,2,3,4,6,7,8],"tlw":["tarpeellista",75],"trw":["lapset",690],"lp":[],"rp":[]},"240":{"input":[5,6,7,8],"trp":["lm",22428],"trw":["minun",5382],"lp":[],"rp":["lm","minu","ilm","puh","puol","mui","oim","mil","puhu","huom","lmi","omi","mill","moi","olm","ilmi","imo","pui","mol","moin"],"special":"enter"},"241":{"input":[1,5,6,7,8],"tlw":["aamulla",431],"trw":["minua",4742],"lp":[],"rp":[]},"242":{"input":[2,5,6,7,8],"tlw":["silmin",342],"trw":["pikku",1155],"lp":[],"rp":[]},"243":{"input":[1,2,5,6,7,8],"tlw":["samalla",1927],"trw":["paljon",3194],"lp":[],"rp":[]},"244":{"input":[3,5,6,7,8],"trw":["minulle",3318],"lp":[],"rp":[]},"245":{"input":[1,3,5,6,7,8],"tlw":["elaman",1008],"trw":["meilla",1051],"lp":[],"rp":[]},"246":{"input":[2,3,5,6,7,8],"tlw":["semmoinen",325],"trw":["myoskin",2227],"lp":[],"rp":[]},"247":{"input":[1,2,3,5,6,7,8],"tlw":["suomalaisen",431],"trw":["kallem",1117],"lp":[],"rp":[]},"248":{"input":[4,5,6,7,8],"tlw":["toimi",174],"trw":["minut",1928],"lp":[],"rp":[]},"249":{"input":[1,4,5,6,7,8],"tlw":["tapahtunut",602],"trw":["muutamia",1006],"lp":[],"rp":[]},"250":{"input":[2,4,5,6,7,8],"tlw":["sopinut",80],"trw":["muutkin",289],"lp":[],"rp":[]},"251":{"input":[1,2,4,5,6,7,8],"tlw":["silmat",1184],"trw":["minusta",1102],"lp":[],"rp":[]},"252":{"input":[3,4,5,6,7,8],"tlw":["toimeen",479],"trw":["miltei",281],"lp":[],"rp":[]},"253":{"input":[1,3,4,5,6,7,8],"tlw":["epailematta",384],"trw":["molemmat",921],"lp":[],"rp":[]},"254":{"input":[2,3,4,5,6,7,8],"tlw":["rupesi",652],"trw":["helposti",449],"lp":[],"rp":[]},"255":{"input":[1,2,3,4,5,6,7,8],"tlw":["tapauksessa",366],"trw":["puolesta",598],"lp":[],"rp":[]}}