{"0":{"value":0,"notes":["Developer : Zack Dennis (zack@asetniop.com)","Date : 12/12/2014","All code (c) 2014 Pointesa, LLC all rights reserved","Abbreviations :    ","tlp = top left partial","lp = left partials","trp = top right partial","rp = right partials","tlw = top left word","lw = left words","trw = top right word","rw = right words"]},"1":{"input":[1],"base":"a","baseshift":"A","tlw":["a",186860],"lp":[],"rp":[]},"2":{"input":[2],"base":"s","baseshift":"S","tlp":["ss",130131],"tlw":["s",189],"lp":["ss"],"rp":[]},"3":{"input":[1,2],"base":"w","baseshift":"W","tlp":["as",154012],"tlw":["sa",35710],"lp":["as","sa","ass","ssa","assa","wa","asa","sas","ssas","sass","aw","was","sw"],"rp":[]},"4":{"input":[3],"base":"e","baseshift":"E","tlp":["ee",43082],"tlw":["e",648],"lp":["ee"],"rp":[]},"5":{"input":[1,3],"base":"x","baseshift":"X","tlp":["ea",45510],"tlw":["x",164],"lp":["ea","ex","xe","xa","exa","exe","ae","ax","xee"],"rp":[]},"6":{"input":[2,3],"base":"d","baseshift":"D","tlp":["es",647732],"tlw":["de",329573],"lp":["es","de","se","des","sse","ses","ess","ed","esse","ds","ese","ees","dess","see","dee","ede","sses","eds","ssee","dese"],"rp":[]},"7":{"input":[1,2,3],"tlp":["da",113149],"tlw":["sexe",325],"lp":["da","asse","ad","essa","ade","ada","sea","dea","eda","ase","we","deda","das","sex","ew","ades","esa","ssea","adea","dex"],"rp":[]},"8":{"input":[4],"base":"t","baseshift":"T","tlp":["tt",56643],"tlw":["t",179],"lp":["tt"],"rp":[]},"9":{"input":[1,4],"base":"f","baseshift":"F","tlp":["ta",168893],"tlw":["ta",2612],"lp":["ta","fa","at","ff","att","af","tat","tta","aff","ffa","affa","ata","atta","fat","tf","ttf","ft","fata","tata"],"rp":[]},"10":{"input":[2,4],"base":"c","baseshift":"C","tlp":["st",141218],"tlw":["c",294],"lp":["st","ts","ct","sc","cc","cs","tc","cts","sts"],"rp":[]},"11":{"input":[1,2,4],"tlp":["ca",78160],"tlw":["ca",22002],"lp":["ca","ac","sta","fac","act","acc","cas","sac","tac","cat","tas","sat","ats","ast","aca","sca","cac","cca","fs","sf"],"rp":[]},"12":{"input":[3,4],"base":"r","baseshift":"R","tlp":["re",583533],"tlw":["et",174550],"lp":["re","et","er","te","tr","tre","rt","ere","rr","ete","ter","tte","etr","ett","rte","ret","etre","ette","err","rre"],"rp":[]},"13":{"input":[1,3,4],"tlp":["ar",199557],"tlw":["frere",1316],"lp":["ar","ra","eta","fe","tra","art","fr","arr","era","ef","rta","fer","are","atte","ara","ate","rra","fra","ref","rea"],"rp":[]},"14":{"input":[2,3,4],"tlp":["ce",214983],"tlw":["ce",47447],"lp":["ce","ec","est","res","rs","rd","dr","ser","rc","tes","cr","ers","dre","ste","ces","tres","cet","der","cett","rec"],"rp":[]},"15":{"input":[1,2,3,4],"tlp":["ard",29774],"tlw":["tard",3213],"lp":["ard","ace","arc","car","ras","sera","arde","rac","rda","arda","dra","arce","cra","tard","face","esta","rsa","xc","exc","acte"],"rp":[]},"16":{"input":[5],"base":"n","baseshift":"N","trp":["nn",57349],"trw":["n",242],"lp":[],"rp":["nn"]},"17":{"input":[1,5],"base":"q","baseshift":"Q","tlp":["an",332256],"trp":["na",60823],"tlw":["anna",1043],"trw":["na",258],"lp":["an","ann","aq","anq","anna","ana","anan"],"rp":["na","nna","nan","nq","nnan","nann","nana"]},"18":{"input":[2,5],"base":"j","baseshift":"J","tlp":["sn",130],"trp":["ns",191473],"trw":["j",225],"lp":["sn"],"rp":["ns","nj"]},"19":{"input":[1,2,5],"tlp":["ans",94605],"trp":["ja",25027],"tlw":["sans",15580],"trw":["jan",70],"lp":["ans","san","sq","sans","ssan","aj","asq","ansa","wn","wan"],"rp":["ja","nsa","jan","nsan","nas","jas","nja","nw","nwa"]},"20":{"input":[3,5],"base":"y","baseshift":"Y","tlp":["en",547626],"trp":["ne",292024],"tlw":["en",90753],"trw":["ne",63131],"lp":["en","ene","enn","enne","ey","enny","eye"],"rp":["ne","nne","ye","nee","ny","nnee","nny","nen","yen","nnen","yn","yne","ney"]},"21":{"input":[1,3,5],"tlp":["ena",18722],"trp":["ya",10697],"tlw":["annee",430],"trw":["nanny",98],"lp":["ena","ay","enan","anne","ane","eq","ean","aye","aya","ayan","any","xan","anny","enq","exan"],"rp":["ya","yan","nea","nnea","nean"]},"22":{"input":[2,3,5],"tlp":["end",46705],"trp":["nd",127339],"tlw":["sens",2477],"trw":["je",94389],"lp":["end","ens","sen","ense","ej","den","dej","esen","sens","ends","ende"],"rp":["nd","je","nde","nse","nes","nds","ys","nees","ndes"]},"23":{"input":[1,2,3,5],"tlp":["dan",83378],"trp":["nda",18852],"tlw":["dans",69810],"trw":["jean",744],"lp":["dan","dans","and","ande","enda","anda","eja","deja","esq","say","ssay","ensa","ands","ays","saye","saya"],"rp":["nda","ndan","jea","jean"]},"24":{"input":[4,5],"base":"b","baseshift":"B","tlp":["bb",863],"trp":["nt",395069],"tlw":["b",429],"lp":["bb","bt","tn"],"rp":["nt","nb"]},"25":{"input":[1,4,5],"tlp":["ant",99116],"trp":["nf",14856],"tlw":["tant",2815],"lp":["ant","ab","ba","tan","tant","tab","fan","bat","fant","ban","anta","batt","aba","bab"],"rp":["nf","nta","nant","nfa","nfan","nat"]},"26":{"input":[2,4,5],"tlp":["bs",4870],"trp":["nc",84806],"lp":["bs","bj","bsc","bst","sb"],"rp":["nc","nts","nst","nsc","ncs","nct"]},"27":{"input":[1,2,4,5],"tlp":["anc",29956],"trp":["nca",8089],"tlw":["bas",1760],"lp":["anc","sant","stan","bas","ants","can","anca","tanc","sanc","abs","sab","cab","bass","ancs","cq","acq"],"rp":["nca","nsta","jac","ntac"]},"28":{"input":[3,4,5],"tlp":["ent",205997],"trp":["nte",52433],"tlw":["entre",6016],"lp":["ent","ten","ren","be","br","rn","ente","entr","bre","rent","ern","rne","tent","tten"],"rp":["nte","ntr","ntre","ner","nten","nter"]},"29":{"input":[1,3,4,5],"tlp":["ran",32995],"trp":["ntra",4859],"tlw":["enfant",1479],"lp":["ran","rq","enf","tena","ante","bra","rna","bea","enta","rant","tran","enfa","rtan","fran","arq","bar","arb","fen","rena"],"rp":["ntra"]},"30":{"input":[2,3,4,5],"tlp":["enc",33290],"trp":["nce",37449],"tlw":["cent",1511],"trw":["jeter",658],"lp":["enc","endr","tend","ence","rend","sent","cen","ents","cent","bes","dern","dent","scen","renc","deb"],"rp":["nce","ndr","ndre","jet","ncer"]},"31":{"input":[1,2,3,4,5],"tlw":["bras",4531],"trw":["jeta",1297],"lp":[],"rp":[]},"32":{"input":[6],"base":"i","baseshift":"I","trp":["ii",352],"trw":["ii",352],"lp":[],"rp":["ii"]},"33":{"input":[1,6],"base":"z","baseshift":"Z","tlp":["ai",540051],"trp":["ia",19364],"tlw":["ai",3119],"lp":["ai","za","zi","zai","az","zz","azi","zzi","aza","zza","ziz","aziz","ziza"],"rp":["ia","iz","iza","iai","izai","izz","izzi"]},"34":{"input":[2,6],"base":"k","baseshift":"K","tlp":["si",117702],"trp":["is",301576],"tlw":["si",24030],"trw":["k",204],"lp":["si","ssi","sis","ssis","sk","ski","sisk"],"rp":["is","iss","isi","ki","ik","issi","ks","isk","kk","isis","kis","iski","kiss"]},"35":{"input":[1,2,6],"tlp":["ais",132120],"trp":["isa",17988],"tlw":["sais",5940],"lp":["ais","sai","aiss","sais","ssai","assi","aisa","aisi","asi","wi","ak","sia","sias"],"rp":["isa","issa","isai","ka","ias","kw","iais"]},"36":{"input":[3,6],"base":",","baseshift":"<","tlp":["ei",36481],"trp":["ie",241794],"lp":["ei"],"rp":["ie","iei","iee"],"special":"punc"},"37":{"input":[1,3,6],"tlp":["ez",35534],"trp":["ix",16144],"tlw":["aie",130],"lp":["ez","aie","xi","ze","exi","xie","eai","aix","axi","zie","eiz","eize","eze","eez","xai"],"rp":["ix","iez","ixe","ixa","ize"]},"38":{"input":[2,3,6],"tlp":["di",97853],"trp":["id",28086],"tlw":["dis",1668],"trw":["idee",1596],"lp":["di","dis","sie","die","essi","esi","sei","edi","ssie"],"rp":["id","ide","ise","isse","ke","ied","ies","idee","idi","ieds","ises"]},"39":{"input":[1,2,3,6],"tlp":["dai",9749],"trp":["ida",1007],"tlw":["assez",2893],"lp":["dai","sez","aise","ssez","aid","dix","saie","dia","aide","disa","adi","xis","exis","six","dez","edia","adie","daie"],"rp":["ida","idea"]},"40":{"input":[4,6],"base":"v","baseshift":"V","tlp":["ti",116014],"trp":["it",399129],"tlw":["vit",2136],"lp":["ti","vi","tit","vit","viv","tiv","tti","ttit","vivi","tivi","titi"],"rp":["it","iv","iti","ivi","itt","ivit","itiv","itti"]},"41":{"input":[1,4,6],"tlp":["ait",223936],"trp":["if",12313],"tlw":["avait",34178],"trw":["if",198],"lp":["ait","av","va","tai","vai","ava","avai","tait","vait","fai","fi","ati","fait","fit","ffi","avi"],"rp":["if","ita","iva","iff"]},"42":{"input":[2,4,6],"tlp":["ci",50221],"trp":["ic",35688],"tlw":["vis",479],"trw":["ici",5070],"lp":["ci","vis","sit","sti","cti","ck","visi","vic","cit","ssit","tis","tic","sci","cis"],"rp":["ic","ist","ici","its","isit","ict"]},"43":{"input":[1,2,4,6],"tlp":["sait",14527],"trp":["ica",3062],"tlw":["vais",3612],"lp":["sait","vais","sav","fais","visa","tais","fic","cai","sava","ffic","aci","sati","vas","fici","cia","acti","stai","ack"],"rp":["ica","ista"]},"44":{"input":[3,4,6],"tlp":["ve",170346],"trp":["ir",150486],"tlw":["vie",6638],"lp":["ve","ri","ev","ver","rie","vr","vie","rit","eve","rri","eti","rti","eri","tie"],"rp":["ir","ire","ier","ite","iere","ive"]},"45":{"input":[1,3,4,6],"tlp":["etai",66155],"tlw":["etait",29101],"lp":["etai","rai","ave","air","aire","rait","eva","fair","rav","taie","vra","arri","arti","vrai","ari","vaie","erai","vez","trai","trav"],"rp":[]},"46":{"input":[2,3,4,6],"tlp":["dit",34652],"trp":["ice",6888],"tlw":["dit",17108],"lp":["dit","vec","ris","dev","vers","dir","cie","dire","cri","eci","serv","esti","sir","rci","vid","rise"],"rp":["ice","iste","ites","iers"]},"47":{"input":[1,2,3,4,6],"tlw":["avec",32748],"lp":[],"rp":[]},"48":{"input":[5,6],"base":"h","baseshift":"H","trp":["in",206097],"trw":["ni",4413],"lp":[],"rp":["in","ni","hi","ini","nni","hin","inn","hn","nh","inni","nin","hni","inin","ih","hnn"]},"49":{"input":[1,5,6],"tlp":["ain",53875],"trp":["ha",60789],"tlw":["ah",2082],"trw":["hanna",151],"lp":["ain","ani","ah","aha","zain"],"rp":["ha","nai","iq","han","nnai","ina","hai","ian","inq","haq","niq","hain","nz","inai","nia"]},"50":{"input":[2,5,6],"tlp":["sin",6536],"trp":["ins",29943],"tlw":["siskin",137],"lp":["sin","sh","ssin","sins","shi","sini"],"rp":["ins","nsi","his","insi","nis","ji","isin","kin","inis","nk","nsis","ish","ij","nnis"]},"51":{"input":[1,2,5,6],"tlp":["ains",11321],"trp":["nais",6028],"tlw":["ainsi",3447],"trw":["jai",619],"lp":["ains","siq","sha","shan","ash","sain","anis","win","asin"],"rp":["nais","isan","isq","has","nsai","kah","kaha","hais","hass","jai","hasa"]},"52":{"input":[3,5,6],"tlp":["ein",12287],"trp":["he",90853],"tlw":["eh",1812],"trw":["hein",876],"lp":["ein","eni","eine","eh"],"rp":["he","ien","ine","nie","ienn","hie","nnie","hee","hen","hien","inee","nei","hei","hein","hine","hy"]},"53":{"input":[1,3,5,6],"tlp":["aien",30150],"trp":["hez",5597],"tlw":["ayez",139],"trw":["nez",1504],"lp":["aien","aine","enai","anie","enez","ayai","enia","zy"],"rp":["hez","nez","yai","yez","naie","nze","inze","heq","hae","hany","ixan","iane"]},"54":{"input":[2,3,5,6],"tlp":["endi",4399],"trp":["ndi",15037],"tlw":["sein",422],"trw":["indiens",185],"lp":["endi","din","sine","ensi","sien","deh","dien"],"rp":["ndi","hes","ind","iens","ines","ndis","iden","indi","nsie","ky","nsei","hesi","nsid"]},"55":{"input":[1,2,3,5,6],"tlw":["whisky",263],"trw":["jadis",260],"lp":[],"rp":[]},"56":{"input":[4,5,6],"tlp":["bi",37344],"trp":["int",28711],"tlw":["vin",885],"lp":["bi","tin","th","vin","vint","bit","bin","thi"],"rp":["int","nti","ib","nv","nvi","ntin","nit","ntit","niv","inv","init","invi"]},"57":{"input":[1,4,5,6],"tlp":["van",25237],"trp":["nait",11496],"tlw":["avant",8624],"trw":["navait",354],"lp":["van","vant","avan","fin","tain","aint","tiq","abi","bai","fini","atin","abit"],"rp":["nait","nfi","ntai","nfin","hab","habi","hant","ivan"]},"58":{"input":[2,4,5,6],"tlp":["ch",136528],"trp":["nch",8814],"tlw":["chic",138],"trw":["instinct",141],"lp":["ch","chi","cin","sib","ssib","stin","chin","tch"],"rp":["nch","inc","inst","nci","hist","ich","nic","nsci","isib","inci","nist","nsti"]},"59":{"input":[1,2,4,5,6],"tlw":["cinq",2262],"trw":["instant",2350],"lp":[],"rp":[]},"60":{"input":[3,4,5,6],"tlp":["ven",26666],"trp":["ient",38518],"tlw":["bien",22012],"trw":["hier",848],"lp":["ven","bie","bien","enti","rien","enir","vent","vien","rin","env","rni","even","veni","erni"],"rp":["ient","her","inte","nir","nier","hev"]},"61":{"input":[1,3,4,5,6],"tlw":["etaient",7356],"trw":["navire",568],"lp":[],"rp":[]},"62":{"input":[2,3,4,5,6],"tlw":["dernier",2102],"lp":[],"rp":[]},"63":{"input":[1,2,3,4,5,6],"tlw":["devant",6605],"trw":["jardin",804],"lp":[],"rp":[]},"64":{"input":[7],"base":"o","baseshift":"O","trp":["oo",3036],"trw":["o",368],"lp":[],"rp":["oo"]},"65":{"input":[1,7],"base":"(","baseshift":"[","tlp":["ao",1455],"trp":["oa",938],"lp":["ao"],"rp":["oa"],"special":"punc"},"66":{"input":[2,7],"base":".","baseshift":">","tlp":["so",164552],"trp":["os",50157],"trw":["os",408],"lp":["so","sso"],"rp":["os","oss","oso"],"special":"punc"},"67":{"input":[1,2,7],"tlp":["wo",820],"trp":["osa",3212],"lp":["wo","woo","asso","aso","aos","sao","wao","swo"],"rp":["osa","ow","owa","ossa","oas"]},"68":{"input":[3,7],"base":"-","baseshift":"_","tlp":["e-",5380],"trp":["-e",12923],"trw":["-",5238],"lp":["e-","eo","ee-","e-o"],"rp":["-e","oe","-o"],"special":"punc"},"69":{"input":[1,3,7],"tlp":["a-",8193],"trp":["-a",862],"lp":["a-","x-","xo","exo","ea-","axo","a-a"],"rp":["-a","-a-","ox","oxe"]},"70":{"input":[2,3,7],"tlp":["do",52067],"trp":["ose",20090],"tlw":["dos",2170],"trw":["ose",204],"lp":["do","s-","eso","dos","es-","deso","soe","d-","esso","doss"],"rp":["ose","od","-d","-de","ode","oses","osse","-des","-s","ood"]},"71":{"input":[1,2,3,7],"tlp":["a-d",1260],"trp":["owe",807],"trw":["owe",223],"lp":["a-d","da-","ado","as-","a-de","wood","sa-","x-s","x-se","dexo","s-a","s-a-","saxo"],"rp":["owe","-a-d","-w","-we","oad","odw","oodw"]},"72":{"input":[4,7],"base":"g","baseshift":"G","tlp":["to",128509],"trp":["ot",47901],"tlw":["tot",1188],"lp":["to","go","gt","tot","tto","gg","tog","gto","goo","got"],"rp":["ot","ott","og","oto","otto","otog"]},"73":{"input":[1,4,7],"tlp":["ag",49385],"trp":["of",7071],"trw":["ota",208],"lp":["ag","fo","ga","tag","gag","ffo","gat","aga","ato","tota","ago","afo","agg","atto","gato"],"rp":["of","off","ota","ofo","otta"]},"74":{"input":[2,4,7],"tlp":["co",202727],"trp":["oc",21912],"tlw":["scott",175],"lp":["co","cot","sto","cco","gts","soc","gs","cos","cost","cto","sco","coo","tos","coc"],"rp":["oc","occ","ots","ost","oct","otos"]},"75":{"input":[1,2,4,7],"tlp":["sag",9331],"trp":["oca",927],"tlw":["costas",502],"lp":["sag","aco","acco","faco","ssag","gas","sfo","agas","cag","cof","coff","fos","foss","gac","gats","gatc"],"rp":["oca","occa","osta","ocat"]},"76":{"input":[3,4,7],"tlp":["ro",122176],"trp":["or",127784],"tlw":["gorge",1040],"trw":["or",770],"lp":["ro","ge","t-","tro","gr","eg","reg","rg","t-e","ger","rge","eto"],"rp":["or","ort","orte","ore","otr","otre","ote","-t"]},"77":{"input":[1,3,4,7],"tlp":["age",30406],"trp":["orta",6654],"tlw":["fort",2164],"trw":["offert",256],"lp":["age","gar","ega","gra","egar","for","rega","arg","arge","a-t","a-t-","fort","fro","gea","rof","rag","tage","aro","rage"],"rp":["orta"]},"78":{"input":[2,3,4,7],"tlp":["cor",18700],"trp":["ors",18331],"tlw":["cote",5418],"trw":["orc",491],"lp":["cor","eco","cro","sor","core","sort","st-","est-","roc","t-c","t-ce","ges","st-c","dro","rso","erso"],"rp":["ors","ord","-c","-ce"]},"79":{"input":[1,2,3,4,7],"tlw":["regard",4785],"lp":[],"rp":[]},"80":{"input":[5,7],"base":"u","baseshift":"U","trp":["ou",485081],"trw":["un",105377],"lp":[],"rp":["ou","on","un","no","nou","onn","nu","non","uo","nnu","onnu","nno","nnon","ono","oon","onon","uu","uun","uon","unn"]},"81":{"input":[1,5,7],"tlp":["qu",374405],"trp":["ua",32749],"tlw":["au",38456],"trw":["noua",61],"lp":["qu","au","qua","quan","quo","aqu","anqu","anno"],"rp":["ua","uan","onna","nqu","oq","oqu","oua","nua","uq","uqu","nqua","ona"]},"82":{"input":[2,5,7],"tlp":["su",105459],"trp":["us",202802],"tlw":["son",49965],"trw":["nous",27592],"lp":["su","son","sou","sonn","sous","ssu"],"rp":["us","ous","jo","ons","jou","nous","uss","ju","jus","uj","ujo","ujou","ouj","oujo"]},"83":{"input":[1,2,5,7],"tlp":["squ",20943],"trp":["usq",8393],"tlw":["sonna",267],"trw":["joanna",329],"lp":["squ","aus","auss","sau","ajo","ajou","auj","aujo","assu","asqu","squa"],"rp":["usq","usqu","jusq","ussa","onsa","usa","jau","jaun","joua"]},"84":{"input":[3,5,7],"tlp":["eu",220654],"trp":["ue",233945],"tlw":["eu",4099],"trw":["une",73318],"lp":["eu","enu","eun","eune","eno"],"rp":["ue","une","onne","oy","yeu","oue","oeu","oye","nue","neu","one","ueu","u-","n-","uy"]},"85":{"input":[1,3,5,7],"tlp":["que",190819],"trp":["ux",83482],"tlw":["que",98515],"trw":["yeux",10617],"lp":["que","eux","eau","aux","aque","eaux","equ","au-","eque","quen","eux-"],"rp":["ux","yeux","oya","nque","oque","oux","uque","ux-","noux"]},"86":{"input":[2,3,5,7],"tlp":["du",78771],"trp":["ond",27438],"tlw":["du",57769],"trw":["jeune",4462],"lp":["du","don","deu","seu","dou","donn","eus","euse","endu","essu"],"rp":["ond","ues","ud","use","onde","ndu","jeu","jeun","-j","-je"]},"87":{"input":[1,2,3,5,7],"tlw":["deux",15643],"trw":["judas",547],"lp":[],"rp":[]},"88":{"input":[4,5,7],"tlp":["tou",80480],"trp":["ut",149891],"tlw":["tout",29188],"trw":["ont",5688],"lp":["tou","tu","tout","bo","gn","gu","bou","bon","ton","bu"],"rp":["ut","out","ont","ng","ob","ong","ub","uto","ug","not"]},"89":{"input":[1,4,5,7],"tlp":["aut",41481],"trp":["uf",8214],"tlw":["fut",4720],"lp":["aut","ang","fu","fon","fau","agn","faut","fou","fut","auto","atu","quat","font"],"rp":["uf","uta","uff","uat","onta","ouf","ouff"]},"90":{"input":[2,4,5,7],"tlp":["con",57360],"trp":["uc",26771],"tlw":["sont",9987],"lp":["con","cou","cu","cont","sont","conn","tous","cons","touj","cun","bouc"],"rp":["uc","nco","onc","ouc","ust","just","ucu","ucun","uco"]},"91":{"input":[1,2,4,5,7],"tlw":["facon",2654],"lp":[],"rp":[]},"92":{"input":[3,4,5,7],"tlp":["eur",78762],"trp":["ur",328352],"tlw":["toute",6285],"trw":["notre",4935],"lp":["eur","rou","ru","tour","eut","gen","trou","gne","eure","gue"],"rp":["ur","our","ure","ute","oute","utr","utre","nge","ontr","urn"]},"93":{"input":[1,3,4,5,7],"tlw":["autre",5877],"lp":[],"rp":[]},"94":{"input":[2,3,4,5,7],"tlw":["sur",51346],"trw":["jour",4530],"lp":[],"rp":[]},"95":{"input":[1,2,3,4,5,7],"tlw":["grand",4887],"lp":[],"rp":[]},"96":{"input":[6,7],"base":"l","baseshift":"L","trp":["il",274962],"trw":["il",109781],"lp":[],"rp":["il","oi","ll","li","lo","io","ill","ol","loi","ili","oli","lli","oil","oll","llo","illi","olo","iol","ilo","lio"]},"97":{"input":[1,6,7],"tlp":["al",90167],"trp":["la",335135],"tlw":["alla",769],"trw":["la",216676],"lp":["al","all","alo","ail","aill","ali","alla","ala","allo","alai"],"rp":["la","lai","lla","llai","illa","ila","oila","ial","olla","ola"]},"98":{"input":[2,6,7],"tlp":["soi",15762],"trp":["ois",37730],"tlw":["sol",2016],"trw":["ils",17730],"lp":["soi","sio","sol","ssio","sil"],"rp":["ois","ls","ils","iso","lis","ossi","oisi","liss","osi","isio","los","isso","oiss","ok","ilis"]},"99":{"input":[1,2,6,7],"tlp":["aiso",9482],"trp":["lais",13196],"tlw":["siloa",232],"trw":["laissa",1173],"lp":["aiso","sal","sall","alis","salo","asio","ails","sali","sala","wil","wal","slow","will"],"rp":["lais","las","lass","lisa","low","osai","oisa"]},"100":{"input":[3,6,7],"tlp":["el",190433],"trp":["le",657856],"tlw":["elle",59054],"trw":["le",177879],"lp":["el","ell","elle","eil","ele","eill","elo","eli"],"rp":["le","lle","ille","lie","ile","ole","-i","-il","-el","-ell","i-","lei"]},"101":{"input":[1,3,6,7],"tlp":["ale",15620],"trp":["oix",8324],"tlw":["allez",1376],"trw":["lizzie",89],"lp":["ale","ela","alle","z-","ez-","alie","eal","eali","elai","ai-"],"rp":["oix","lez","-la","la-","laie","llez","lex","lea","iale","lez-"]},"102":{"input":[2,3,6,7],"tlp":["doi",7114],"trp":["les",154394],"tlw":["elles",3562],"trw":["les",123647],"lp":["doi","sel","sile","esoi","sole","del","dis-","els","dois","ssel","dol"],"rp":["les","lles","is-","oid","lise","oise","iles","ld","less"]},"103":{"input":[1,2,3,6,7],"tlw":["salle",2270],"trw":["laisse",2177],"lp":[],"rp":[]},"104":{"input":[4,6,7],"tlp":["vo",127497],"trp":["ig",30369],"tlw":["toi",4595],"trw":["lit",2373],"lp":["vo","voi","tio","gi","toi","gl","vot","vil","vol","vill","voit"],"rp":["ig","oit","lit","oig","liv","lt","lig","itio","lot"]},"105":{"input":[1,4,6,7],"tlp":["avo",15975],"trp":["lait",13889],"tlw":["voila",2492],"trw":["livia",632],"lp":["avo","foi","atio","avoi","fil","fl","tal","fill","agi","val","vail","tail","fal","fall","fla","gal"],"rp":["lait","lat","lag","iga"]},"106":{"input":[2,4,6,7],"tlp":["cl",21798],"trp":["lic",7092],"tlw":["soit",3898],"trw":["kotko",169],"lp":["cl","col","ctio","sig","cil","stio","soit","stoi","vois","coi","coll","cli","glis","vos"],"rp":["lic","isto","olic","igts","osit","loc"]},"107":{"input":[1,2,4,6,7],"tlw":["fois",9209],"trw":["lac",564],"lp":[],"rp":[]},"108":{"input":[3,4,6,7],"tlp":["roi",25378],"trp":["oir",45550],"tlw":["votre",6708],"trw":["livre",1128],"lp":["roi","voir","rl","t-i","t-il","tel","rle","troi","roit","votr"],"rp":["oir","ler","lor","lev","it-","oire","let","it-i","lier","ller"]},"109":{"input":[1,3,4,6,7],"tlw":["voix",6714],"trw":["leva",2445],"lp":[],"rp":[]},"110":{"input":[2,3,4,6,7],"tlw":["trois",5530],"trw":["levres",1891],"lp":[],"rp":[]},"111":{"input":[1,2,3,4,6,7],"tlw":["alors",9986],"trw":["laisser",1893],"lp":[],"rp":[]},"112":{"input":[5,6,7],"trp":["ui",198698],"trw":["lui",41038],"lp":[],"rp":["ui","lu","ul","ion","lui","ho","oin","lon","oul","uoi","uil","oui","hu","inu","noi","hon","uill","nui","lou","uni"]},"113":{"input":[1,5,6,7],"tlp":["qui",72449],"trp":["lan",19838],"tlw":["qui",60034],"trw":["hall",554],"lp":["qui","quoi","quil","aul"],"rp":["lan","iqu","lq","lqu","hau","ula","oula","ulai","liq","liqu","nal","uai","haqu","laq","laqu","niqu"]},"114":{"input":[2,5,6,7],"tlp":["sui",21452],"trp":["lus",40230],"tlw":["suis",11506],"trw":["john",694],"lp":["sui","suis","sion","soin"],"rp":["lus","uis","ussi","ison","hos","ions","oins","usi","onsi","uiss","uk","luk","lusi","lons","joi","nsui"]},"115":{"input":[1,2,5,6,7],"tlw":["aussi",11177],"trw":["ouais",603],"lp":[],"rp":[]},"116":{"input":[3,5,6,7],"tlp":["eul",11197],"trp":["leu",32420],"tlw":["euh",642],"trw":["lieu",1585],"lp":["eul","eule","elu","elui","eui","euil"],"rp":["leu","uel","ieu","ule","len","heu","oule","uell","lieu","lleu","ilen","nel","lein","ly"]},"117":{"input":[1,3,5,6,7],"tlw":["quelque",6947],"trw":["laquelle",1557],"lp":[],"rp":[]},"118":{"input":[2,3,5,6,7],"tlw":["seul",3625],"trw":["luke",3101],"lp":[],"rp":[]},"119":{"input":[1,2,3,5,6,7],"tlw":["quelques",6336],"trw":["la-dedans",355],"lp":[],"rp":[]},"120":{"input":[4,5,6,7],"tlp":["vou",60021],"trp":["uv",57671],"tlw":["vu",3991],"trw":["nuit",3923],"lp":["vou","bl","tion","vu","voul","von","gin"],"rp":["uv","ouv","uit","ign","long","itu","ibl","nouv","ing","oint","lut","uiv","ubl"]},"121":{"input":[1,4,5,6,7],"tlw":["voulait",2213],"trw":["haut",2023],"lp":[],"rp":[]},"122":{"input":[2,4,5,6,7],"tlw":["vous",46221],"trw":["longs",581],"lp":[],"rp":[]},"123":{"input":[1,2,4,5,6,7],"tlw":["avons",2442],"trw":["lanca",1051],"lp":[],"rp":[]},"124":{"input":[3,4,5,6,7],"tlw":["trouve",3189],"trw":["leur",13514],"lp":[],"rp":[]},"125":{"input":[1,3,4,5,6,7],"tlw":["veux",4192],"trw":["nouveau",4416],"lp":[],"rp":[]},"126":{"input":[2,3,4,5,6,7],"tlw":["chose",7901],"trw":["leurs",6620],"lp":[],"rp":[]},"127":{"input":[1,2,3,4,5,6,7],"tlw":["chaque",3120],"trw":["lorsque",2306],"lp":[],"rp":[]},"128":{"input":[8],"base":"p","baseshift":"P","trp":["pp",26335],"trw":["p",553],"lp":[],"rp":["pp"]},"129":{"input":[1,8],"base":"?","baseshift":"/","tlp":["ap",48180],"trp":["pa",224861],"tlw":["ap",72],"trw":["papa",974],"lp":["ap","app","appa","apa"],"rp":["pa","ppa","pap","papa"],"special":"punc"},"130":{"input":[2,8],"base":")","baseshift":"]","tlp":["sp",20685],"trp":["ps",18522],"lp":["sp"],"rp":["ps"],"special":"punc"},"131":{"input":[1,2,8],"tlp":["spa",4429],"trp":["pas",100009],"tlw":["saps",129],"trw":["pas",84383],"lp":["spa","asp","sap","aps","sapp","saps"],"rp":["pas","pass"]},"132":{"input":[3,8],"base":"'","baseshift":"\"","tlp":["ep",48775],"trp":["pe",136807],"tlw":["epee",266],"trw":["'",318],"lp":["ep","epe","epee","e'"],"rp":["pe","'e","ppe","'ep","pee","ppee","pep","pepe","p'","'epe"],"special":"punc"},"133":{"input":[1,3,8],"tlp":["epa",8854],"trp":["'a",123917],"trw":["pape",116],"lp":["epa","appe","xp","exp","ape","xpe","expe","apea"],"rp":["'a","'ap","'app","'ex","'ea","pea","'exp","'epa","'ape","'exa","'exe","pape"]},"134":{"input":[2,3,8],"tlp":["d'",72817],"trp":["'es",50133],"tlw":["epees",70],"trw":["pdd",99],"lp":["d'","s'","s'e","d'e","esp","dep","spe","s'es","espe","sep","sesp","depe","d'es","eps"],"rp":["'es","'esp","pes","'ess","ped","pese"]},"135":{"input":[1,2,3,8],"tlp":["d'a",18719],"trp":["'as",4949],"tlw":["depasse",270],"trw":["passe",4560],"lp":["d'a","s'a","s'ap","depa","epas","s'as","d'ap","d'ea","espa","s'ex","sepa","aspe","s'ad","d'ad","d'ex","xped"],"rp":["'as","'ass","'ad","pesa"]},"136":{"input":[4,8],"trp":["pt",10944],"trw":["pt",1183],"lp":[],"rp":["pt"],"special":"bksp","base":"tp"},"137":{"input":[1,4,8],"tlp":["tap",1491],"trp":["pat",3801],"tlw":["tapa",68],"lp":["tap","apt","tapa"],"rp":["pat","patt","pta","pf"]},"138":{"input":[2,4,8],"trp":["pc",625],"lp":[],"rp":["pc"]},"139":{"input":[1,2,4,8],"tlp":["cap",4228],"trp":["pac",1260],"tlw":["cap",326],"lp":["cap","capa","spac","apac","apc","capt"],"rp":["pac","pats","past"]},"140":{"input":[3,4,8],"tlp":["rep",21795],"trp":["pr",118408],"tlw":["repete",469],"trw":["pere",4207],"lp":["rep","epr","rp","repr","ept","t'","epre","rpr","repe"],"rp":["pr","pre","per","'et","pet","pere","pte","ppr","'etr","pret","pete"]},"141":{"input":[1,3,4,8],"tlp":["apr",9449],"trp":["par",86969],"tlw":["frappe",557],"trw":["par",27661],"lp":["apr","apre","rap","rapp","appr","epar","repa","t'a","aper"],"rp":["par","'eta","part","'ar","pare","para","ppar","'arr","parf","'at","'att"]},"142":{"input":[2,3,4,8],"tlp":["c'",37695],"trp":["'est",44521],"tlw":["c'est",27418],"trw":["pres",4017],"lp":["c'","c'e","c'es","c'et","s'et","spec","cep","rps","d'et","resp","cept","spr"],"rp":["'est","pres","pers","pec","prec","perd","'ec","pect"]},"143":{"input":[1,2,3,4,8],"tlw":["apres",7671],"trw":["parce",4758],"lp":[],"rp":[]},"144":{"input":[5,8],"base":"m","baseshift":"M","trp":["mm",78967],"trw":["m",2037],"lp":[],"rp":["mm","mp","nm","mn","pn","np"]},"145":{"input":[1,5,8],"tlp":["am",51798],"trp":["ma",187703],"trw":["ma",11423],"lp":["am","ama","amp","aman","amm","ampa","anm","anap"],"rp":["ma","man","mpa","mma","pan","mam","mama","manq","mman","paq","nap","pann"]},"146":{"input":[2,5,8],"tlp":["sm",1338],"trp":["mps",12697],"trw":["ms",179],"lp":["sm"],"rp":["mps","nsp","ms","nsm"]},"147":{"input":[1,2,5,8],"tlp":["sam",1341],"trp":["jam",12043],"tlw":["sam",363],"trw":["pans",80],"lp":["sam","amas","samm","ansp","asm","amps","ansm","span","sma"],"rp":["jam","jama","mas","mass","masq","maj","mpas","mw","njam","mans","nsma"]},"148":{"input":[3,5,8],"tlp":["em",168013],"trp":["me",306012],"tlw":["emmene",192],"trw":["me",28601],"lp":["em","eme","emen","emp","emm","emme"],"rp":["me","men","mme","n'","mem","pen","'en","meme","n'e","mmen","m'","'y","mpe","n'y"]},"149":{"input":[1,3,5,8],"tlp":["ema",18574],"trp":["n'a",19043],"tlw":["ame",424],"trw":["m'a",4088],"lp":["ema","eman","ame","amme","amen","xem","exem","xemp","ampe","xam","exam"],"rp":["n'a","m'a","pay","'an","'am","mena","paye","'ann","mane"]},"150":{"input":[2,3,5,8],"tlp":["dem",20176],"trp":["j'",30702],"tlw":["s'en",2720],"trw":["mes",6170],"lp":["dem","sem","emps","s'en","deme","d'en","seme","ssem","emes"],"rp":["j'","mes","pens","mmes","n'es","pend","j'e","med","j'en","mess","ndem"]},"151":{"input":[1,2,3,5,8],"tlw":["demande",3741],"trw":["pays",1471],"lp":[],"rp":[]},"152":{"input":[4,5,8],"tlp":["tm",463],"trp":["mb",31529],"lp":["tm","bm","ttm"],"rp":["mb","mpt","mt"]},"153":{"input":[1,4,5,8],"tlp":["amb",5301],"trp":["mat",6196],"tlw":["amant",146],"trw":["mat",200],"lp":["amb","fam","apab","tam","tamm","atm","amat","bap","bapt"],"rp":["mat","pab","mba","mant","mbat","pant","mpat","mpta","matt","mab","mban"],"special":"numsym"},"154":{"input":[2,4,5,8],"tlp":["cm",1559],"trp":["mc",93],"tlw":["cm",1559],"lp":["cm"],"rp":["mc"]},"155":{"input":[1,2,4,5,8],"tlw":["camp",691],"trw":["passant",523],"lp":[],"rp":[]},"156":{"input":[3,4,5,8],"tlp":["rm",29998],"trp":["ment",81650],"tlw":["type",1817],"trw":["mere",4432],"lp":["rm","tem","rem","rme","temp","teme","emb","erm","reme"],"rp":["ment","mer","pren","met","mbr","mbre","mpr","prem","n'et","mpre","mbe"]},"157":{"input":[1,3,4,5,8],"tlw":["femme",6271],"trw":["payer",631],"lp":[],"rp":[]},"158":{"input":[2,3,4,5,8],"tlw":["temps",9524],"trw":["n'est",6536],"lp":[],"rp":[]},"159":{"input":[1,2,3,4,5,8],"tlw":["femmes",2197],"trw":["pendant",4274],"lp":[],"rp":[]},"160":{"input":[6,8],"base":"!","baseshift":"!","trp":["pi",30694],"lp":[],"rp":["pi","ip","ipp","ipi","pip","ppi"],"special":"punc"},"161":{"input":[1,6,8],"tlp":["api",6237],"trp":["pai",4095],"trw":["pizza",69],"lp":["api","apai"],"rp":["pai","papi","ipa","pia","ppai","piz","pizz","ippa","piaz"]},"162":{"input":[2,6,8],"tlp":["spi",1730],"trp":["isp",3645],"trw":["pis",282],"lp":["spi"],"rp":["isp","pis"]},"163":{"input":[1,2,6,8],"tlp":["apis",563],"trp":["ispa",2356],"trw":["passai",91],"lp":["apis","spai"],"rp":["ispa","pais"]},"164":{"input":[3,6,8],"tlp":["epi",615],"trp":["'i",49129],"trw":["pipe",239],"lp":["epi"],"rp":["'i","pie","pei","ipe","ippe","pipe","ie'"]},"165":{"input":[1,3,6,8],"tlp":["apie",1594],"trp":["'ai",30601],"trw":["paix",638],"lp":["apie","epai"],"rp":["'ai","'exi","paix","'aie","paie"]},"166":{"input":[2,3,6,8],"tlp":["s'i",6660],"trp":["pied",4225],"tlw":["d'idees",66],"trw":["pieds",2197],"lp":["s'i","disp","d'i","espi","depi","d'id","epis","dip"],"rp":["pied","pid","pide","'id","'ide","ispe","ipes","pedi","'k","'ke","'kee","pidi"]},"167":{"input":[1,2,3,6,8],"tlw":["epais",338],"trw":["peake",83],"lp":[],"rp":[]},"168":{"input":[4,6,8],"tlp":["tip",158],"trp":["pit",5509],"trw":["pitt",410],"lp":["tip"],"rp":["pit","pti","ipit","pitt","piti","ipt","ipti","piv"]},"169":{"input":[1,4,6,8],"tlp":["apit",2174],"trp":["pita",2057],"tlw":["tapait",66],"lp":["apit","tapi","vap","apti"],"rp":["pita","pati","pait","pav","ptai","pavi","ipat"]},"170":{"input":[2,4,6,8],"tlp":["cip",2146],"trp":["pist",956],"trw":["pic",121],"lp":["cip","cipi","scip"],"rp":["pist","icip","pic","pisc","pick","ptis"]},"171":{"input":[1,2,4,6,8],"tlw":["tapis",563],"trw":["passait",777],"lp":[],"rp":[]},"172":{"input":[3,4,6,8],"tlp":["epri",3352],"trp":["pri",24618],"tlw":["reprit",1215],"trw":["petit",6366],"lp":["epri","rpri","epti","rip","epit"],"rp":["pri","peti","prit","pier","pir","peri","pire","prie","prev","ppri","pitr","priv","'ev","pite","'evi"]},"173":{"input":[1,3,4,6,8],"tlw":["t'ai",504],"trw":["partie",2466],"lp":[],"rp":[]},"174":{"input":[2,3,4,6,8],"tlw":["esprit",982],"trw":["pris",3067],"lp":[],"rp":[]},"175":{"input":[1,2,3,4,6,8],"tlw":["c'etait",9128],"trw":["paris",1112],"lp":[],"rp":[]},"176":{"input":[5,6,8],"trp":["mi",66310],"trw":["pin",80],"lp":[],"rp":["mi","im","min","imp","ph","imm","phi","nim","pin","imi","mpi","mmi","mini","hm","minn","imin","inim","pini","nip","mih"]},"177":{"input":[1,5,6,8],"tlp":["ami",10224],"trp":["mai",88086],"tlw":["ami",1414],"trw":["main",8212],"lp":["ami","amai","aim","amin","anim","aima"],"rp":["mai","main","ima","ham","hap","mani","iam","hamp","mina","nima","pain","hapi","happ","imai"]},"178":{"input":[2,5,6,8],"tlp":["sim",4174],"trp":["mis",9740],"trw":["mis",1921],"lp":["sim","simp","sph","smi","ssim","snip"],"rp":["mis","jim","miss","insp","mmis","mik","mins","nspi","ism","nism","jimm","pins","ijim","misi"]},"179":{"input":[1,2,5,6,8],"tlw":["amis",1180],"trw":["mais",42478],"lp":[],"rp":[]},"180":{"input":[3,5,6,8],"tlp":["emi",15514],"trp":["mie",15315],"tlw":["ennemi",205],"trw":["peine",2455],"lp":["emi","emie","emin","eph"],"rp":["mie","ime","'h","imen","'in","hem","'im","mine","hemi","pein","'imp","iem","ieme","mei","imme","'he"]},"181":{"input":[1,3,5,6,8],"tlw":["aime",856],"trw":["n'ai",2898],"lp":[],"rp":[]},"182":{"input":[2,3,5,6,8],"tlw":["demi",438],"trw":["mise",705],"lp":[],"rp":[]},"183":{"input":[1,2,3,5,6,8],"tlw":["semaine",1154],"trw":["j'ai",15346],"lp":[],"rp":[]},"184":{"input":[4,5,6,8],"tlp":["tim",5445],"trp":["mit",5727],"tlw":["tim",73],"trw":["mit",2329],"lp":["tim","thm","timi","bim","timb"],"rp":["mit","ntim","mbi","imb","imit","mpit","ptib","mbin","miti","mith","itim","mv","mvi"]},"185":{"input":[1,4,5,6,8],"tlw":["faim",558],"trw":["matin",2422],"lp":[],"rp":[]},"186":{"input":[2,4,5,6,8],"tlw":["smith",155],"lp":[],"rp":[]},"187":{"input":[1,2,4,5,6,8],"tlw":["champ",458],"trw":["massif",152],"lp":[],"rp":[]},"188":{"input":[3,4,5,6,8],"tlw":["termine",610],"trw":["premiere",3206],"lp":[],"rp":[]},"189":{"input":[1,3,4,5,6,8],"tlw":["vraiment",3840],"trw":["n'etait",4972],"lp":[],"rp":[]},"190":{"input":[2,3,4,5,6,8],"tlw":["chemin",1720],"trw":["merci",1888],"lp":[],"rp":[]},"191":{"input":[1,2,3,4,5,6,8],"tlw":["chambre",2756],"trw":["j'avais",3059],"lp":[],"rp":[]},"192":{"input":[7,8],"base":";","baseshift":":","trp":["po",155941],"trw":["pop",58],"lp":[],"rp":["po","op","ppo","opo","opp","pop","oppo"],"special":"punc"},"193":{"input":[1,7,8],"tlp":["appo",2216],"trp":["opa",340],"lp":["appo","apo"],"rp":["opa"]},"194":{"input":[2,7,8],"tlp":["spo",3643],"trp":["pos",17016],"lp":["spo","spos","sop"],"rp":["pos","poss","opos","ppos","osop","osp","pso"]},"195":{"input":[1,2,7,8],"trp":["posa",2884],"trw":["posa",1155],"lp":[],"rp":["posa","pow"]},"196":{"input":[3,7,8],"tlp":["epo",13316],"trp":["'o",22659],"lp":["epo"],"rp":["'o","'oe","ope","oppe","'epo","-p","poe","-pe","o'","'op","'ope","-po"]},"197":{"input":[1,3,7,8],"tlp":["xpo",114],"trp":["-pa",135],"lp":["xpo","expo"],"rp":["-pa","'a-"]},"198":{"input":[2,3,7,8],"tlp":["d'o",3873],"trp":["pose",6350],"tlw":["depose",222],"trw":["pose",1409],"lp":["d'o","espo","epos","d'oe","s'o","depo","d-p","d-pe","epso","dop","d'os"],"rp":["pose","'od","'ode","'os","-sep","osep","poes","ps-","'ose"]},"199":{"input":[1,2,3,7,8],"tlw":["deposa",185],"lp":[],"rp":[]},"200":{"input":[4,7,8],"tlp":["top",1434],"trp":["pot",1385],"tlw":["top",89],"trw":["pot",240],"lp":["top"],"rp":["pot","pto","opt"]},"201":{"input":[1,4,7,8],"tlp":["apot",365],"trp":["pag",5377],"tlw":["tapota",134],"lp":["apot","tapo"],"rp":["pag","pota"]},"202":{"input":[2,4,7,8],"tlp":["cop",842],"trp":["poc",1602],"tlw":["stop",73],"trw":["pots",103],"lp":["cop","copt","stop"],"rp":["poc","post","pco","pots"]},"203":{"input":[1,2,4,7,8],"tlw":["capot",86],"lp":[],"rp":[]},"204":{"input":[3,4,7,8],"tlp":["rop",11883],"trp":["pro",26938],"tlw":["trop",6088],"trw":["porte",7561],"lp":["rop","repo","trop","ropr","ropo","epro"],"rp":["pro","por","port","prop","orp","opr","'or","ppor","opre","ppro","prot","-top","'ore","prog"]},"205":{"input":[1,3,4,7,8],"tlw":["rapport",803],"trw":["page",1683],"lp":[],"rp":[]},"206":{"input":[2,3,4,7,8],"tlw":["corps",3633],"trw":["propos",951],"lp":[],"rp":[]},"207":{"input":[1,2,3,4,7,8],"tlw":["d'accord",1426],"trw":["passage",1091],"lp":[],"rp":[]},"208":{"input":[5,7,8],"trp":["om",114832],"trw":["mon",15902],"lp":[],"rp":["om","mo","pou","omm","mon","pu","up","omp","oup","um","mu","pon","nom","mou","mpo","mom","upp","mun","uppo","mmu"]},"209":{"input":[1,5,7,8],"tlp":["amo",2232],"trp":["pau",6517],"trw":["mona",153],"lp":["amo","amou","aup","aum","appu","amu","aupa","anmo"],"rp":["pau","oma","mau","ompa","upa","uma","omma","poq","poqu","oman","oupa","paqu"]},"210":{"input":[2,5,7,8],"tlp":["som",5403],"trp":["pous",4373],"trw":["noms",472],"lp":["som","somm","sup","soup","supp","spon","susp"],"rp":["pous","mons","mus","pons","mpos","ups","oups","mos","oms","noms","usp","mous","jup"]},"211":{"input":[1,2,5,7,8],"trw":["poussa",827],"lp":[],"rp":[]},"212":{"input":[3,5,7,8],"tlp":["epon",8146],"trp":["u'",72122],"tlw":["emu",95],"trw":["peu",10328],"lp":["epon","epu"],"rp":["u'","omme","'u","'un","peu","u'e","'une","'on","ome","u'u","u'un","ume","upe","-m","omen","u'o","u'on","mome"]},"213":{"input":[1,3,5,7,8],"tlw":["qu'on",6252],"trw":["peux",3366],"lp":[],"rp":[]},"214":{"input":[2,3,5,7,8],"tlw":["d'un",18560],"trw":["monde",5892],"lp":[],"rp":[]},"215":{"input":[1,2,3,5,7,8],"tlw":["d'eau",1024],"trw":["jusqu'a",4050],"lp":[],"rp":[]},"216":{"input":[4,5,7,8],"tlp":["tom",8498],"trp":["omb",12802],"tlw":["tom",1064],"trw":["mot",1938],"lp":["tom","tomb","ttom","tup","tum","tmo"],"rp":["omb","mont","mot","ompt","nomb","put","pub","mbo","mob","pont","mmob","mout","omt","mpto"]},"217":{"input":[1,4,5,7,8],"tlw":["tomba",500],"trw":["monta",334],"lp":[],"rp":[]},"218":{"input":[2,4,5,7,8],"tlw":["coup",5443],"trw":["mots",1844],"lp":[],"rp":[]},"219":{"input":[1,2,4,5,7,8],"tlw":["combat",528],"trw":["poussant",233],"lp":[],"rp":[]},"220":{"input":[3,4,5,7,8],"tlw":["tomber",1545],"trw":["pour",54806],"lp":[],"rp":[]},"221":{"input":[1,3,4,5,7,8],"tlw":["forme",1597],"trw":["pourtant",2127],"lp":[],"rp":[]},"222":{"input":[2,3,4,5,7,8],"tlw":["comme",26616],"trw":["personne",4398],"lp":[],"rp":[]},"223":{"input":[1,2,3,4,5,7,8],"tlw":["qu'est-ce",3758],"trw":["presque",3280],"lp":[],"rp":[]},"224":{"input":[6,7,8],"trp":["pl",81861],"trw":["poil",237],"lp":[],"rp":["pl","poi","pli","pol","poli","plo","lip","ilip","lop","lopp","opi","pil","lipp","lp","ppl","ipl","poil","ppli","ploi","pilo"]},"225":{"input":[1,6,7,8],"tlp":["alp",231],"trp":["pla",16627],"trw":["plaza",92],"lp":["alp","alop","apil","apol","appl"],"rp":["pla","plai","pal","ipal","pala","opai","lpa","pali","pail","lap","lapi","plaz","plia","opla"]},"226":{"input":[2,6,7,8],"tlp":["spoi",1196],"trp":["posi",1139],"trw":["poils",186],"lp":["spoi","spl"],"rp":["posi","ispo","pois","plis","plos","piso","pok"]},"227":{"input":[1,2,6,7,8],"trw":["palais",478],"lp":[],"rp":[]},"228":{"input":[3,6,7,8],"tlp":["elep",2381],"trp":["l'",88780],"trw":["l'oeil",749],"lp":["elep","epl","elop"],"rp":["l'","'il","l'e","'el","'ell","ple","l'o","l'i","pel","ppel","plei","pele","lep","pell","'oei","l'ep","l'oe"]},"229":{"input":[1,3,6,7,8],"tlw":["appele",632],"trw":["l'a",2169],"lp":[],"rp":[]},"230":{"input":[2,3,6,7,8],"tlw":["s'il",4703],"trw":["l'idee",964],"lp":[],"rp":[]},"231":{"input":[1,2,3,6,7,8],"tlw":["s'appelle",386],"trw":["l'aide",479],"lp":[],"rp":[]},"232":{"input":[4,6,7,8],"tlp":["tipl",158],"trp":["ptio",1479],"lp":["tipl"],"rp":["ptio","poig","poit","opit","ptoi","pig","pivo","plit","ltip","lpt","lpit","pito","pilt","plot"]},"233":{"input":[1,4,6,7,8],"tlw":["galop",145],"trw":["plait",891],"lp":[],"rp":[]},"234":{"input":[2,4,6,7,8],"lp":[],"rp":[]},"235":{"input":[1,2,4,6,7,8],"tlw":["capital",85],"trw":["posait",183],"lp":[],"rp":[]},"236":{"input":[3,4,6,7,8],"tlw":["reprit-il",188],"trw":["l'oreille",587],"lp":[],"rp":[]},"237":{"input":[1,3,4,6,7,8],"tlw":["appeler",517],"trw":["l'air",3916],"lp":[],"rp":[]},"238":{"input":[2,3,4,6,7,8],"tlw":["desespoir",393],"trw":["police",1783],"lp":[],"rp":[]},"239":{"input":[1,2,3,4,6,7,8],"tlw":["d'avoir",1685],"trw":["place",3372],"lp":[],"rp":[]},"240":{"input":[5,6,7,8],"trp":["plu",43647],"trw":["moi",12680],"lp":[],"rp":["plu","moi","pui","hom","homm","mpl","mil","moin","mill","poin","lum","impo","pho","impl","minu","umi","hum","upi","ompl","mili"],"special":"enter"},"241":{"input":[1,5,6,7,8],"tlw":["animal",319],"trw":["mal",4543],"lp":[],"rp":[]},"242":{"input":[2,5,6,7,8],"tlw":["simon",341],"trw":["plus",37565],"lp":[],"rp":[]},"243":{"input":[1,2,5,6,7,8],"tlw":["salim",412],"trw":["maison",4491],"lp":[],"rp":[]},"244":{"input":[3,5,6,7,8],"trw":["homme",5277],"lp":[],"rp":[]},"245":{"input":[1,3,5,6,7,8],"tlw":["qu'il",23610],"trw":["mieux",3375],"lp":[],"rp":[]},"246":{"input":[2,3,5,6,7,8],"tlw":["depuis",5560],"trw":["hommes",4084],"lp":[],"rp":[]},"247":{"input":[1,2,3,5,6,7,8],"tlw":["qu'ils",4873],"trw":["musique",825],"lp":[],"rp":[]},"248":{"input":[4,5,6,7,8],"tlw":["bulpitt",89],"trw":["point",3139],"lp":[],"rp":[]},"249":{"input":[1,4,5,6,7,8],"tlw":["film",348],"trw":["pouvait",3877],"lp":[],"rp":[]},"250":{"input":[2,4,5,6,7,8],"tlw":["commis",274],"trw":["jimbo",666],"lp":[],"rp":[]},"251":{"input":[1,2,4,5,6,7,8],"tlw":["thomas",448],"trw":["mauvais",894],"lp":[],"rp":[]},"252":{"input":[3,4,5,6,7,8],"tlw":["telephone",2027],"trw":["lumiere",2031],"lp":[],"rp":[]},"253":{"input":[1,3,4,5,6,7,8],"tlw":["famille",1962],"trw":["pourquoi",6282],"lp":[],"rp":[]},"254":{"input":[2,3,4,5,6,7,8],"tlw":["repondit",2783],"trw":["longtemps",2380],"lp":[],"rp":[]},"255":{"input":[1,2,3,4,5,6,7,8],"tlw":["semblait",1934],"trw":["larmes",1018],"lp":[],"rp":[]}}