{"0":{"value":0,"notes":["Developer : Zack Dennis (zack@asetniop.com)","Date : 12/12/2014","All code (c) 2014 Pointesa, LLC all rights reserved","Abbreviations :    ","tlp = top left partial","lp = left partials","trp = top right partial","rp = right partials","tlw = top left word","lw = left words","trw = top right word","rw = right words"]},"1":{"input":[1],"base":"a","baseshift":"A","tlp":["aa",383],"tlw":["a",307731],"lp":["aa"],"rp":[]},"2":{"input":[2],"base":"s","baseshift":"S","tlp":["ss",24364],"tlw":["s",39563],"lp":["ss"],"rp":[]},"3":{"input":[1,2],"base":"w","baseshift":"W","tlp":["as",66595],"tlw":["was",3404],"lp":["as","sa","ass","wa","asa","was","sas","ssa","assa","sass","aw","sasa","awa","ws","saw","sw","ww","asas","aws","www"],"rp":[]},"4":{"input":[3],"base":"e","baseshift":"E","tlp":["ee",3291],"tlw":["e",6340],"lp":["ee"],"rp":[]},"5":{"input":[1,3],"base":"x","baseshift":"X","tlp":["ea",12313],"tlw":["x",109],"lp":["ea","ex","ae","xa","exa","xe","exe","xx"],"rp":[]},"6":{"input":[2,3],"base":"d","baseshift":"D","tlp":["es",161633],"tlw":["es",60379],"lp":["es","de","se","ed","ese","des","ede","ess","dd","sse","edes","ds","esse","edd","dese","ses","sed","sd","eed","ded"],"rp":[]},"7":{"input":[1,2,3],"tlp":["ad",36504],"tlw":["we",1547],"lp":["ad","da","ada","we","das","add","sad","sada","ase","ead","dasa","ew","ade","adas","ads","dea","eas","asd","esa","desa"],"rp":[]},"8":{"input":[4],"base":"t","baseshift":"T","tlp":["tt",111811],"tlw":["t",315],"lp":["tt"],"rp":[]},"9":{"input":[1,4],"base":"f","baseshift":"F","tlp":["ta",110634],"tlw":["at",3435],"lp":["ta","at","att","tta","ata","fa","tat","atta","tata","af","ft","ff","tatt","aft","fat","atat","tf","aff","afa","ffa"],"rp":[]},"10":{"input":[2,4],"base":"c","baseshift":"C","tlp":["cs",52385],"tlw":["c",503],"lp":["cs","st","ts","ct","cc","tc","sc","scs","tts","sts","csc","cscs","cts","stt"],"rp":[]},"11":{"input":[1,2,4],"tlp":["csa",25323],"tlw":["fact",237],"lp":["csa","ac","ca","ast","tas","acs","sta","ats","atas","sat","csas","cas","tw","act","tsa","cat","stat","cast","tasa","asta"],"rp":[]},"12":{"input":[3,4],"base":"r","baseshift":"R","tlp":["er",141919],"tlw":["te",4722],"lp":["er","et","te","re","rt","ett","ere","ert","ete","tet","tte","ette","rr","ter","tett","rte","etet","ret","erte","eret"],"rp":[]},"13":{"input":[1,3,4],"tlp":["ar",117406],"tlw":["arra",2662],"lp":["ar","ra","fe","ara","art","tar","rta","tart","rat","arr","fr","rra","fer","arta","ef","ate","arra","arat","tra","rea"],"rp":[]},"14":{"input":[2,3,4],"tlp":["rs",15788],"tlw":["este",960],"lp":["rs","dt","rd","res","ste","est","tes","erd","ce","rde","ec","rc","erde","ers","eres","set","cse","det","etes","este"],"rp":[]},"15":{"input":[1,2,3,4],"tlp":["dta",9305],"tlw":["were",1692],"lp":["dta","adt","rad","arad","ars","rsa","arc","adta","sar","tars","arsa","wer","ras","radt","dar","ard","were","dat","dra","rsad"],"rp":[]},"16":{"input":[5],"base":"n","baseshift":"N","trp":["nn",30933],"trw":["n",210],"lp":[],"rp":["nn"]},"17":{"input":[1,5],"base":"q","baseshift":"Q","tlp":["an",171406],"trp":["na",74976],"tlw":["an",1125],"trw":["na",433],"lp":["an","ann","ana","anna","anan"],"rp":["na","nna","nan","nnan","nana","nq"]},"18":{"input":[2,5],"base":"j","baseshift":"J","tlp":["sn",2399],"trp":["ns",7890],"trw":["j",225],"lp":["sn"],"rp":["ns","jj","nj","js","jn"]},"19":{"input":[1,2,5],"tlp":["aj",26099],"trp":["ja",44839],"tlw":["aj",46],"trw":["jaj",1254],"lp":["aj","aja","san","ans","saj","saja","sna","asn","asna","wn","ajan","ssan","ajn","ajna"],"rp":["ja","jan","jaj","nas","jna","jana"]},"20":{"input":[3,5],"base":"y","baseshift":"Y","tlp":["en",192896],"trp":["ne",139773],"tlw":["en",13217],"trw":["ne",6355],"lp":["en","enn","eny","ene","enne","enye","ey","enny","een"],"rp":["ne","ny","ye","yen","nne","nye","nny","yn","yne","nen","nyn"]},"21":{"input":[1,3,5],"tlp":["any",20653],"trp":["ya",37836],"tlw":["any",460],"lp":["any","ane","ean","anya","eany","anny","ay","anyn","ena","enna","eq"],"rp":["ya","yan","nya","yna","yana","yany","nyna","yea","ynya"]},"22":{"input":[2,3,5],"tlp":["den",14339],"trp":["nd",76373],"tlw":["ej",386],"trw":["need",144],"lp":["den","dj","ej","sen","end","eje","esen","dn","ende"],"rp":["nd","nde","je","nden","ys","ndj","jd","yes","yj","nse","jen"]},"23":{"input":[1,2,3,5],"tlp":["and",17737],"trp":["ndja",5958],"tlw":["and",12896],"trw":["new",369],"lp":["and","dja","ajd","adj","dan","adn","adja","dna","sand","anyj","day","way","ande"],"rp":["ndja","nda","yas","yja","ndan","nyja","ysa"]},"24":{"input":[4,5],"base":"b","baseshift":"B","tlp":["bb",33278],"trp":["nt",65227],"tlw":["b",333],"lp":["bb","tn","tb","bn","bbn","bt"],"rp":["nt","nb","ntb","nnt","ntt"]},"25":{"input":[1,4,5],"tlp":["ba",46116],"trp":["nat",3727],"tlw":["abban",1391],"lp":["ba","ab","ban","tan","aba","abb","ant","aban","bba","bban","abba","bat","tana","anat","atn"],"rp":["nat","nta","nba","nban","nf"]},"26":{"input":[2,4,5],"tlp":["tj",4670],"trp":["nc",13855],"tlw":["stb",576],"lp":["tj","sb","bs","stb","bbs","cb","bj","sbb","csb","csn"],"rp":["nc","ncs","jt","nst","nts","jb","nbs","ntj","jts","jtj"]},"27":{"input":[1,2,4,5],"tlp":["ajt",5087],"trp":["jat",5127],"tlw":["sajat",1345],"lp":["ajt","tja","ajta","anc","ajat","atj","atja","baj","can","ancs","faj","fj","sab","sba","bac","sabb"],"rp":["jat","jta","jab","jaba"]},"28":{"input":[3,4,5],"tlp":["be",65601],"trp":["nte",8707],"tlw":["be",6609],"lp":["be","ben","ent","ten","eb","ber","rn","ebe","ren","ebb","ty","bbe","eben","ry","bet","rten"],"rp":["nte","yet","yt","yer"]},"29":{"input":[1,3,4,5],"tlp":["ran",8885],"trp":["yar",8550],"tlw":["bar",1464],"trw":["natty",172],"lp":["ran","bar","aran","arn","rany","tya","aty","rna","fen","rab","atya","bara","rba","arna","ary","rant"],"rp":["yar","yat","yf","yta"]},"30":{"input":[2,3,4,5],"tlp":["sten",4933],"trp":["ndt",3578],"tlw":["esetben",368],"lp":["sten","rj","bes","rend","enc","seb","renc","csen","dent","sebb","bec","ejet","erj","tend","encs"],"rp":["ndt","ncse","nce","jet","jr"]},"31":{"input":[1,2,3,4,5],"tlw":["rajta",1591],"trw":["jart",812],"lp":[],"rp":[]},"32":{"input":[6],"base":"i","baseshift":"I","trp":["ii",2593],"trw":["i",2017],"lp":[],"rp":["ii","iii"]},"33":{"input":[1,6],"base":"z","baseshift":"Z","tlp":["az",158164],"trp":["ia",19708],"tlw":["az",99800],"lp":["az","za","zi","ai","zz","aza","zza","zaz","azz","azza","azi","zaza","zia","azaz","zai"],"rp":["ia","iz","iai","iza","izi"]},"34":{"input":[2,6],"base":"k","baseshift":"K","tlp":["si",22088],"trp":["is",89346],"tlw":["si",71],"trw":["is",40982],"lp":["si","sk","sik","sis","ssi","ski"],"rp":["is","ki","ik","kk","kis","kik","iss","ks","isk","kiss","isi","iki","ksi","ikk"]},"35":{"input":[1,2,6],"tlp":["sz",176990],"trp":["ka",44404],"tlw":["aki",3851],"trw":["iszik",209],"lp":["sz","ak","sza","sak","ssz","szi","aka","asz","aki","zs","akk","assz","zik","wi","asi","ssza","szik","zsa"],"rp":["ka","isz"]},"36":{"input":[3,6],"base":",","baseshift":"<","tlp":["ei",6348],"trp":["ie",7511],"lp":["ei","eei"],"rp":["ie","iei"],"special":"punc"},"37":{"input":[1,3,6],"tlp":["ze",100252],"trp":["ize",2949],"tlw":["ez",13097],"trw":["ize",69],"lp":["ze","ez","eze","aze","zze","ezz","ezze","ezi","eza","xi","zei","ezei","zez","zeze","ezai","xix","xii"],"rp":["ize","ix","izze"]},"38":{"input":[2,3,6],"tlp":["ek",80676],"trp":["ke",88251],"tlw":["did",582],"trw":["ide",1572],"lp":["ek","di","eke","eki","edi","dik","dek","ddi","ekk","sek","ske","sid"],"rp":["ke","id","ide","ked","kes","ike","ise","kek"]},"39":{"input":[1,2,3,6],"tlp":["sze",62411],"trp":["kez",11007],"tlw":["ezek",1919],"trw":["kezd",305],"lp":["sze","esz","esze","zd","zek","ezd","ezek","ssze","azd","zda","azda","szek","dez","adi","zeke","zes"],"rp":["kez","keze","kezd","isze"]},"40":{"input":[4,6],"base":"v","baseshift":"V","tlp":["ti",26187],"trp":["it",48328],"tlw":["ti",467],"trw":["itt",6106],"lp":["ti","vi","tv","vit","tit","tiv","vitt","vv","tti","vt","vii","viii"],"rp":["it","iv","itt","iti","ivi","itv","ivt","itiv"]},"41":{"input":[1,4,6],"tlp":["va",85476],"trp":["if",3685],"tlw":["azt",15369],"trw":["if",856],"lp":["va","zt","azt","fi","zta","av","ava","fia","azta","ati","ziv","vat","zat","viz","tva","tiz","fiat"],"rp":["if","iat","iva"]},"42":{"input":[2,4,6],"tlp":["csi",6831],"trp":["ic",8214],"tlw":["cit",131],"trw":["kit",1125],"lp":["csi","ci","vis","tk","viss","tis","sti","stv","sit","tik"],"rp":["ic","ist","kiv","ics","kit","kt","kic","kics","its","icsi"]},"43":{"input":[1,2,4,6],"tlp":["csak",20970],"trp":["kat",7650],"tlw":["csak",17322],"lp":["csak","szt","tak","cz","wit","tsz","vas","aszt","szta","sziv","tisz","atsz","czi","ttak","visz","cia"],"rp":["kat","iszt","kiva","kta"]},"44":{"input":[3,4,6],"tlp":["ve",74884],"trp":["ir",33168],"tlw":["vette",950],"trw":["irt",530],"lp":["ve","ri","ev","eve","vet","ver","rv","eri","eti","vett","tve","eir","rve","evet"],"rp":["ir","ive","ire","irt","ite","itte"]},"45":{"input":[1,3,4,6],"tlp":["zer",25432],"trp":["ira",15949],"tlw":["ezt",5966],"lp":["zer","zet","ezt","zere","var","zte","ezet","zett","ari","zert","ezte","vez","ria","zar","ezer","azer","rva","veze","zeri"],"rp":["ira"]},"46":{"input":[2,3,4,6],"tlp":["tek",13729],"trp":["ket",19030],"tlw":["vers",850],"trw":["ket",6195],"lp":["tek","ves","dv","rk","eket","rek","erek","dve","edv","edve","ttek","vid"],"rp":["ket","ker","kir","kere","iste","kerd","kedv","kr"]},"47":{"input":[1,2,3,4,6],"tlw":["akar",1873],"trw":["kezet",1015],"lp":[],"rp":[]},"48":{"input":[5,6],"base":"h","baseshift":"H","trp":["in",100465],"trw":["in",9209],"lp":[],"rp":["in","ni","hi","nin","nni","hin","inn","ih","hh","ini","nh","inni","inh","hn","hinn","nii","hni","nini","hih","nnin"]},"49":{"input":[1,5,6],"tlp":["ah",5695],"trp":["ha",99222],"tlw":["ah",347],"trw":["ha",15507],"lp":["ah","zn","ani","zin","zan","zni","zna","ain","azan","aha"],"rp":["ha","han","haz","haza","ian","ina","nz","hia","nia","hazi"]},"50":{"input":[2,5,6],"tlp":["sin",3147],"trp":["nk",18980],"trw":["his",3359],"lp":["sin","sh","sni"],"rp":["nk","his","kin","nki","kn","ink","nik","nis","ij","kh","ins","ish","ikn","nkin","kikn","nsi","jh"]},"51":{"input":[1,2,5,6],"tlp":["wh",5945],"trp":["nak",17010],"tlw":["annak",3112],"trw":["hisz",637],"lp":["wh","szin","anak","szn","zaj","ank","whi","sina","aszn","szaj"],"rp":["nak","nka","nnak","has","haj","jak","hisz","kan","inka","hasz"]},"52":{"input":[3,5,6],"tlp":["eh",18062],"trp":["he",78848],"tlw":["enni",263],"trw":["he",3277],"lp":["eh","ehe","enni","eni","enyi","ein"],"rp":["he","yi","nyi","nnyi","ine","neh","hey","hen","hei","yh","nehe","inne","ien","nyh"]},"53":{"input":[1,3,5,6],"tlp":["zen",10585],"trp":["hane",4811],"tlw":["ezen",1479],"trw":["nehany",1282],"lp":["zen","eha","ezen","enz","ehan","ehez","zne","ezn","ezni"],"rp":["hane","nez","neha","hany","hez","yha","izen","neze","yz","yze","yez"]},"54":{"input":[2,3,5,6],"tlp":["enk",5048],"trp":["nek",29850],"tlw":["ennek",2112],"trw":["neki",6003],"lp":["enk","enek","enki","dni","senk"],"rp":["nek","ind","inde","neki","yek","neke","ken","yik","nnek","ndi","indi","inek","kine","nke","kne"]},"55":{"input":[1,2,3,5,6],"tlw":["when",993],"trw":["had",1905],"lp":[],"rp":[]},"56":{"input":[4,5,6],"tlp":["th",71797],"trp":["int",32779],"tlw":["th",242],"trw":["hit",168],"lp":["th","bi","thi","bbi","tni","tth","vin","thin"],"rp":["int","ith","nth","inth","ib","ht","nti","hiv","hit","nv","hitt","nit"]},"57":{"input":[1,4,5,6],"tlp":["van",18634],"trp":["hat",22178],"tlw":["van",11948],"trw":["hat",6837],"lp":["van","tha","that","biz","ztan","zb","zab","ath","vab","vabb","zaba","zint","tvan","vann"],"rp":["hat","hata","ntha","hav","ivan","hab"]},"58":{"input":[2,4,5,6],"tlp":["ch",5920],"trp":["inc",7312],"tlw":["this",2307],"trw":["nincs",3085],"lp":["ch","this","csin","sinc","chi","bis"],"rp":["inc","incs","ninc","kb","kint","ich","hic","hich","nci","hist","nsti","inst","itj","nkit"]},"59":{"input":[1,2,4,5,6],"tlw":["with",3691],"trw":["inkabb",1478],"lp":[],"rp":[]},"60":{"input":[3,4,5,6],"tlp":["the",47933],"trp":["het",10465],"tlw":["the",34738],"trw":["het",978],"lp":["the","ehet","ven","rin","ther","they","rint","teh","erin","thei","bir"],"rp":["het","her","inte","nev","neve","hete","hir","heir","yv"]},"61":{"input":[1,3,4,5,6],"tlw":["tehat",2571],"trw":["have",1230],"lp":[],"rp":[]},"62":{"input":[2,3,4,5,6],"tlw":["these",599],"trw":["isten",2805],"lp":[],"rp":[]},"63":{"input":[1,2,3,4,5,6],"tlw":["szerint",2186],"lp":[],"rp":[]},"64":{"input":[7],"base":"o","baseshift":"O","trp":["oo",1820],"trw":["o",10573],"lp":[],"rp":["oo"]},"65":{"input":[1,7],"base":"(","baseshift":"[","trp":["oa",760],"lp":[],"rp":["oa"],"special":"punc"},"66":{"input":[2,7],"base":".","baseshift":">","tlp":["so",41762],"trp":["os",59448],"tlw":["so",930],"trw":["os",131],"lp":["so","sos","soso","sso","soo"],"rp":["os","oss","oso","oos"],"special":"punc"},"67":{"input":[1,2,7],"tlp":["aso",4417],"trp":["osa",3764],"lp":["aso","wo","asos","swo","woo","asso"],"rp":["osa","ow","ossa","owa","ows"]},"68":{"input":[3,7],"base":"-","baseshift":"_","tlp":["eo",1230],"trp":["-e",3142],"trw":["-",1439],"lp":["eo","e-","e-o"],"rp":["-e","oe","o-","-o","o-o"],"special":"punc"},"69":{"input":[1,3,7],"tlp":["a-",237],"trp":["-a",532],"trw":["-a",180],"lp":["a-","a-e","xo"],"rp":["-a","ox"]},"70":{"input":[2,3,7],"tlp":["do",41052],"trp":["od",15802],"tlw":["eso",376],"trw":["-es",254],"lp":["do","sod","dos","eso","dod","edo","d-","d-e","sose"],"rp":["od","ose","odo","ode","od-","od-e","odes","ood","osse","-d","-es"]},"71":{"input":[1,2,3,7],"tlp":["ado",4227],"trp":["oda",6077],"tlw":["ado",161],"trw":["oda",2095],"lp":["ado","soda","asod","dow","easo","doa","dosa","as-","ados","wood","adod","ewo"],"rp":["oda","owe","odas","-as","odaa","owed","-oda","odae"]},"72":{"input":[4,7],"base":"g","baseshift":"G","tlp":["to",78142],"trp":["og",80035],"tlw":["to",11182],"trw":["ott",6355],"lp":["to","go","tot","tott","got","gt","gg","tto","gott","gto","tog"],"rp":["og","ot","ott","ogo","ogt","ogot","oto","ogto","otot"]},"73":{"input":[1,4,7],"tlp":["ag",87943],"trp":["of",19703],"tlw":["fog",1642],"trw":["of",16836],"lp":["ag","ga","fo","aga","ato","fog","ago","gat","agat","atot","agot","gta","foga","gf","fogo","agg"],"rp":["of","otta","oga","ota"]},"74":{"input":[2,4,7],"tlp":["cso",6549],"trp":["ost",9595],"tlw":["sot",1437],"lp":["cso","co","tos","gs","sot","gos","sto","sg","csos","csot","soc","cco","cto","ttos","sog"],"rp":["ost","oc","ocs","ogs","osto"]},"75":{"input":[1,2,4,7],"tlp":["sag",7512],"trp":["osag",1075],"tlw":["two",477],"lp":["sag","agos","sago","gas","atos","asag","agas","tosa","acso","ssag","tsag","gosa","two","saga","sga","gsa","ags"],"rp":["osag","oca","ocsa"]},"76":{"input":[3,4,7],"tlp":["eg",183750],"trp":["or",88200],"tlw":["eg",697],"trw":["oreg",2917],"lp":["eg","ro","ge","ege","reg","tor","gr","get","ero","tort","eget","rto","teg","rg","ger"],"rp":["or","ore","oro","ort","oreg"]},"77":{"input":[1,3,4,7],"tlp":["aro",14078],"trp":["ora",5234],"tlw":["for",3067],"trw":["ora",808],"lp":["aro","for","gar","rag","arto","fro","ega","rof","grof","egf","gra","arg","aror","taro","forr","rga","efo","arag"],"rp":["ora","orra"]},"78":{"input":[2,3,4,7],"tlp":["seg",14126],"trp":["ors",6702],"tlw":["eros",707],"trw":["ordog",649],"lp":["seg","ges","eges","ros","sege","dot","dott","rdo","deg","sor","dor","dog","ged","eseg","ross","tseg","egs","eros"],"rp":["ors","ord"]},"79":{"input":[1,2,3,4,7],"tlw":["adott",1280],"lp":[],"rp":[]},"80":{"input":[5,7],"base":"u","baseshift":"U","trp":["on",101004],"trw":["on",3707],"lp":[],"rp":["on","un","no","ou","onn","nu","ono","oun","non","uno","nno","nnu","unn","nnon","nun","nnun","uo","onu","nou","oon"]},"81":{"input":[1,5,7],"tlp":["ano",4244],"trp":["ona",5750],"tlw":["au",143],"trw":["onnan",503],"lp":["ano","au","anu","qu","anno","anon","qua","anua"],"rp":["ona","onna","ua","una","uan","oan","unan","onan","nua","onq","nqu","onqu"]},"82":{"input":[2,5,7],"tlp":["su",6983],"trp":["jo",26548],"tlw":["son",366],"trw":["jo",6226],"lp":["su","son","ssu"],"rp":["jo","us","ju","uj","nos","jon","ons","onos","jos","oj","ous","jonn","jus","jjo","jjon","joj","jun"]},"83":{"input":[1,2,5,7],"tlp":["anos",2908],"trp":["jano",2283],"tlw":["sajnos",113],"trw":["janos",2073],"lp":["anos","ajo","ason","wou","aus","ajos","aju","asu","ajjo"],"rp":["jano","osan","own","now","uja","usa","onas","ujsa","oja","ujja","jua"]},"84":{"input":[3,5,7],"tlp":["eu",1868],"trp":["yo",25659],"tlw":["eu",103],"trw":["one",972],"lp":["eu","enu"],"rp":["yo","ony","yu","nyo","yon","nyu","onyo","one","ue","y-","onny","y-e","onne","yun","uny","you","yony","oen"]},"85":{"input":[1,3,5,7],"tlp":["anyo",2334],"trp":["unya",473],"tlw":["que",241],"trw":["-an",97],"lp":["anyo","que","an-","an-e","equ","equa","anyu","aux","eque","quee"],"rp":["unya","onya","-na","yano","oya","yanu","yona","-an","nque","ux"]},"86":{"input":[2,3,5,7],"tlp":["du",7212],"trp":["ond",20755],"tlw":["du",322],"trw":["und",201],"lp":["du","don","endo","edu"],"rp":["ond","ud","ndo","ondo","udo","ondj","yos","und","nyos","udj","udn","ndu","osen","use","yedu","unde"]},"87":{"input":[1,2,3,5,7],"tlw":["adjon",401],"trw":["odaadja",48],"lp":[],"rp":[]},"88":{"input":[4,5,7],"tlp":["tu",26336],"trp":["ut",29088],"tlw":["tobb",2199],"trw":["not",2568],"lp":["tu","bo","tob","tobb","gon","bu","gu","ton","gn"],"rp":["ut","ob","ng","ug","obb","ont","uto","not","onb","nto","ung"]},"89":{"input":[1,4,5,7],"tlp":["ang",4181],"trp":["nag",18488],"tlw":["about",409],"trw":["utan",3611],"lp":["ang","fu","abo","gan","gab","gna","aton","tona","ango","agu","gaba"],"rp":["nag","uta","utan","oba","nga","unga","onba","utat","obba"]},"90":{"input":[2,4,5,7],"tlp":["gj",3961],"trp":["job",3981],"tlw":["bus",289],"trw":["jott",1407],"lp":["gj","csu","cou","sob","con","cson","sobb"],"rp":["job","jobb","jot","jott","jto","ntos","ust","uc","jut","ogj","ujt","jtot","juto"]},"91":{"input":[1,2,4,5,7],"tlw":["fogja",947],"trw":["jobban",1258],"lp":[],"rp":[]},"92":{"input":[3,4,5,7],"tlp":["gy",213097],"trp":["ogy",60410],"tlw":["egy",31147],"trw":["ugy",8993],"lp":["gy","egy","gye","gyo","egye","ru","gen","egen","gyon","geny","gyu","eng","gyen","enge","bor"],"rp":["ogy","ur","ugy","oru","nge"]},"93":{"input":[1,3,4,5,7],"tlw":["baro",394],"trw":["nagy",10563],"lp":[],"rp":[]},"94":{"input":[2,3,4,5,7],"tlw":["tudott",1092],"trw":["ures",337],"lp":[],"rp":[]},"95":{"input":[1,2,3,4,5,7],"tlw":["tudja",1421],"trw":["ujra",1374],"lp":[],"rp":[]},"96":{"input":[6,7],"base":"l","baseshift":"L","trp":["ol",117661],"trw":["l",1029],"lp":[],"rp":["ol","lo","ll","il","li","io","ill","llo","olo","lol","oi","oll","oli","lli","ili","illi","ilo","ollo","iol","lio"]},"97":{"input":[1,6,7],"tlp":["al",141761],"trp":["la",89690],"tlw":["all",2554],"trw":["la",881],"lp":["al","zo","ala","all","alo","azo","zol","alal","alla","zal","ali","allo"],"rp":["la","oz","ozo","lal","lla","ila","ola","ozz"]},"98":{"input":[2,6,7],"tlp":["sok",10043],"trp":["ko",67727],"tlw":["sok",3390],"trw":["ok",1198],"lp":["sok","sol","sko"],"rp":["ko","ok","lk","ls","iko","kko","lso","oko","kol","los","lko","lok","kos","lis","lik","kl","ols"]},"99":{"input":[1,2,6,7],"tlp":["szo",28916],"trp":["koz",17882],"tlw":["azok",1917],"trw":["law",597],"lp":["szo","zok","akko","szol","sszo","alk","azok","ako","soka","szok"],"rp":["koz","osz","oka","las","ossz","kozo","lak","kal","ozs","lasz"]},"100":{"input":[3,6,7],"tlp":["el",185226],"trp":["le",131988],"tlw":["el",11925],"trw":["le",3722],"lp":["el","ele","ell","elo","elle","eli","elel","elol"],"rp":["le","lle","lel","ole","ille","lole","lele","ile","lelo","olle","-i","lei"]},"101":{"input":[1,3,6,7],"tlp":["zel",9993],"trp":["lea",5723],"tlw":["ezzel",1164],"trw":["lexi",93],"lp":["zel","ezo","zele","ela","zzel","zle","zelo","zell","ale","alle","zeli","eal","ezel","elz","ezal","azel","elal"],"rp":["lea","oze","ozel"]},"102":{"input":[2,3,6,7],"tlp":["dol",7310],"trp":["ld",13454],"tlw":["elso",2743],"trw":["kell",5494],"lp":["dol","elk","els","elso","del","eles","elke","dok"],"rp":["ld","kel","les","kell","old","ido","oke","lek","lke","ldo","led","lese"]},"103":{"input":[1,2,3,6,7],"tlw":["szel",525],"trw":["lesz",3740],"lp":[],"rp":[]},"104":{"input":[4,6,7],"tlp":["vo",40145],"trp":["lt",63226],"tlw":["volt",20311],"trw":["ivott",154],"lp":["vo","vol","volt","gi","tl","tol","vil","tio","gl"],"rp":["lt","ig","olt","ov","lot","lott","lv","lg","olg","lto","lit"]},"105":{"input":[1,4,6,7],"tlp":["val",23257],"trp":["lat",20885],"tlw":["alatt",3368],"trw":["igaz",1408],"lp":["val","tal","vag","alt","fol","vala","zot","tala","zott","gaz","alat","alta","valo"],"rp":["lat","lta","latt","ova","lag","ozot","olta"]},"106":{"input":[2,4,6,7],"tlp":["tok",4349],"trp":["kot",3836],"tlw":["titkos",290],"trw":["kolto",379],"lp":["tok","gis","gok","tko","gk","tols"],"rp":["kot","kov","lc","olc","okt","lcs","kolt","loc","olcs","koc","icso","kott","okot","oci"]},"107":{"input":[1,2,4,6,7],"tlw":["voltak",2244],"trw":["kozott",2109],"lp":[],"rp":[]},"108":{"input":[3,4,6,7],"tlp":["vel",12822],"trp":["let",20248],"tlw":["elott",2567],"trw":["lett",3000],"lp":["vel","tel","egi","elt","veg","elet","vele","rol","tle","elot","tele"],"rp":["let","leg","lett","llet","ove","lte","lete","lev","iro"]},"109":{"input":[1,3,4,6,7],"tlw":["fel",5055],"trw":["left",288],"lp":[],"rp":[]},"110":{"input":[2,3,4,6,7],"tlw":["ekkor",1030],"trw":["kellett",2170],"lp":[],"rp":[]},"111":{"input":[1,2,3,4,6,7],"tlw":["akkor",5794],"trw":["orszag",966],"lp":[],"rp":[]},"112":{"input":[5,6,7],"trp":["ho",91631],"trw":["hol",3321],"lp":[],"rp":["ho","ul","ln","oln","hol","hu","lu","lon","oh","ulo","ion","hun","ulon","lni","iu","hon","nl","nul","oul","uh"]},"113":{"input":[1,5,6,7],"tlp":["zon",17866],"trp":["lan",11536],"tlw":["azon",1845],"trw":["hozza",2127],"lp":["zon","zu","azon","alan","aho","zul","alu"],"rp":["lan","hal","lna","olna","hoz","nal","hall","hozz","oha","uz","izon","hala","llan"]},"114":{"input":[2,5,6,7],"tlp":["soh",2706],"trp":["ku",14889],"trw":["jol",2741],"lp":["soh","sul","sho"],"rp":["ku","kul","unk","uk","lj","kon","kulo","hos","jol","lku","lkul","juk","hus","hoss","konn","uks","nok"]},"115":{"input":[1,2,5,6,7],"tlw":["soha",1668],"trw":["kozul",1472],"lp":[],"rp":[]},"116":{"input":[3,5,6,7],"tlp":["ely",25178],"trp":["ly",62035],"tlw":["ellen",1350],"trw":["oly",2731],"lp":["ely","elye","elen"],"rp":["ly","len","lye","oly","leh","lehe","ily","lyen","hel","hely","ilye","llen","nel","ule","lyi","yel","lyn"]},"117":{"input":[1,3,5,6,7],"tlw":["equal",129],"trw":["olyan",5589],"lp":[],"rp":[]},"118":{"input":[2,3,5,6,7],"tlw":["ejjel",683],"trw":["nelkul",2214],"lp":[],"rp":[]},"119":{"input":[1,2,3,5,6,7],"tlw":["asszony",2441],"trw":["kisasszony",460],"lp":[],"rp":[]},"120":{"input":[4,5,6,7],"tlp":["voln",8076],"trp":["hog",60062],"tlw":["tobbi",901],"trw":["otthon",874],"lp":["voln","bol","gh","tion","bl","tho","tul","gin","vu","ght","gint"],"rp":["hog","ult","ing","hung","oth","obbi","lonb","lob","ivu"]},"121":{"input":[1,4,5,6,7],"tlw":["volna",7681],"trw":["hova",947],"lp":[],"rp":[]},"122":{"input":[2,4,5,6,7],"tlw":["such",497],"trw":["king",1415],"lp":[],"rp":[]},"123":{"input":[1,2,4,5,6,7],"tlw":["viszont",558],"trw":["ifju",760],"lp":[],"rp":[]},"124":{"input":[3,4,5,6,7],"tlw":["bele",1164],"trw":["hogy",55048],"lp":[],"rp":[]},"125":{"input":[1,3,4,5,6,7],"tlw":["vagy",8524],"trw":["horvath",1175],"lp":[],"rp":[]},"126":{"input":[2,3,4,5,6,7],"tlw":["egyik",2647],"trw":["korul",1156],"lp":[],"rp":[]},"127":{"input":[1,2,3,4,5,6,7],"tlw":["vagyok",3023],"trw":["kiraly",5259],"lp":[],"rp":[]},"128":{"input":[8],"base":"p","baseshift":"P","trp":["pp",4972],"trw":["p",636],"lp":[],"rp":["pp"]},"129":{"input":[1,8],"base":"?","baseshift":"/","tlp":["ap",22391],"trp":["pa",18427],"tlw":["apa",231],"trw":["pap",604],"lp":["ap","apa","app","appa"],"rp":["pa","pap","ppa","papa"],"special":"punc"},"130":{"input":[2,8],"base":")","baseshift":"]","tlp":["sp",1610],"trp":["ps",1710],"lp":["sp"],"rp":["ps"],"special":"punc"},"131":{"input":[1,2,8],"tlp":["sap",895],"trp":["pas",1331],"trw":["pas",147],"lp":["sap","sapa","spa","aps","apas","asp","aspa","apsa"],"rp":["pas","pass","pasa","psa","paps"]},"132":{"input":[3,8],"base":"'","baseshift":"\"","tlp":["ep",23212],"trp":["pe",28344],"tlw":["epp",420],"trw":["'",39],"lp":["ep","epe","epp","eppe","eep","e'"],"rp":["pe","ppe","pee"],"special":"punc"},"133":{"input":[1,3,8],"tlp":["ape",1036],"trp":["pea",574],"tlw":["a'",897],"lp":["ape","a'","xp","exp","appe","xpe","expe","eap","epa"],"rp":["pea","ppea","pape"]},"134":{"input":[2,3,8],"tlp":["epes",1628],"trp":["ped",6768],"trw":["'s",163],"lp":["epes","eps","spe","esp","sep","sepp","epse","espe","desp","s'","s's","epd","dep"],"rp":["ped","pes","'s","pess","pse","pese","pd"]},"135":{"input":[1,2,3,8],"tlp":["dap",867],"trp":["pad",901],"tlw":["apad",98],"trw":["passed",66],"lp":["dap","dape","apes","apad","esap","weap","spea","as'","as's","aped"],"rp":["pad","peda","peas"]},"136":{"input":[4,8],"tlp":["tp",115],"trp":["pt",1949],"lp":["tp","ttp"],"rp":["pt"],"special":"bksp","base":"tp"},"137":{"input":[1,4,8],"tlp":["apt",1138],"trp":["pta",935],"tlw":["apat",58],"trw":["papat",43],"lp":["apt","apta","apat","tap","tapa","apf"],"rp":["pta","pat","pf","pata"]},"138":{"input":[2,4,8],"trp":["pc",781],"lp":[],"rp":["pc","pcs"]},"139":{"input":[1,2,4,8],"tlp":["apc",704],"trp":["past",91],"tlw":["csapat",159],"trw":["past",91],"lp":["apc","apcs","csap","cap","sapt","capt","scap","spac"],"rp":["past","pcsa","pac"]},"140":{"input":[3,4,8],"tlp":["epet",1843],"trp":["pr",5345],"trw":["peter",932],"lp":["epet","rep","rp","erep","ept","repe","tep","epte","epr","epre"],"rp":["pr","per","pet","pete","pre","pett","pte","pere","ppet","ppr"]},"141":{"input":[1,3,4,8],"tlp":["apr",954],"trp":["par",5757],"tlw":["expert",89],"trw":["par",1156],"lp":["apr","arp","rpa","arpa","apra","rap","xper","appr","aper","apte","erap"],"rp":["par","part","para","pera","pra","pfe","pear","perf","pate"]},"142":{"input":[2,3,4,8],"tlp":["step",391],"trp":["pest",1888],"tlw":["csepp",134],"trw":["pest",218],"lp":["step","spec","csep","resp","cep","cept","epc","epcs","r's","er's","rdep","spr"],"rp":["pest","pers","perc","pres","pec","pecs","pect","pted"]},"143":{"input":[1,2,3,4,8],"tlw":["arpad",569],"trw":["peace",107],"lp":[],"rp":[]},"144":{"input":[5,8],"base":"m","baseshift":"M","trp":["mm",5907],"trw":["m",703],"lp":[],"rp":["mm","mp","pn","nm","mn","pm","np","nnm"]},"145":{"input":[1,5,8],"tlp":["am",53502],"trp":["ma",92967],"tlw":["am",1222],"trw":["ma",3061],"lp":["am","ama","apam","amp","apn","amn","amna"],"rp":["ma","nap","man","pan","nam","mma","pam","mpa","napp","mam","nnap","mna","nma"]},"146":{"input":[2,5,8],"tlp":["sm",4467],"trp":["pj",2668],"lp":["sm"],"rp":["pj","ms","mj","mps"]},"147":{"input":[1,2,5,8],"tlp":["apj",2668],"trp":["mas",14915],"tlw":["apja",679],"trw":["mas",3210],"lp":["apj","apja","sam","snap","sma","amas","span"],"rp":["mas","maj","pja","masn","pjan","napj","mass","jam","paj","mpas","mans","maja","masa"]},"148":{"input":[3,5,8],"tlp":["em",127947],"trp":["me",140514],"tlw":["eppen",1670],"trw":["nem",50476],"lp":["em","eme","emm","epen","emen","emp","enem"],"rp":["me","nem","men","pen","menn","nep","ym","neme","ppen","meny","my","nepe","mem"]},"149":{"input":[1,3,5,8],"tlp":["ame",9265],"trp":["yma",2568],"tlw":["anyam",835],"trw":["many",675],"lp":["ame","anem","amen","ema","xam","exam","xamp","eman","eam"],"rp":["yma","many","yam","nyam","name","may","yama","mea","mean","nema","pean"]},"150":{"input":[2,3,5,8],"tlp":["sem",13924],"trp":["mes",7145],"tlw":["sem",8470],"trw":["nemes",571],"lp":["sem","sme","semm","emes","dem","ems","dnem","esem","deme","ejem","dm","edm"],"rp":["mes","mess","menj","med","mese","mse","jem","nems"]},"151":{"input":[1,2,3,5,8],"tlw":["adam",721],"trw":["majd",4082],"lp":[],"rp":[]},"152":{"input":[4,5,8],"tlp":["bp",213],"trp":["mb",15442],"tlw":["bp",213],"lp":["bp","tm"],"rp":["mb","mt","pb","mpt"]},"153":{"input":[1,4,5,8],"tlp":["tam",7013],"trp":["mat",4622],"tlw":["babam",244],"trw":["mta",69],"lp":["tam","amb","ttam","amat","tama","bam","amba","abam","fam"],"rp":["mat","mba","mban","mab","maba","pant","matt","mta","ptam","mbat","mant"],"special":"numsym"},"154":{"input":[2,4,5,8],"tlp":["csm",290],"trp":["mc",1065],"tlw":["cm",129],"lp":["csm","cm"],"rp":["mc","mcs","mts"]},"155":{"input":[1,2,4,5,8],"tlw":["tamas",235],"trw":["mast",389],"lp":[],"rp":[]},"156":{"input":[3,4,5,8],"tlp":["emb",12508],"trp":["mer",17137],"tlw":["ember",5090],"trw":["mert",10572],"lp":["emb","embe","rm","tem","erm","rme","erme","emet","rem","term","ttem","erem"],"rp":["mer","mbe","mert","mber","ment","met","yerm","mere"]},"157":{"input":[1,3,4,5,8],"tlw":["ram",766],"trw":["mar",14439],"lp":[],"rp":[]},"158":{"input":[2,3,4,5,8],"tlw":["erdemes",264],"trw":["mester",269],"lp":[],"rp":[]},"159":{"input":[1,2,3,4,5,8],"tlw":["tamadt",304],"trw":["matyas",1445],"lp":[],"rp":[]},"160":{"input":[6,8],"base":"!","baseshift":"|","trp":["pi",6058],"lp":[],"rp":["pi","ip","pip"],"special":"punc"},"161":{"input":[1,6,8],"tlp":["api",1249],"trp":["pai",741],"tlw":["apai",47],"trw":["papi",72],"lp":["api","zp","apai","zap"],"rp":["pai","ipa","pz","pia","papi","pipa"]},"162":{"input":[2,6,8],"tlp":["spi",214],"trp":["pis",406],"tlw":["sip",39],"lp":["spi","sip"],"rp":["pis","isp","pk"]},"163":{"input":[1,2,6,8],"tlp":["szp",99],"trp":["kap",3878],"trw":["kap",330],"lp":["szp","apsz","szap"],"rp":["kap","pasz","psz","kapi","ispa","pszi","pisz","pak","paks","kaps","psza"]},"164":{"input":[3,6,8],"tlp":["epi",405],"trp":["pie",218],"lp":["epi","epie"],"rp":["pie"]},"165":{"input":[1,3,6,8],"tlp":["zep",7772],"trp":["pze",497],"lp":["zep","zepe","epz","epze","z'","zepi","epez"],"rp":["pze","iz'","pez","pezi"]},"166":{"input":[2,3,6,8],"tlp":["epek",443],"trp":["pedi",6445],"trw":["kepes",493],"lp":["epek","skep","epk","espi"],"rp":["pedi","kep","kepe","kepp","pek","ikep","keep","pies","pied"]},"167":{"input":[1,2,3,6,8],"tlw":["szep",5043],"trw":["kepzes",85],"lp":[],"rp":[]},"168":{"input":[4,6,8],"tlp":["tip",62],"trp":["pit",714],"lp":["tip"],"rp":["pit","pv","pvi","pti"]},"169":{"input":[1,4,6,8],"tlp":["apit",393],"trp":["pita",305],"trw":["pava",90],"lp":["apit","apv"],"rp":["pita","ipat","pati","pav","pava","pitz","pva"]},"170":{"input":[2,4,6,8],"tlp":["cip",416],"trp":["pist",271],"lp":["cip","spit"],"rp":["pist","pic","icip","pvis","pict","pics"]},"171":{"input":[1,2,4,6,8],"tlw":["csaptak",83],"trw":["kapta",303],"lp":[],"rp":[]},"172":{"input":[3,4,6,8],"tlp":["epit",176],"trp":["pri",1125],"tlw":["epitett",92],"lp":["epit","rip","epv","epvi","epve","epir"],"rp":["pri","pir","pve","pite","pvet","piri","peri","prev","petv","pire"]},"173":{"input":[1,3,4,6,8],"trw":["ipari",85],"lp":[],"rp":[]},"174":{"input":[2,3,4,6,8],"tlw":["despite",105],"trw":["kepet",297],"lp":[],"rp":[]},"175":{"input":[1,2,3,4,6,8],"tlw":["szerepet",241],"trw":["persze",601],"lp":[],"rp":[]},"176":{"input":[5,6,8],"trp":["mi",105379],"trw":["mi",6559],"lp":[],"rp":["mi","min","im","mmi","him","mih","imp","ph","pin","hm","imm","mini","pni","mpi","mh","phi","pih","inp","pini","nim"]},"177":{"input":[1,5,6,8],"tlp":["ami",13718],"trp":["mz",2071],"tlw":["ami",1585],"trw":["mai",619],"lp":["ami","zam","amin","zama","zm","zzam","zma"],"rp":["mz","mia","mai","iam","ham","hama","maz","napi","ima","izm","miha","izma","miai"]},"178":{"input":[2,5,6,8],"tlp":["sim",317],"trp":["mik",10073],"trw":["mik",271],"lp":["sim","smi","smin","simp","simi","ship"],"rp":["mik","ism","mis","kim","mink","km","mk","ims","hims","miss","misk","mikn","mmik"]},"179":{"input":[1,2,5,6,8],"tlw":["szama",327],"trw":["masik",2051],"lp":[],"rp":[]},"180":{"input":[3,5,6,8],"tlp":["emmi",3676],"trp":["mie",2185],"tlw":["enyim",109],"trw":["menni",726],"lp":["emmi","emi","emei","eph","ephe","empi"],"rp":["mie","ime","hem","mine","nemi","imen","mei","meh","phe","phen","mehe","mihe","yim","nepi"]},"181":{"input":[1,3,5,6,8],"tlw":["amennyi",66],"trw":["hanem",4711],"lp":[],"rp":[]},"182":{"input":[2,3,5,6,8],"tlw":["semmi",1966],"trw":["minden",7752],"lp":[],"rp":[]},"183":{"input":[1,2,3,5,6,8],"tlw":["szepen",924],"trw":["messze",712],"lp":[],"rp":[]},"184":{"input":[4,5,6,8],"tlp":["tim",1125],"trp":["mint",20757],"trw":["mint",15155],"lp":["tim"],"rp":["mint","mit","miv","mmit","mib","http","mitt","ptim","mmiv","imb","mitv","mmib","nmit","pith"]},"185":{"input":[1,4,5,6,8],"tlw":["amit",1691],"trw":["mintha",2774],"lp":[],"rp":[]},"186":{"input":[2,4,5,6,8],"tlw":["cim",39],"lp":[],"rp":[]},"187":{"input":[1,2,4,5,6,8],"tlw":["szamat",111],"trw":["masikat",211],"lp":[],"rp":[]},"188":{"input":[3,4,5,6,8],"tlw":["them",1440],"trw":["miert",1425],"lp":[],"rp":[]},"189":{"input":[1,3,4,5,6,8],"tlw":["ereztem",268],"trw":["nemzeti",722],"lp":[],"rp":[]},"190":{"input":[2,3,4,5,6,8],"tlw":["semmit",1211],"trw":["mindent",1246],"lp":[],"rp":[]},"191":{"input":[1,2,3,4,5,6,8],"tlw":["szamara",1197],"trw":["mindjart",1584],"lp":[],"rp":[]},"192":{"input":[7,8],"base":";","baseshift":":","trp":["po",11623],"trw":["op",133],"lp":[],"rp":["po","op","opo","opp","oop","ppo","oppo","pop"],"special":"punc"},"193":{"input":[1,7,8],"tlp":["apo",4028],"trp":["opa",952],"lp":["apo","appo"],"rp":["opa","oppa","papo","opap"]},"194":{"input":[2,7,8],"tlp":["spo",489],"trp":["pos",929],"lp":["spo","sop","sopo","sopp"],"rp":["pos","ops","pso","oops","poss","ppos"]},"195":{"input":[1,2,7,8],"tlp":["apos",470],"trp":["pow",266],"lp":["apos","sapo","apso"],"rp":["pow","posa","opas"]},"196":{"input":[3,7,8],"tlp":["eop",677],"trp":["ope",1301],"trw":["pope",55],"lp":["eop","epo","ep-","ep-e","eopo"],"rp":["ope","peo","peop","-op","o-op","-ope","oope","-p","o-p","poe","p-","p-e","pope","oppe"]},"197":{"input":[1,3,7,8],"tlp":["eapo",51],"trp":["opea",193],"lp":["eapo"],"rp":["opea"]},"198":{"input":[2,3,7,8],"tlp":["dop",118],"trp":["pose",49],"lp":["dop","epso","espo","epos"],"rp":["pose","oped","osep"]},"199":{"input":[1,2,3,7,8],"lp":[],"rp":[]},"200":{"input":[4,7,8],"tlp":["gp",235],"trp":["pot",2175],"lp":["gp","top"],"rp":["pot","pott","pog","opt","opot","pto","poto"]},"201":{"input":[1,4,7,8],"tlp":["apot",1897],"trp":["poga",242],"tlw":["fopap",36],"trw":["papot",116],"lp":["apot","apto","gpa","fop","fopa"],"rp":["poga","pag","pota","pato","paga","opf","pfo","opta"]},"202":{"input":[2,4,7,8],"tlp":["csop",415],"trp":["pcso",700],"tlw":["csopp",40],"lp":["csop","coop"],"rp":["pcso","post"]},"203":{"input":[1,2,4,7,8],"tlw":["csapott",121],"trw":["papsag",47],"lp":[],"rp":[]},"204":{"input":[3,4,7,8],"tlp":["rop",1475],"trp":["pro",2619],"tlw":["gep",120],"trw":["por",106],"lp":["rop","rope","ropp","gep","egp","g'","roop","ro-p","gepe","gpe"],"rp":["pro","por","port","oper","opor","prog","pero","prot","ppor","ppro"]},"205":{"input":[1,3,4,7,8],"tlw":["apro",445],"trw":["poeta",81],"lp":[],"rp":[]},"206":{"input":[2,3,4,7,8],"tlw":["troops",160],"trw":["process",152],"lp":[],"rp":[]},"207":{"input":[1,2,3,4,7,8],"tlw":["gaspar",102],"trw":["power",166],"lp":[],"rp":[]},"208":{"input":[5,7,8],"trp":["mo",35377],"trw":["up",463],"lp":[],"rp":["mo","om","mon","mu","mun","pu","up","omo","pon","nom","omm","oup","um","mpo","omp","onom","mpon","num","pom","upo"]},"209":{"input":[1,5,7,8],"tlp":["amo",1826],"trp":["oma",2710],"trw":["napon",471],"lp":["amo","amu","apon","apu","amon","anom","apun"],"rp":["oma","napo","oman","upa","upan","onap","omma","ompa","uma","uman","omam","onma","mano"]},"210":{"input":[2,5,7,8],"tlp":["sup",1243],"trp":["mos",10693],"tlw":["sum",38],"trw":["mos",122],"lp":["sup","som","somo","spon","supp"],"rp":["mos","pus","moso","oms","mus","ups","oups","usp","mso","pusp","uspo","pons","omj","osm","pson"]},"211":{"input":[1,2,5,7,8],"tlw":["samu",63],"trw":["pompas",221],"lp":[],"rp":[]},"212":{"input":[3,5,7,8],"tlp":["epu",963],"trp":["yom",2209],"trw":["unnep",70],"lp":["epu","empo","emu","emo","emon"],"rp":["yom","ome","nyom","yomo","-m","omme","opme","ompe","mue","ymu","onym","nymu","memo","omen","ume"]},"213":{"input":[1,3,5,7,8],"trw":["nyoman",158],"lp":[],"rp":[]},"214":{"input":[2,3,5,7,8],"tlw":["some",472],"trw":["modon",602],"lp":[],"rp":[]},"215":{"input":[1,2,3,5,7,8],"tlw":["adom",249],"trw":["mondja",3298],"lp":[],"rp":[]},"216":{"input":[4,5,7,8],"tlp":["tom",2250],"trp":["mut",1499],"tlw":["gomb",66],"trw":["mogott",467],"lp":["tom","gm","gom","gmo","gmon","bom"],"rp":["mut","pont","omb","mog","mbo","mogo","mong","mot","pub","put","mbom","ogom","umb","numb"]},"217":{"input":[1,4,5,7,8],"tlw":["among",360],"trw":["maga",4082],"lp":[],"rp":[]},"218":{"input":[2,4,5,7,8],"tlw":["common",147],"trw":["most",8125],"lp":[],"rp":[]},"219":{"input":[1,2,4,5,7,8],"tlw":["csupan",725],"trw":["magas",697],"lp":[],"rp":[]},"220":{"input":[3,4,5,7,8],"tlw":["engem",1555],"trw":["meg",36148],"lp":[],"rp":[]},"221":{"input":[1,3,4,5,7,8],"tlw":["from",2513],"trw":["magyar",4376],"lp":[],"rp":[]},"222":{"input":[2,3,4,5,7,8],"tlw":["tudom",1658],"trw":["mondott",476],"lp":[],"rp":[]},"223":{"input":[1,2,3,4,5,7,8],"tlw":["egymast",707],"trw":["mondta",2475],"lp":[],"rp":[]},"224":{"input":[6,7,8],"trp":["pl",3315],"trw":["pl",264],"lp":[],"rp":["pl","pil","pill","pol","plo","poli","opl","lop","lp","opi","poi","ipo","ipl","lip","ilip","lopo","pipo","lipo","lpi","opol"]},"225":{"input":[1,6,7,8],"tlp":["alap",1705],"trp":["lap",2645],"tlw":["alap",49],"trw":["pal",363],"lp":["alap","zpo","alp","zapo","apol"],"rp":["lap","pal","palo","lapo","pla","opai","ppal","llap","pala","ozp","ozpo","poz","pozi","lapi","pali"]},"226":{"input":[2,6,7,8],"tlp":["spok",377],"trp":["pok",1363],"trw":["pokol",157],"lp":["spok","sipo"],"rp":["pok","poko","kop","kopo","pko","posi","lisp","ipok","pkol","plok","oisp"]},"227":{"input":[1,2,6,7,8],"tlw":["alapos",56],"trw":["papok",148],"lp":[],"rp":[]},"228":{"input":[3,6,7,8],"tlp":["eopl",632],"trp":["lep",2067],"trw":["people",540],"lp":["eopl","elep","elop","elp","epel","epl","eplo"],"rp":["lep","ple","pel","lepe","ople","iple","-pi","o-pi","pole","lepo","ppel","ilep","leop"]},"229":{"input":[1,3,6,7,8],"lp":[],"rp":[]},"230":{"input":[2,3,6,7,8],"tlw":["spoke",44],"trw":["peoples",92],"lp":[],"rp":[]},"231":{"input":[1,2,3,6,7,8],"tlw":["eposz",50],"trw":["kozepso",112],"lp":[],"rp":[]},"232":{"input":[4,6,7,8],"tlp":["topi",149],"trp":["pig",452],"trw":["lopott",92],"lp":["topi","gpi","gpil"],"rp":["pig","polg","ipot","ptol","opti","lpig","pito","lopt","opv","lopv"]},"233":{"input":[1,4,6,7,8],"tlw":["allapot",76],"trw":["palota",179],"lp":[],"rp":[]},"234":{"input":[2,4,6,7,8],"tlw":["topic",99],"trw":["kopott",78],"lp":[],"rp":[]},"235":{"input":[1,2,4,6,7,8],"tlw":["csapatok",70],"trw":["kapott",697],"lp":[],"rp":[]},"236":{"input":[3,4,6,7,8],"trw":["lepett",361],"lp":[],"rp":[]},"237":{"input":[1,3,4,6,7,8],"tlw":["alapveto",130],"trw":["polgari",178],"lp":[],"rp":[]},"238":{"input":[2,3,4,6,7,8],"tlw":["csoportok",138],"trw":["pedig",6327],"lp":[],"rp":[]},"239":{"input":[1,2,3,4,6,7,8],"tlw":["co-operative",438],"trw":["pasztor",331],"lp":[],"rp":[]},"240":{"input":[5,6,7,8],"trp":["lm",13260],"trw":["mino",264],"lp":[],"rp":["lm","lom","mil","mul","lmi","ml","lmo","mpl","mol","pul","hom","miu","mplo","plom","omol","mli","lmu","hop","lmon","oml"],"special":"enter"},"241":{"input":[1,5,6,7,8],"tlw":["alom",310],"trw":["hozzam",615],"lp":[],"rp":[]},"242":{"input":[2,5,6,7,8],"tlw":["simon",66],"trw":["miklos",345],"lp":[],"rp":[]},"243":{"input":[1,2,5,6,7,8],"tlw":["alapjan",546],"trw":["munka",592],"lp":[],"rp":[]},"244":{"input":[3,5,6,7,8],"tlw":["elem",115],"trw":["mely",4580],"lp":[],"rp":[]},"245":{"input":[1,3,5,6,7,8],"tlw":["amely",1640],"trw":["mihaly",309],"lp":[],"rp":[]},"246":{"input":[2,3,5,6,7,8],"tlw":["selyem",203],"trw":["midon",1554],"lp":[],"rp":[]},"247":{"input":[1,2,3,5,6,7,8],"tlw":["amelyek",644],"trw":["masodik",891],"lp":[],"rp":[]},"248":{"input":[4,5,6,7,8],"trw":["mig",2990],"lp":[],"rp":[]},"249":{"input":[1,4,5,6,7,8],"tlw":["valami",3022],"trw":["lattam",817],"lp":[],"rp":[]},"250":{"input":[2,4,5,6,7,8],"tlw":["cimu",318],"trw":["much",250],"lp":[],"rp":[]},"251":{"input":[1,2,4,5,6,7,8],"trw":["maganak",843],"lp":[],"rp":[]},"252":{"input":[3,4,5,6,7,8],"tlw":["velem",847],"trw":["mellett",2095],"lp":[],"rp":[]},"253":{"input":[1,3,4,5,6,7,8],"tlw":["amelyet",615],"trw":["harom",3127],"lp":[],"rp":[]},"254":{"input":[2,3,4,5,6,7,8],"tlw":["gyermek",947],"trw":["mikor",6075],"lp":[],"rp":[]},"255":{"input":[1,2,3,4,5,6,7,8],"tlw":["amikor",2030],"trw":["magyarok",775],"lp":[],"rp":[]}}