{"0":{"value":0,"notes":["Developer : Zack Dennis (zack@asetniop.com)","Date : 12/12/2014","All code (c) 2014 Pointesa, LLC all rights reserved","Abbreviations :    ","tlp = top left partial","lp = left partials","trp = top right partial","rp = right partials","tlw = top left word","lw = left words","trw = top right word","rw = right words"]},"1":{"input":[1],"base":"a","baseshift":"A","tlp":["aa",76],"tlw":["a",134646],"lp":["aa"],"rp":[]},"2":{"input":[2],"base":"s","baseshift":"S","tlp":["ss",181781],"tlw":["s",689],"lp":["ss"],"rp":[]},"3":{"input":[1,2],"base":"w","baseshift":"W","tlp":["sa",147177],"tlw":["sa",4372],"lp":["sa","as","ssa","ass","assa","asa","sas","wa","sass","ssas","aw","saw","was","awa","ws"],"rp":[]},"4":{"input":[3],"base":"e","baseshift":"E","tlp":["ee",2590],"tlw":["e",285768],"lp":["ee"],"rp":[]},"5":{"input":[1,3],"base":"x","baseshift":"X","tlp":["ea",16928],"tlw":["ex",571],"lp":["ea","ae","ex","ax","xe"],"rp":[]},"6":{"input":[2,3],"base":"d","baseshift":"D","tlp":["de",299367],"tlw":["se",42825],"lp":["de","se","es","ess","sse","ed","esse","ede","ese","des","dd","sed","edd","dess","sede","edes","ses","sess","dde","dee"],"rp":[]},"7":{"input":[1,2,3],"tlp":["da",161213],"tlw":["da",50742],"lp":["da","ad","essa","esa","ade","ada","asse","ase","aes","add","dea","ades","eda","we","aese","seda","ew","sea","adde","aesa"],"rp":[]},"8":{"input":[4],"base":"t","baseshift":"T","tlp":["tt",206553],"tlw":["t",2430],"lp":["tt"],"rp":[]},"9":{"input":[1,4],"base":"f","baseshift":"F","tlp":["ta",338700],"tlw":["fa",5357],"lp":["ta","at","fa","att","tta","tat","ata","ff","fat","fatt","af","atta","tata","aff","ffa","affa","ttat","ffat","tatt","taf"],"rp":[]},"10":{"input":[2,4],"base":"c","baseshift":"C","tlp":["st",249453],"tlw":["c",1986],"lp":["st","sc","cc","ts","ct","tc"],"rp":[]},"11":{"input":[1,2,4],"tlp":["ca",149612],"tlw":["casa",7589],"lp":["ca","sta","ac","acc","stat","cas","asc","fac","cat","cca","ast","sat","sca","casa","facc","sf","acca","asta","tas","ssat"],"rp":[]},"12":{"input":[3,4],"base":"r","baseshift":"R","tlp":["er",504768],"tlw":["te",8282],"lp":["er","re","te","tr","et","rt","ere","ett","ter","rr","tre","tte","rte","ert","err","ret","ette","rre","etr","tere"],"rp":[]},"13":{"input":[1,3,4],"tlp":["ra",368409],"tlw":["era",57211],"lp":["ra","ar","era","are","tra","fe","rat","art","rta","fr","tar","far","ara","eta","etta","fer","tare","arte","ratt","fra"],"rp":[]},"14":{"input":[2,3,4],"tlp":["ce",118940],"tlw":["essere",13580],"lp":["ce","est","ec","rs","str","rc","res","ser","rd","ste","ers","tes","erc","cr","der","cer","sser","tess","dere","ece"],"rp":[]},"15":{"input":[1,2,3,4],"tlp":["sar",25172],"tlw":["testa",5675],"lp":["sar","esta","stra","ard","car","sare","ace","rad","dar","dat","rda","rac","adr","racc","rca","ars","dare","ssar","face","erca"],"rp":[]},"16":{"input":[5],"base":"n","baseshift":"N","trp":["nn",46289],"trw":["n",1203],"lp":[],"rp":["nn"]},"17":{"input":[1,5],"base":"q","baseshift":"Q","tlp":["an",351085],"trp":["na",191784],"tlw":["an",861],"trw":["na",3153],"lp":["an","ann","ana","anna","anq","anan"],"rp":["na","nq","nna","nan","nnan"]},"18":{"input":[2,5],"base":"j","baseshift":"J","trp":["ns",40629],"trw":["j",428],"lp":[],"rp":["ns","nj","jn"]},"19":{"input":[1,2,5],"tlp":["san",10754],"trp":["nsa",10125],"tlw":["san",820],"lp":["san","ssan","sann","ans","sq","wn","asq","aj","sana","anj","anja","aja"],"rp":["nsa","nas","ja","nsan","nja","nasa","nsas","nass"]},"20":{"input":[3,5],"base":"y","baseshift":"Y","tlp":["en",325999],"trp":["ne",240032],"tlw":["en",427],"trw":["ne",18897],"lp":["en","ene","enn","enne","ey","enen","eyn","een","enny","eyne"],"rp":["ne","nne","ny","yn","nny","nen","yne","ye","nyn","nee"]},"21":{"input":[1,3,5],"tlp":["ena",10474],"trp":["nea",2742],"tlw":["aye",382],"lp":["ena","ane","ay","ean","ayn","ayne","enna","eq","anne","anea","aye","aen","eann"],"rp":["nea","nean","yna","nae","nyna","ynae","ya"]},"22":{"input":[2,3,5],"tlp":["sen",39413],"trp":["nd",129982],"tlw":["sen",952],"trw":["nes",163],"lp":["sen","end","ens","den","ende","sens","esen","eden","dend","ssen","dy"],"rp":["nd","nde","nes","ness","nse","nden","je","nsen","nese"]},"23":{"input":[1,2,3,5],"tlp":["and",60721],"trp":["nda",24205],"tlw":["and",382],"trw":["new",833],"lp":["and","anda","ensa","ande","dan","enda","sand","dand","dann","wen","esan","wene","dena","sean","anes","andy"],"rp":["nda","ndan","new","nand"]},"24":{"input":[4,5],"base":"b","baseshift":"B","tlp":["bb",46376],"trp":["nt",291380],"tlw":["b",526],"lp":["bb","tn"],"rp":["nt"]},"25":{"input":[1,4,5],"tlp":["ant",64341],"trp":["nta",37477],"tlw":["tanta",636],"trw":["nata",204],"lp":["ant","tan","ba","ab","tant","abb","ban","anta","fan","bba","bat","abba","batt"],"rp":["nta","nat","nf","ntan","ntat","nata","nfa"]},"26":{"input":[2,4,5],"tlp":["sb",2201],"trp":["nc",80441],"lp":["sb","cn","tsb"],"rp":["nc","nst","nsc"]},"27":{"input":[1,2,4,5],"tlp":["anc",55675],"trp":["nca",4603],"tlw":["basta",1053],"lp":["anc","can","stan","bas","cant","bast","anca","cq","acq","sant","bbas","bass","ccan","sab","sba","banc"],"rp":["nca","nasc","jac","ntas"]},"28":{"input":[3,4,5],"tlp":["ent",152199],"trp":["nte",100114],"tlw":["bene",6300],"trw":["nere",364],"lp":["ent","ente","be","rn","eb","br","ebb","ten","bbe","ebbe","reb","rebb","entr","ren","ber","ben","ener"],"rp":["nte","ntr","ner"]},"29":{"input":[1,3,4,5],"tlp":["ran",45980],"trp":["nar",8583],"tlw":["entrare",873],"trw":["nera",1031],"lp":["ran","eran","ante","bra","enta","areb","rna","tran","bar","rtan","rant","fran","abbr","erna"],"rp":["nar","ntra","nare","nera","ntar","nfe"]},"30":{"input":[2,3,4,5],"tlp":["sent",16908],"trp":["nce",6484],"tlw":["sebbene",761],"lp":["sent","cen","dent","rend","cent","cend","tend","scen","sten","deb","ecen","cenn","ccen"],"rp":["nce","nder","nec","nece","nest","nces","ncer"]},"31":{"input":[1,2,3,4,5],"tlw":["sarebbe",7398],"lp":[],"rp":[]},"32":{"input":[6],"base":"i","baseshift":"I","trp":["ii",3469],"trw":["i",56666],"lp":[],"rp":["ii","iii"]},"33":{"input":[1,6],"base":"z","baseshift":"Z","tlp":["zi",77724],"trp":["ia",200353],"tlw":["ai",8188],"lp":["zi","za","ai","az","zz","azi","zza","azz","zia","zzi","azza","azzi","aia","azia"],"rp":["ia","iz","izi","izia","izz","iaz"]},"34":{"input":[2,6],"base":"k","baseshift":"K","tlp":["si",267038],"trp":["is",117042],"tlw":["si",95698],"trw":["k",250],"lp":["si","ssi","sis","sk","siss","ssis","sii","sisi","ski"],"rp":["is","iss","isi","issi","ki","ik","isk","ks","kik"]},"35":{"input":[1,2,6],"tlp":["sia",18324],"trp":["issa",4411],"tlw":["sia",7163],"trw":["ka",126],"lp":["sia","asi","assi","sai","ak","siz","sizi","ssia","saz","sazi","sias","ssai","aki","wi","asia"],"rp":["issa","isa","ias","iasi","ka"]},"36":{"input":[3,6],"base":",","baseshift":"<","tlp":["ei",64002],"trp":["ie",107111],"lp":["ei"],"rp":["ie","iei"],"special":"punc"},"37":{"input":[1,3,6],"tlp":["ez",20251],"trp":["ize",737],"tlw":["zie",189],"trw":["ix",82],"lp":["ez","ezz","ezza","ze","ezi","zie","azie","zze","ezzi","azze","xi","eaz","eazi","aie","ezze","eez","eze"],"rp":["ize","ix","izie"]},"38":{"input":[2,3,6],"tlp":["di",428636],"trp":["id",39251],"tlw":["di",272620],"trw":["idee",923],"lp":["di","dis","dei","esi","edi","diss","essi","die","sie","sid","side","sei","ddi"],"rp":["id","ide","isse","ied","ise","ies","idi"]},"39":{"input":[1,2,3,6],"tlp":["dia",9487],"trp":["ida",5456],"tlw":["dai",4684],"trw":["idea",948],"lp":["dia","dai","adi","diz","dizi","edia","esia","addi","ake","edai","adiz","aid","disa","aesi","aida","ediz"],"rp":["ida","idea","iesa","idia"]},"40":{"input":[4,6],"base":"v","baseshift":"V","tlp":["ti",201674],"trp":["it",120823],"tlw":["ti",13315],"trw":["ivi",381],"lp":["ti","vi","tti","vit","tiv","vv","tit","viv","vvi","ttiv","tivi","vitt"],"rp":["it","iv","itt","iti","ivi","itti","ivit","itiv"]},"41":{"input":[1,4,6],"tlp":["va",190389],"trp":["ita",47351],"tlw":["vita",7521],"lp":["va","av","fi","ava","tav","ati","tava","via","atti","vita","avi","avv","ffi","vat"],"rp":["ita","iva","if","iat","ifi","itta"]},"42":{"input":[2,4,6],"tlp":["ci",164338],"trp":["ic",121416],"tlw":["ci",18525],"lp":["ci","sci","sti","tic","vis","cci","cit","sic","vist","sit","sist","vic","cis","vici"],"rp":["ic","ist","ici","icc","isc","isti"]},"43":{"input":[1,2,4,6],"tlp":["cia",31011],"trp":["ica",28164],"tlw":["stava",5638],"lp":["cia","fic","acci","stav","asci","ccia","tica","fici","scia","cav","ffic","cita","aci","cava","ciat","fica"],"rp":["ica","ista","iac","ific"]},"44":{"input":[3,4,6],"tlp":["ri",271321],"trp":["ir",53396],"tlw":["ri",3645],"trw":["ieri",513],"lp":["ri","ve","ev","ver","vev","eri","rit","tri","riv","rri","vr","rti","vre","rv","rie"],"rp":["ir","ire","ive","ier","iet"]},"45":{"input":[1,3,4,6],"tlp":["eva",73289],"trp":["iar",12328],"tlw":["aveva",25419],"lp":["eva","ave","veva","avev","ari","ria","rav","avr","aver","avre","arti","raz","riva","teva","rava","rz","razi","aria","var"],"rp":["iar"]},"46":{"input":[2,3,4,6],"tlp":["ris",22044],"trp":["ice",15501],"tlw":["dire",5876],"lp":["ris","ric","vers","dic","dir","dev","rsi","div","esti","cri","eci","cie","ved","dire","vec","cev","rdi","dive","ves"],"rp":["ice"]},"47":{"input":[1,2,3,4,6],"tlw":["avesse",3478],"lp":[],"rp":[]},"48":{"input":[5,6],"base":"h","baseshift":"H","trp":["in",320519],"trw":["in",109997],"lp":[],"rp":["in","ni","hi","ini","nni","hin","hn","inn","hnn","nin","inni","nh","iin","hini"]},"49":{"input":[1,5,6],"tlp":["ani",19586],"trp":["nz",54632],"tlw":["anni",5707],"trw":["ha",18022],"lp":["ani","anz","anza","anni","anzi","ah"],"rp":["nz","nza","ha","ina","ian","hia","nzi","han","hann","hai","nia","niz","naz","nizi"]},"50":{"input":[2,5,6],"tlp":["sin",7946],"trp":["nsi",15035],"tlw":["sin",309],"lp":["sin","sh","sini","ssin","shi","shin","sinn"],"rp":["nsi","nis","ins","inis","insi","niss","his","nsis","hiss","nk","kn","nkn","hisk"]},"51":{"input":[1,2,5,6],"tlp":["sian",1135],"trp":["nsaz",1239],"tlw":["assassini",163],"trw":["hans",173],"lp":["sian","sha","shai","ansi","ash","anis","ank","wh","whi","whis","shak","sina","asha"],"rp":["nsaz","jak","kan","nsai","nsia","hak","hans"]},"52":{"input":[3,5,6],"tlp":["eni",10691],"trp":["he",257312],"tlw":["eh",464],"trw":["nei",6212],"lp":["eni","eh","ein","enni"],"rp":["he","ien","ine","hie","nie","nei","iene","nien","hnny","hien","ieni","hen","iy","hei","nhe","nhei"]},"53":{"input":[1,3,5,6],"tlp":["enz",33789],"trp":["ienz",3732],"tlw":["annie",76],"trw":["haze",116],"lp":["enz","enza","enzi","anie","enze","anze","zien","aine","anei","enez","enia"],"rp":["ienz","nze","iena","inea","hez","hezz","iane","nez","nezz"]},"54":{"input":[2,3,5,6],"tlp":["din",9601],"trp":["ndi",18448],"tlw":["sensi",395],"trw":["jessie",395],"lp":["din","ensi","dine","dini","enis","endi"],"rp":["ndi","ind","indi","nsie","iden","hies","ines","nsid","hied","ndie","inse","hes","hese","iend"]},"55":{"input":[1,2,3,5,6],"tlw":["senza",11519],"trw":["jake",1119],"lp":[],"rp":[]},"56":{"input":[4,5,6],"tlp":["bi",59544],"trp":["nti",54757],"tlw":["bi",1153],"lp":["bi","tin","bbi","bit","vin","th","bin"],"rp":["nti","int","ib","nv","ibi","inv","nit","ntin","niv","init","nvi","ntit","ntiv"]},"57":{"input":[1,4,5,6],"tlp":["van",36986],"trp":["inf",7482],"tlw":["avanti",2333],"trw":["infatti",1929],"lp":["van","fin","anti","avan","bia","abi","tanz","bbia","vant","abbi","fini","bian","tina"],"rp":["inf","ivan","nfi","nif","nita","nav","inat"]},"58":{"input":[2,4,5,6],"tlp":["ch",325862],"trp":["nch",30760],"tlw":["chi",6236],"trw":["nisci",250],"lp":["ch","chi","cch","cchi","cin","sib","sibi","sch","ssib","bis","schi"],"rp":["nch","inc","nci","inci","ich","nic","icin","ntic","nist"]},"59":{"input":[1,2,4,5,6],"tlw":["stanza",2031],"trw":["jack",1501],"lp":[],"rp":[]},"60":{"input":[3,4,5,6],"tlp":["enti",29283],"trp":["inte",12868],"tlw":["viene",2680],"trw":["niente",4357],"lp":["enti","ven","vreb","vent","rin","veni","rni","vien","bri","venn"],"rp":["inte","ient","nve","iven","inve","ibe","iber","nev","ibr","nir"]},"61":{"input":[1,3,4,5,6],"tlw":["avrebbe",7187],"trw":["infine",1261],"lp":[],"rp":[]},"62":{"input":[2,3,4,5,6],"tlw":["che",190983],"trw":["invece",4329],"lp":[],"rp":[]},"63":{"input":[1,2,3,4,5,6],"tlw":["anche",22478],"trw":["neanche",898],"lp":[],"rp":[]},"64":{"input":[7],"base":"o","baseshift":"O","trp":["oo",538],"trw":["o",24888],"lp":[],"rp":["oo"]},"65":{"input":[1,7],"base":"(","baseshift":"[","tlp":["ao",1339],"trp":["oa",935],"lp":["ao"],"rp":["oa"],"special":"punc"},"66":{"input":[2,7],"base":".","baseshift":">","tlp":["so",207940],"trp":["os",147196],"tlw":["so",6170],"trw":["oso",79],"lp":["so","sso","sos"],"rp":["os","oss","osso","oso","oos"],"special":"punc"},"67":{"input":[1,2,7],"tlp":["asso",6821],"trp":["osa",24654],"tlw":["sasso",152],"trw":["ossa",382],"lp":["asso","aso","aos","wo","sao"],"rp":["osa","ossa","ow","ows"]},"68":{"input":[3,7],"base":"-","baseshift":"_","tlp":["eo",5232],"trp":["oe",8136],"trw":["-",14856],"lp":["eo"],"rp":["oe","o-"],"special":"punc"},"69":{"input":[1,3,7],"tlp":["xo",67],"lp":["xo"],"rp":[]},"70":{"input":[2,3,7],"tlp":["do",158471],"trp":["od",22403],"tlw":["do",2723],"trw":["od",70],"lp":["do","esso","eso","edo","dos","doss","ddo","eddo","sod","ddos","sodd","seo"],"rp":["od","osse","odo","ose","ode","oes","odd","odes"]},"71":{"input":[1,2,3,7],"tlp":["ado",4250],"trp":["oda",1104],"tlw":["adesso",3039],"lp":["ado","addo","aseo","ados","dado"],"rp":["oda","oad","owd","owde","osea"]},"72":{"input":[4,7],"base":"g","baseshift":"G","tlp":["to",401592],"trp":["ot",65714],"tlw":["to",7313],"trw":["otto",700],"lp":["to","tto","gg","go","tog","tot","gog","got","gott","gt","gto","ggo"],"rp":["ot","og","ott","otto","ogg","oto","ogo","otog"]},"73":{"input":[1,4,7],"tlp":["ato",73996],"trp":["of",9885],"tlw":["fatto",10159],"trw":["of",731],"lp":["ato","ag","fo","ga","atto","tato","agg","aga","tag","gat","ago","fog","fot","gato","foto"],"rp":["of","ota","off","ofo","otta"]},"74":{"input":[2,4,7],"tlp":["co",390163],"trp":["oc",56253],"tlw":["sotto",6145],"trw":["oc",194],"lp":["co","sto","cos","cco","sco","sog","sot","sott","cost","soc","sg","tos","ttos","tost"],"rp":["oc","ost","occ","osc","osto","oco"]},"75":{"input":[1,2,4,7],"tlp":["cosa",19547],"trp":["osta",6879],"tlw":["cosa",13626],"lp":["cosa","fos","foss","acco","cato","sato","asco","caso","sag","sagg","sof","sfo","aco","asto","soff","ssag","asfo"],"rp":["osta","occa","oca"]},"76":{"input":[3,4,7],"tlp":["ro",227920],"trp":["or",269472],"tlw":["ero",2296],"trw":["ore",1264],"lp":["ro","eg","tro","ero","ge","gr","tor","etto","rto","rg","erto","gge","egg","ttor"],"rp":["or","ore","ort","oro","ote","orr"]},"77":{"input":[1,3,4,7],"tlp":["for",26973],"trp":["ora",39990],"tlw":["forte",2002],"trw":["ora",7824],"lp":["for","gra","aro","rag","rato","ega","raga","rof","gar","fort","fro","arg","ator","ragg","rofo","egat","efo"],"rp":["ora","orta","orat"]},"78":{"input":[2,3,4,7],"tlp":["cor",38804],"trp":["ors",15158],"tlw":["stesso",6792],"lp":["cor","esto","rso","erso","seg","sor","rdo","ros","eco","deg","seco","stro","cord","stor","cors"],"rp":["ors","ostr","ord","orse","oce"]},"79":{"input":[1,2,3,4,7],"tlw":["fosse",8373],"lp":[],"rp":[]},"80":{"input":[5,7],"base":"u","baseshift":"U","trp":["on",433832],"trw":["un",115533],"lp":[],"rp":["on","no","un","non","uo","ono","nu","uno","nno","nuo","onn","uon","nun","uono","nono","nnu","onno","ou","onu","nuno"]},"81":{"input":[1,5,7],"tlp":["qu",190328],"trp":["ua",132700],"tlw":["qua",1585],"trw":["una",79579],"lp":["qu","qua","ano","quan","anno","au","anqu","annu","quo"],"rp":["ua","una","uan","ona","nqu","unq","unqu","onna","nua","uona","uann"]},"82":{"input":[2,5,7],"tlp":["su",132637],"trp":["us",36612],"tlw":["sono",21614],"trw":["uso",357],"lp":["su","son","suo","sono","ssu","sun","ssun","suno","sus","suon","sson"],"rp":["us","nos","ons","nso","onos","uss","jo","uso","uns"]},"83":{"input":[1,2,5,7],"tlp":["sua",24168],"trp":["uas",6999],"tlw":["sua",23065],"trw":["naso",1168],"lp":["sua","quas","sona","aus","ausa","suna","susa","assu","squ","sano","squa","ssua"],"rp":["uas","usa","usan","onsa","naso","ussa","own","jona"]},"84":{"input":[3,5,7],"tlp":["eno",16301],"trp":["ue",125676],"trw":["oy",212],"lp":["eno","enu","eu","enno","eon","eone"],"rp":["ue","one","onne","une","uen","yo","n-","oy","neo","uone","onen","nue","uy","noe"]},"85":{"input":[1,3,5,7],"tlp":["que",97787],"trp":["nque",9338],"tlw":["que",683],"lp":["que","equ","eque","quen","aneo","enua","aone","eau","aneu","anue"],"rp":["nque","yoa","uane"]},"86":{"input":[2,3,5,7],"tlp":["du",34768],"trp":["ndo",56462],"tlw":["due",12347],"trw":["nessuno",3678],"lp":["du","due","don","endo","donn","essu","enso","sue","edu","dun","sone"],"rp":["ndo","ues","ond","ondo","ud","onde","ude","use","onse"]},"87":{"input":[1,2,3,5,7],"tlw":["quando",17079],"trw":["nessuna",1517],"lp":[],"rp":[]},"88":{"input":[4,5,7],"tlp":["tu",92522],"trp":["ut",89032],"tlw":["tutto",14989],"trw":["noto",633],"lp":["tu","tut","gn","tutt","gu","gno","bo"],"rp":["ut","nto","utt","ont","ng","uto","utto","ogn","ob","ub","ngo","not","ung"]},"89":{"input":[1,4,5,7],"tlp":["anto",26642],"trp":["onta",14073],"tlw":["quanto",9498],"trw":["nota",688],"lp":["anto","fu","gua","fon","atu","gna","ang","tua","agn","fuo","bano","aut"],"rp":["onta","uant","uta","utta","nato","natu","onf","uat"]},"90":{"input":[2,4,5,7],"tlp":["con",129147],"trp":["nco",21375],"tlw":["con",65735],"trw":["jung",428],"lp":["con","cu","cont","cun","cono","cons","sogn","scu","stu","cuo","sub","conc"],"rp":["nco","uc","usc","nost","ucc","nosc","ust","onc"]},"91":{"input":[1,2,4,5,7],"tlw":["bocca",2528],"trw":["nascosto",446],"lp":[],"rp":[]},"92":{"input":[3,4,5,7],"tlp":["ento",24735],"trp":["ur",55498],"tlw":["tutte",5259],"trw":["notte",3456],"lp":["ento","rno","ru","tur","ron","gen","torn","gnor","gue","egn"],"rp":["ur","orn","nor","ntro","orno","uro","ontr","ure","onte","uor"]},"93":{"input":[1,3,4,5,7],"tlw":["erano",13650],"trw":["natura",2226],"lp":[],"rp":[]},"94":{"input":[2,3,4,5,7],"tlw":["contro",4167],"trw":["nostro",2381],"lp":[],"rp":[]},"95":{"input":[1,2,3,4,5,7],"tlw":["questo",17502],"trw":["nostra",2563],"lp":[],"rp":[]},"96":{"input":[6,7],"base":"l","baseshift":"L","trp":["ll",292163],"trw":["il",150399],"lp":[],"rp":["ll","io","li","il","ol","lo","llo","olo","oi","lio","lli","oli","ili","oll","ill","ilo","ollo","iol","olli","oio"]},"97":{"input":[1,6,7],"tlp":["al",306120],"trp":["la",389912],"tlw":["al",34419],"trw":["la",169844],"lp":["al","all","zio","alla","azio","ali","zo","allo","zzo","ala","alo","azzo","alz"],"rp":["la","lla","ola","lia","ial","izio","lz"]},"98":{"input":[2,6,7],"tlp":["sol",35720],"trp":["osi",21430],"tlw":["solo",15660],"trw":["los",154],"lp":["sol","solo","sio","ssio","soli","sil","ssol","soll"],"rp":["osi","iso","ossi","ios","ls","lis","isio","ioso","los","ols","lsi","loso"]},"99":{"input":[1,2,6,7],"tlp":["sal",7582],"trp":["las",8686],"tlw":["sola",1804],"trw":["ossia",438],"lp":["sal","sola","als","sali","alsi","alis","zios","sala","asio","wil","wal","salo","will"],"rp":["las","osiz","lass","lsia","iosa","oak","oaki"]},"100":{"input":[3,6,7],"tlp":["el",300307],"trp":["le",283237],"tlw":["el",414],"trw":["le",75413],"lp":["el","ell","elle","ello","elli","ele","eli","elo"],"rp":["le","lle","ile","ole","lei","lie","iel","olle","ielo","ioe","ille","liel"]},"101":{"input":[1,3,6,7],"tlp":["ella",86423],"trp":["iale",6102],"tlw":["alle",8523],"lp":["ella","ale","alle","ela","eal","ezzo","ezio","eale","elai","elaz","eali","aile","alie"],"rp":["iale","lez","lezz","llez","lea","lezi","olez"]},"102":{"input":[2,3,6,7],"tlp":["del",145198],"trp":["ido",5517],"tlw":["del",59660],"trw":["les",352],"lp":["del","dell","dio","dol","sole","sile","dolo","deli","sold"],"rp":["ido","ld","les","odi","oesi","less","old","lid","lse","iod","olse"]},"103":{"input":[1,2,3,6,7],"tlw":["della",49783],"trw":["ideale",372],"lp":[],"rp":[]},"104":{"input":[4,6,7],"tlp":["gi",98127],"trp":["lt",89489],"tlw":["gli",38211],"trw":["oggi",2072],"lp":["gi","gl","gli","vo","gio","vol","ggi","volt","glio","ggio"],"rp":["lt","ov","olt","ig","ito","lto","igl","igli","lit","olto"]},"105":{"input":[1,4,6,7],"tlp":["alt",36637],"trp":["lta",24023],"tlw":["volta",7909],"trw":["lato",1361],"lp":["alt","tal","gia","aggi","agi","avo","glia","agl","agli","gaz","val","fig","agaz"],"rp":["lta","olta","ova","lita","iato","lat","lav"]},"106":{"input":[2,4,6,7],"tlp":["col",38715],"trp":["ico",29735],"tlw":["cosi",14686],"lp":["col","cio","cosi","sig","colo","voc","ccol","tico","soci","cl","coll"],"rp":["ico","lc","lic","oci","lco","isto","icol","lcos","icco"]},"107":{"input":[1,2,4,6,7],"tlw":["cavallo",1015],"trw":["lasciato",1193],"lp":[],"rp":[]},"108":{"input":[3,4,6,7],"tlp":["rio",23501],"trp":["lor",31885],"tlw":["vero",3849],"trw":["loro",17911],"lp":["rio","egl","egli","rl","rov","gior","evo","tori","rol","trov"],"rp":["lor","ltr","ori","ove","ior","loro","let","lett","ltro","leg"]},"109":{"input":[1,3,4,6,7],"tlw":["allora",5910],"trw":["lavoro",2692],"lp":[],"rp":[]},"110":{"input":[2,3,4,6,7],"tlw":["dove",7905],"lp":[],"rp":[]},"111":{"input":[1,2,3,4,6,7],"tlw":["storia",3176],"lp":[],"rp":[]},"112":{"input":[5,6,7],"trp":["iu",69600],"trw":["lui",16197],"lp":[],"rp":["iu","ion","ui","lu","ul","ino","oni","ull","lui","ho","ioni","uoi","lin","uni","lun","hio","inu","lon","noi","iun"]},"113":{"input":[1,5,6,7],"tlp":["zion",44305],"trp":["ual",34744],"tlw":["qui",6480],"trw":["hanno",4870],"lp":["zion","qual","qui","quin","alu"],"rp":["ual","ulla","nal","lan","nzio","uz","uali","iano","uzi","uzio","onal","iona","inua","inqu","nzo"]},"114":{"input":[2,5,6,7],"tlp":["sul",27914],"trp":["ius",9576],"tlw":["sul",12074],"trw":["john",422],"lp":["sul","sull","sion","suoi","sui","sino","solu"],"rp":["ius","usi","onsi","lus","joh","john","isu","hius","uis","nsio","ussi","usio","isul"]},"115":{"input":[1,2,5,6,7],"tlw":["sulla",9250],"trw":["unknown",242],"lp":[],"rp":[]},"116":{"input":[3,5,6,7],"trp":["nel",55639],"tlw":["ellen",168],"trw":["nel",25842],"lp":[],"rp":["nel","ione","uel","uell","nell","len","ulle","uei","ilen","uole","olen","line","ieno","ly","lly","llen","hel","iyo","onie","lien"]},"117":{"input":[1,3,5,6,7],"tlw":["quella",13048],"trw":["nella",18121],"lp":[],"rp":[]},"118":{"input":[2,3,5,6,7],"tlw":["sulle",3574],"trw":["johnny",2025],"lp":[],"rp":[]},"119":{"input":[1,2,3,5,6,7],"tlw":["quindi",2988],"trw":["honda",1391],"lp":[],"rp":[]},"120":{"input":[4,5,6,7],"tlp":["bil",19308],"trp":["ing",11351],"tlw":["tutti",11017],"trw":["ogni",9891],"lp":["bil","gni","vu","giu","gin","bl"],"rp":["ing","utti","ign","ogni","uov","ibil","nuov","ult","igno","lib","onti","itu","iut","lung"]},"121":{"input":[1,4,5,6,7],"tlw":["fino",4978],"trw":["lingua",2263],"lp":[],"rp":[]},"122":{"input":[2,4,5,6,7],"tlw":["cui",15060],"trw":["occhi",7963],"lp":[],"rp":[]},"123":{"input":[1,2,4,5,6,7],"tlw":["qualcosa",5921],"lp":[],"rp":[]},"124":{"input":[3,4,5,6,7],"tlw":["giorno",5009],"trw":["intorno",2138],"lp":[],"rp":[]},"125":{"input":[1,3,4,5,6,7],"tlw":["avevano",4836],"trw":["labbra",1521],"lp":[],"rp":[]},"126":{"input":[2,3,4,5,6,7],"tlw":["vecchio",2836],"trw":["luce",3993],"lp":[],"rp":[]},"127":{"input":[1,2,3,4,5,6,7],"tlw":["qualche",7372],"lp":[],"rp":[]},"128":{"input":[8],"base":"p","baseshift":"P","trp":["pp",38074],"trw":["p",2856],"lp":[],"rp":["pp"]},"129":{"input":[1,8],"base":"?","baseshift":"/","tlp":["ap",53641],"trp":["pa",113853],"tlw":["ap",277],"trw":["pa",1374],"lp":["ap","app","appa","apa"],"rp":["pa","ppa","pap","papa","papp"],"special":"punc"},"130":{"input":[2,8],"base":")","baseshift":"]","tlp":["sp",57528],"trp":["ps",391],"lp":["sp"],"rp":["ps"],"special":"punc"},"131":{"input":[1,2,8],"tlp":["sap",10722],"trp":["pas",13080],"tlw":["spa",392],"trw":["passa",483],"lp":["sap","spa","asp","sapp","aspa","asap","spas"],"rp":["pas","pass","ppas"]},"132":{"input":[3,8],"base":"'","baseshift":"\"","tlp":["ep",9203],"trp":["pe",210895],"tlw":["e'",746],"trw":["'",1162],"lp":["ep","epp","e'","eppe","epe"],"rp":["pe","'e","ppe","'ep","pep","pepe","pee"],"special":"punc"},"133":{"input":[1,3,8],"tlp":["ape",12996],"trp":["'a",34981],"tlw":["a'",123],"trw":["pae",158],"lp":["ape","appe","epa","a'","epap","a'a","eppa"],"rp":["'a","pae","pea","'ap","'ape","pape","'app","'ex"]},"134":{"input":[2,3,8],"tlp":["spe",21318],"trp":["pes",6844],"tlw":["de'",420],"lp":["spe","d'","esp","spes","s'","espe","s'e","sep","sepp","d'e","sped","d'es","de'"],"rp":["pes","'es","pess","'ess","'esp","ped","ppes"]},"135":{"input":[1,2,3,8],"tlp":["sape",7738],"trp":["pad",5524],"tlw":["spada",415],"trw":["paese",1433],"lp":["sape","d'a","aspe","sepa","spad","dap","dapp","s'a","apes","spea","s'as"],"rp":["pad","paes","pesa","'as","'ass","pada","pade","peda","'asp"]},"136":{"input":[4,8],"tlp":["tp",67],"trp":["pt",593],"trw":["pt",593],"lp":["tp"],"rp":["pt"],"special":"bksp","base":"tp"},"137":{"input":[1,4,8],"tlp":["tap",444],"trp":["pat",3422],"tlw":["tappa",74],"trw":["pat",105],"lp":["tap","tapp"],"rp":["pat","pata","patt","ppat"]},"138":{"input":[2,4,8],"lp":[],"rp":[]},"139":{"input":[1,2,4,8],"tlp":["cap",16620],"trp":["pac",3619],"tlw":["cap",137],"trw":["passata",399],"lp":["cap","capa","apac","capp","scap"],"rp":["pac","past","pasc","pacc","paca"]},"140":{"input":[3,4,8],"tlp":["rp",6335],"trp":["pr",145579],"trw":["per",80117],"lp":["rp","t'","rep","rpr","rpre","rpe"],"rp":["pr","per","pre","pet","'er","pett","pert","pere","ppr","ppre","pete","perr","pret","prep"]},"141":{"input":[1,3,4,8],"tlp":["rap",5944],"trp":["par",50789],"tlw":["aperta",930],"trw":["parte",8500],"lp":["rap","aper","rapp","apr","appr","epar","t'a"],"rp":["par","part","'era","pra","pare","pera","'ar","ppar","perf","prat","para","'art","'at"]},"142":{"input":[2,3,4,8],"tlp":["c'",13326],"trp":["pres",21493],"tlw":["c'e",5387],"trw":["prese",1400],"lp":["c'","c'e","spet","c'er","sper","spec","spr","espr","spre","resp","st'"],"rp":["pres","perc","pers","pec","prec","perd","pecc","'est","pesc"]},"143":{"input":[1,2,3,4,8],"tlw":["c'era",5795],"trw":["padre",3195],"lp":[],"rp":[]},"144":{"input":[5,8],"base":"m","baseshift":"M","trp":["mp",63764],"trw":["m",580],"lp":[],"rp":["mp","mm","pn","pm"]},"145":{"input":[1,5,8],"tlp":["am",93470],"trp":["ma",209998],"tlw":["ama",245],"trw":["ma",53590],"lp":["am","ama","amm","amp","amma","ampa","aman","anam"],"rp":["ma","man","mma","mpa","pan","mana","mam","nam","mamm","nap","mpan","pann"]},"146":{"input":[2,5,8],"tlp":["sm",3714],"lp":["sm"],"rp":[]},"147":{"input":[1,2,5,8],"tlp":["sam",2868],"trp":["mas",6926],"tlw":["sam",230],"trw":["massa",628],"lp":["sam","asm","sma","asma","ssam"],"rp":["mas","mass","nsap","jam","mpas","njam","pasq","mmas","nasp","nsam"]},"148":{"input":[3,5,8],"tlp":["em",69499],"trp":["me",205039],"trw":["me",9600],"lp":["em","emp","eme","emen","emm","emme"],"rp":["me","men","pen","n'","mme","nem","ppen","mmen","mpe","nemm","nep","m'","mem","nepp"]},"149":{"input":[1,3,5,8],"tlp":["ame",31411],"trp":["pena",4673],"tlw":["appena",3899],"trw":["'na",1029],"lp":["ame","amen","ema","amme","eam","eame","emma"],"rp":["pena","'an","n'a","mane","'am","mae","'ann","nema","'na","name","pane","neam","mame"]},"150":{"input":[2,3,5,8],"tlp":["sem",25705],"trp":["pens",14000],"tlw":["sem",596],"trw":["mese",638],"lp":["sem","semp","esem","spen","sme","dem","ssem"],"rp":["pens","mes","mess","med","pend","mmed","mens","n'es","mese","mped","mede","mmes","mend"]},"151":{"input":[1,2,3,5,8],"tlw":["damane",190],"trw":["pensa",920],"lp":[],"rp":[]},"152":{"input":[4,5,8],"tlp":["tm",759],"trp":["mb",24935],"lp":["tm"],"rp":["mb"]},"153":{"input":[1,4,5,8],"tlp":["tam",11090],"trp":["mat",11944],"tlw":["fama",205],"trw":["mat",965],"lp":["tam","amb","fam","bam","bamb","ttam","amat","atam","tamp","amba"],"rp":["mat","matt","mant","mba","ntam","mata","mpat","mmat","pant","mbat"],"special":"numsym"},"154":{"input":[2,4,5,8],"lp":[],"rp":[]},"155":{"input":[1,2,4,5,8],"tlw":["stampa",344],"trw":["manca",395],"lp":[],"rp":[]},"156":{"input":[3,4,5,8],"tlp":["rm",30451],"trp":["ment",73144],"tlw":["be'",1001],"trw":["mentre",7346],"lp":["rm","tem","temp","empr","erm","emb","embr","rme","rem","term","trem"],"rp":["ment","mpr","mpre","mer","mbr","met","mett","pren","ntem"]},"157":{"input":[1,3,4,5,8],"tlw":["entrambe",518],"trw":["mare",1575],"lp":[],"rp":[]},"158":{"input":[2,3,4,5,8],"tlw":["sempre",11019],"trw":["prendere",1451],"lp":[],"rp":[]},"159":{"input":[1,2,3,4,5,8],"tlw":["sembra",1918],"trw":["madre",2851],"lp":[],"rp":[]},"160":{"input":[6,8],"base":"!","baseshift":"!","trp":["pi",115591],"trw":["pi",1894],"lp":[],"rp":["pi","ip","ipi","ppi","pii","pip","ipp"],"special":"punc"},"161":{"input":[1,6,8],"tlp":["api",10470],"trp":["pia",13275],"trw":["piazza",530],"lp":["api","appi","apii"],"rp":["pia","paz","pazi","ipa","ppia","pai","pazz","piaz","iap","iapi","ipaz","iapp","pipa","piz","pizz","ppai"]},"162":{"input":[2,6,8],"tlp":["spi",10357],"trp":["isp",11667],"tlw":["spi",83],"lp":["spi"],"rp":["isp","pis","psi","ispi"]},"163":{"input":[1,2,6,8],"tlp":["spia",1284],"trp":["ispa",273],"tlw":["sappia",270],"trw":["passi",1081],"lp":["spia","apis","spaz","sapi","aspi"],"rp":["ispa","pais","isap","pias"]},"164":{"input":[3,6,8],"tlp":["epi",750],"trp":["pie",14120],"trw":["pie",288],"lp":["epi","eppi"],"rp":["pie","'i","ipe","i'","'ip","iep","pei","ppie","iepi","iepe"]},"165":{"input":[1,3,6,8],"tlp":["apie",832],"trp":["pez",2090],"trw":["pezzi",621],"lp":["apie","z'","zz'","ezz'","z'a","ai'"],"rp":["pez","pezz","'az","'azi","'ai"]},"166":{"input":[2,3,6,8],"tlp":["disp",3751],"trp":["pied",3956],"tlw":["spie",208],"trw":["piedi",2995],"lp":["disp","spie","dip","dipe","espi","d'i","dipi","s'i"],"rp":["pied","ispe","pid","'id","'ide","pedi","'esi","'is","pidi","ipes","'edi","kesp"]},"167":{"input":[1,2,3,6,8],"tlw":["appesi",112],"trw":["paesi",504],"lp":[],"rp":[]},"168":{"input":[4,6,8],"tlp":["tip",2675],"trp":["pit",7247],"tlw":["tipi",332],"lp":["tip","tipi"],"rp":["pit","piv","piti","pitt","ipit"]},"169":{"input":[1,4,6,8],"tlp":["apit",4239],"trp":["pita",2661],"trw":["piatti",270],"lp":["apit","apiv","vap"],"rp":["pita","pav","piat","pavi","piva","pati","pava","ipat"]},"170":{"input":[2,4,6,8],"tlp":["cip",5282],"trp":["pic",6757],"tlw":["tipici",78],"lp":["cip","cipi","spit","scip","stip","tisp"],"rp":["pic","picc","pisc","pist","ipic","psic","icip","pick","pici"]},"171":{"input":[1,2,4,6,8],"tlw":["capi",635],"trw":["passava",443],"lp":[],"rp":[]},"172":{"input":[3,4,6,8],"tlp":["rip",3818],"trp":["pri",41676],"tlw":["ripete",508],"trw":["pri",723],"lp":["rip","ripr","ripe","v'","v'e"],"rp":["pri","pir","peri","pev","piri","priv","piet","pire","prie","ipr","ipet","ipre","prir","prev","pier"]},"173":{"input":[1,3,4,6,8],"tlw":["apri",920],"trw":["parti",1322],"lp":[],"rp":[]},"174":{"input":[2,3,4,6,8],"tlw":["specie",1573],"trw":["presi",303],"lp":[],"rp":[]},"175":{"input":[1,2,3,4,6,8],"tlw":["sapeva",2346],"trw":["piacere",1214],"lp":[],"rp":[]},"176":{"input":[5,6,8],"trp":["mi",125525],"trw":["mi",29736],"lp":[],"rp":["mi","im","min","imp","imi","mini","mpi","mmi","imm","nim","mmin","pin","inim","immi","mim","mimi","impi","pini","ph","ipin"]},"177":{"input":[1,5,6,8],"tlp":["ami",11196],"trp":["ima",27754],"tlw":["anima",623],"trw":["mai",10502],"lp":["ami","anim","ammi","ampi"],"rp":["ima","iam","mai","mia","mani","mina","hiam","pian","imma","iama","nima","iman","maz","impa","mazi","manz"]},"178":{"input":[2,5,6,8],"tlp":["sim",7979],"trp":["mis",8876],"tlw":["spin",81],"trw":["misi",410],"lp":["sim","ssim","simi","spin","smi","simp","smis","sism"],"rp":["mis","miss","mmis","ism","pins","misi","nism","imis","jim","mk"]},"179":{"input":[1,2,5,6,8],"tlw":["spina",102],"trw":["massima",364],"lp":[],"rp":[]},"180":{"input":[3,5,6,8],"tlp":["empi",4592],"trp":["ime",13962],"tlw":["ehm",84],"trw":["miei",2459],"lp":["empi","emi"],"rp":["ime","imen","'in","mie","'h","iem","'im","pien","ieme","miei","'imp","impe","imme","h'","mine","ipen","inem","'imm"]},"181":{"input":[1,3,5,6,8],"tlw":["zampe",282],"trw":["piena",963],"lp":[],"rp":[]},"182":{"input":[2,3,5,6,8],"tlw":["dimmi",325],"trw":["insieme",2565],"lp":[],"rp":[]},"183":{"input":[1,2,3,5,6,8],"tlw":["assieme",502],"trw":["pensai",375],"lp":[],"rp":[]},"184":{"input":[4,5,6,8],"tlp":["tim",12886],"trp":["mbi",7548],"tlw":["tim",512],"trw":["miti",105],"lp":["tim","ttim","vim","timi","bim","bimb"],"rp":["mbi","mit","mbin","imit","ntim","imb","pint","mpit","miti","itm","mbit","miv","mith","mpiv"]},"185":{"input":[1,4,5,6,8],"tlw":["bambini",1251],"trw":["mattina",971],"lp":[],"rp":[]},"186":{"input":[2,4,5,6,8],"tlw":["smith",194],"lp":[],"rp":[]},"187":{"input":[1,2,4,5,6,8],"tlw":["amici",1446],"trw":["macchina",1679],"lp":[],"rp":[]},"188":{"input":[3,4,5,6,8],"tlw":["tempi",1297],"trw":["perrin",1178],"lp":[],"rp":[]},"189":{"input":[1,3,4,5,6,8],"tlw":["veramente",1194],"trw":["prima",12710],"lp":[],"rp":[]},"190":{"input":[2,3,4,5,6,8],"tlw":["sentimenti",600],"trw":["perche",14386],"lp":[],"rp":[]},"191":{"input":[1,2,3,4,5,6,8],"tlw":["sembrava",3174],"trw":["presenza",1054],"lp":[],"rp":[]},"192":{"input":[7,8],"base":";","baseshift":":","trp":["po",170696],"trw":["po",1713],"lp":[],"rp":["po","op","opo","ppo","opp","oppo","pop","popo","oop","ppop"],"special":"punc"},"193":{"input":[1,7,8],"tlp":["appo",3603],"trp":["opa",1076],"lp":["appo","apo"],"rp":["opa","oppa","pao"]},"194":{"input":[2,7,8],"tlp":["spo",12332],"trp":["pos",30275],"tlw":["spo",162],"trw":["posso",2175],"lp":["spo","spos","sop","sosp","sopp"],"rp":["pos","poss","osp","opos","poso","ppos"]},"195":{"input":[1,2,7,8],"tlp":["sapo",395],"trp":["posa",1234],"tlw":["sposa",181],"trw":["passo",2265],"lp":["sapo","aspo","apos"],"rp":["posa"]},"196":{"input":[3,7,8],"tlp":["epo",996],"trp":["'o",10586],"trw":["po'",5326],"lp":["epo","eop","eppo"],"rp":["'o","ope","o'","poe","po'","'op","'ope","peo","'epo","oppe","oope","opeo","'opp","opee"]},"197":{"input":[1,3,7,8],"tlp":["eopa",82],"trp":["opea",192],"lp":["eopa"],"rp":["opea"]},"198":{"input":[2,3,7,8],"tlp":["dop",11237],"trp":["pose",2787],"tlw":["dopo",9632],"trw":["peso",740],"lp":["dop","dopo","d'o","espo","dopp","depo","epos"],"rp":["pose","poes","ospe","peso","os'","os'e","'od","'os","'odo","pod","opod","pode","'osp"]},"199":{"input":[1,2,3,7,8],"tlw":["appeso",230],"lp":[],"rp":[]},"200":{"input":[4,7,8],"tlp":["top",650],"trp":["pot",22315],"tlw":["topo",171],"lp":["top","topo","ttop"],"rp":["pot","pog","ppog","pogg","pott","opot","ppot","opog"]},"201":{"input":[1,4,7,8],"trp":["pag",5925],"trw":["patto",180],"lp":[],"rp":["pag","paga","pato","opag","pago","ppag"]},"202":{"input":[2,4,7,8],"tlp":["cop",6022],"trp":["post",9448],"tlw":["scopo",742],"trw":["poco",4741],"lp":["cop","scop","copp","copo","coop","spog","cosp"],"rp":["post","poc","poco"]},"203":{"input":[1,2,4,7,8],"tlw":["capo",2162],"trw":["passato",1802],"lp":[],"rp":[]},"204":{"input":[3,4,7,8],"tlp":["rop",21378],"trp":["pro",42777],"tlw":["troppo",4434],"trw":["pero",4668],"lp":["rop","ropr","trop","ropp","rpo","ropo"],"rp":["pro","por","opr","port","pote","prop","oper","pero","'or","orp","potr","ppor","orpo","poet"]},"205":{"input":[1,3,4,7,8],"tlw":["rapporto",1150],"trw":["porta",4253],"lp":[],"rp":[]},"206":{"input":[2,3,4,7,8],"tlw":["corpo",2667],"trw":["presto",1698],"lp":[],"rp":[]},"207":{"input":[1,2,3,4,7,8],"tlw":["sopra",3357],"trw":["peccato",398],"lp":[],"rp":[]},"208":{"input":[5,7,8],"trp":["mo",124534],"trw":["puo",6756],"lp":[],"rp":["mo","om","pu","mpo","um","mon","omp","up","uom","mu","omo","puo","pun","uomo","omm","mom","nom","ppu","pon","mun"]},"209":{"input":[1,5,7,8],"tlp":["amo",18506],"trp":["oma",10024],"tlw":["amo",246],"trw":["mano",6828],"lp":["amo","ampo","appu","apu","aum","amon"],"rp":["oma","mano","oman","ompa","uma","uman","pau","upa","munq","omma","napo","mona","uam","nuam"]},"210":{"input":[2,5,7,8],"tlp":["sup",3910],"trp":["mos",4879],"tlw":["sommo",127],"trw":["possono",1433],"lp":["sup","spon","som","smo","somm","sum","spu","ssum","supp","spun"],"rp":["mos","mus","mpos","nsom","moss","pons","moso","nsum","mous","moos"]},"211":{"input":[1,2,5,7,8],"tlw":["somma",313],"trw":["pausa",424],"lp":[],"rp":[]},"212":{"input":[3,5,7,8],"tlp":["empo",10444],"trp":["ome",58690],"trw":["meno",4910],"lp":["empo","emo","eppu"],"rp":["ome","'u","meno","omen","un'","ume","mome","'un","'uo","'uom","nome","upe","nume","umen","omme","n'o","un'o"]},"213":{"input":[1,3,5,7,8],"trw":["umane",290],"lp":[],"rp":[]},"214":{"input":[2,3,5,7,8],"tlw":["d'un",897],"trw":["modo",7852],"lp":[],"rp":[]},"215":{"input":[1,2,3,5,7,8],"tlw":["domanda",1306],"trw":["pensando",468],"lp":[],"rp":[]},"216":{"input":[4,5,7,8],"tlp":["tom",2271],"trp":["punt",7081],"tlw":["tom",318],"trw":["punto",4093],"lp":["tom","tup","gom"],"rp":["punt","mont","omb","potu","pub","pubb","mot","mog","mbo","put","mob","pug","mut","pugn","moto","puto","pont"]},"217":{"input":[1,4,5,7,8],"tlw":["appunto",879],"trw":["punta",775],"lp":[],"rp":[]},"218":{"input":[2,4,5,7,8],"tlw":["com",539],"lp":[],"rp":[]},"219":{"input":[1,2,4,5,7,8],"tlw":["campo",1259],"trw":["manco",711],"lp":[],"rp":[]},"220":{"input":[3,4,5,7,8],"tlw":["tempo",9244],"trw":["momento",5714],"lp":[],"rp":[]},"221":{"input":[1,3,4,5,7,8],"tlw":["forma",2605],"trw":["paura",1888],"lp":[],"rp":[]},"222":{"input":[2,3,4,5,7,8],"tlw":["come",44183],"trw":["persone",2066],"lp":[],"rp":[]},"223":{"input":[1,2,3,4,5,7,8],"tlw":["comunque",2203],"trw":["persona",1755],"lp":[],"rp":[]},"224":{"input":[6,7,8],"trp":["poi",14737],"trw":["poi",13201],"lp":[],"rp":["poi","pl","pol","pio","pli","lp","poli","olp","ipo","opol","lpo","olpo","oppi","lpi","olpi","opi","polo","ipio","ppio","ipl"]},"225":{"input":[1,6,7,8],"tlp":["alp",617],"trp":["pal",8270],"trw":["paio",1036],"lp":["alp","apol","alap"],"rp":["pal","pall","pola","paio","pala","ipal","pla","lpa","olpa","poz","pozz","palp","pali","pila","opia","lap","paol"]},"226":{"input":[2,6,7,8],"tlp":["spl",884],"trp":["ispo",7900],"tlw":["spio",684],"trw":["polso",267],"lp":["spl","spio","splo","spli"],"rp":["ispo","posi","ospi","pols","ipos","piso","lpis","plos"]},"227":{"input":[1,2,6,7,8],"tlw":["spazio",928],"lp":[],"rp":[]},"228":{"input":[3,6,7,8],"tlp":["ell'",11381],"trp":["l'",63315],"trw":["pelle",1317],"lp":["ell'","epl","epli"],"rp":["l'","ll'","l'i","l'o","l'e","pel","ll'i","pell","ple","ll'e","ll'o","lpe","'io","l'op","ppel","pelo","olpe"]},"229":{"input":[1,3,6,7,8],"tlw":["appello",93],"trw":["pezzo",996],"lp":[],"rp":[]},"230":{"input":[2,3,6,7,8],"tlw":["doppio",286],"trw":["poesie",742],"lp":[],"rp":[]},"231":{"input":[1,2,3,6,7,8],"tlw":["spalle",2219],"trw":["poesia",1881],"lp":[],"rp":[]},"232":{"input":[4,6,7,8],"tlp":["tipo",1710],"trp":["pito",3299],"tlw":["tipo",1710],"trw":["piglio",445],"lp":["tipo","topi","volp"],"rp":["pito","pov","pig","pigl","piog","ipot","polv","polt","lpit","poti","ipig","pogl","piov","lpiv"]},"233":{"input":[1,4,6,7,8],"tlw":["appoggio",268],"trw":["pioggia",738],"lp":[],"rp":[]},"234":{"input":[2,4,6,7,8],"tlw":["colpo",1583],"trw":["piccolo",2047],"lp":[],"rp":[]},"235":{"input":[1,2,4,6,7,8],"tlw":["capito",1303],"trw":["piccola",1514],"lp":[],"rp":[]},"236":{"input":[3,4,6,7,8],"trw":["proprio",7247],"lp":[],"rp":[]},"237":{"input":[1,3,4,6,7,8],"trw":["poteva",4863],"lp":[],"rp":[]},"238":{"input":[2,3,4,6,7,8],"tlw":["rispose",2477],"trw":["percio",1506],"lp":[],"rp":[]},"239":{"input":[1,2,3,4,6,7,8],"tlw":["capelli",2276],"trw":["particolare",1528],"lp":[],"rp":[]},"240":{"input":[5,6,7,8],"trp":["piu",40881],"trw":["piu",38322],"lp":[],"rp":["piu","lm","imo","omi","mol","omin","mio","mpl","mil","uomi","impo","ilm","mpli","lim","ompl","ommi","mili","mpio","imil","umi"],"special":"enter"},"241":{"input":[1,5,6,7,8],"tlw":["animali",640],"trw":["piano",2006],"lp":[],"rp":[]},"242":{"input":[2,5,6,7,8],"tlw":["simili",901],"trw":["luminoso",184],"lp":[],"rp":[]},"243":{"input":[1,2,5,6,7,8],"tlw":["siamo",2506],"trw":["possiamo",953],"lp":[],"rp":[]},"244":{"input":[3,5,6,7,8],"trw":["l'uomo",2192],"lp":[],"rp":[]},"245":{"input":[1,3,5,6,7,8],"tlw":["almeno",2906],"trw":["mezzo",2952],"lp":[],"rp":[]},"246":{"input":[2,3,5,6,7,8],"tlw":["esempio",1778],"trw":["modi",645],"lp":[],"rp":[]},"247":{"input":[1,2,3,5,6,7,8],"tlw":["domani",713],"trw":["posizione",1014],"lp":[],"rp":[]},"248":{"input":[4,5,6,7,8],"trw":["molto",8286],"lp":[],"rp":[]},"249":{"input":[1,4,5,6,7,8],"tlw":["abbiamo",2561],"trw":["montalbano",3474],"lp":[],"rp":[]},"250":{"input":[2,4,5,6,7,8],"tlw":["comincio",1412],"trw":["piuttosto",1744],"lp":[],"rp":[]},"251":{"input":[1,2,4,5,6,7,8],"tlw":["amico",1691],"trw":["possibilita",1220],"lp":[],"rp":[]},"252":{"input":[3,4,5,6,7,8],"trw":["meglio",3762],"lp":[],"rp":[]},"253":{"input":[1,3,4,5,6,7,8],"tlw":["finalmente",1303],"trw":["ormai",2373],"lp":[],"rp":[]},"254":{"input":[2,3,4,5,6,7,8],"tlw":["semplice",1455],"trw":["possibile",2609],"lp":[],"rp":[]},"255":{"input":[1,2,3,4,5,6,7,8],"tlw":["commissario",2277],"trw":["l'unica",795],"lp":[],"rp":[]}}