{"0":{"value":0,"notes":["Developer : Zack Dennis (zack@asetniop.com)","Date : 12/12/2014","All code (c) 2014 Pointesa, LLC all rights reserved","Abbreviations :    ","tlp = top left partial","lp = left partials","trp = top right partial","rp = right partials","tlw = top left word","lw = left words","trw = top right word","rw = right words"]},"1":{"input":[1],"base":"a","baseshift":"A","tlp":["aa",565178],"tlw":["a",1899],"lp":["aa"],"rp":[]},"2":{"input":[2],"base":"s","baseshift":"S","tlp":["ss",31510],"tlw":["s",593],"lp":["ss"],"rp":[]},"3":{"input":[1,2],"base":"w","baseshift":"W","tlp":["wa",249084],"tlw":["was",91211],"lp":["wa","as","was","waa","sa","aas","ass","ssa","ws","wass","assa","sw","aw","saa","swa","swaa","ww","awa","awaa","waas"],"rp":[]},"4":{"input":[3],"base":"e","baseshift":"E","tlp":["ee",595701],"tlw":["e",445],"lp":["ee","eee"],"rp":[]},"5":{"input":[1,3],"base":"x","baseshift":"X","tlp":["ea",9134],"tlw":["x",171],"lp":["ea","ex","ax","ae","xe","xa","eaa","exa","axe","exe"],"rp":[]},"6":{"input":[2,3],"base":"d","baseshift":"D","tlp":["de",835524],"tlw":["de",381576],"lp":["de","es","ed","se","ede","dd","dde","ds","eed","ees","sse","dee","eds","eeds","deed","ess","sd","ese","dse","eede"],"rp":[]},"7":{"input":[1,2,3],"tlp":["da",270505],"tlw":["we",27843],"lp":["da","we","ad","wee","daa","ew","ewe","ade","add","adde","eda","wees","ewee","wd","dw","aad","edaa","wde","asse","ada"],"rp":[]},"8":{"input":[4],"base":"t","baseshift":"T","tlp":["tt",33524],"tlw":["t",381],"lp":["tt"],"rp":[]},"9":{"input":[1,4],"base":"f","baseshift":"F","tlp":["at",290899],"tlw":["af",9932],"lp":["at","ta","aat","af","ft","taa","fa","ff","taat","taf","att","tat","aaf","aatt","ata","aff","fat","tf","tta","aft"],"rp":[]},"10":{"input":[2,4],"base":"c","baseshift":"C","tlp":["st",260352],"tlw":["c",381],"lp":["st","sc","ts","ct","tst","ssc","cc","stt","tsc","tc","sts","stst","sst","stsc"],"rp":[]},"11":{"input":[1,2,4],"tlp":["ac",73946],"tlw":["wat",36195],"lp":["ac","wat","sta","tw","ast","staa","ats","aats","fs","wac","ca","aast","atst","act","afs","tas","fst","twa","fac","tac"],"rp":[]},"12":{"input":[3,4],"base":"r","baseshift":"R","tlp":["er",710975],"tlw":["te",105276],"lp":["er","et","te","re","eer","ter","ere","rt","tr","ete","tte","ert","ree","eet","rte","tre","tee","ett","rr","ette"],"rp":[]},"13":{"input":[1,3,4],"tlp":["ar",396560],"tlw":["extra",700],"lp":["ar","aar","ra","ef","raa","eef","are","ate","eft","eeft","fe","art","tra","era","ater","fr","rat","ara","afe","ffe"],"rp":[]},"14":{"input":[2,3,4],"tlp":["rd",138895],"tlw":["eerste",6507],"lp":["rd","der","ste","rs","erd","rde","ers","est","dr","ec","erde","dere","ets","rst","eder","erst","eest","eerd","ster","str"],"rp":[]},"15":{"input":[1,2,3,4],"tlp":["dat",155858],"tlw":["dat",136467],"lp":["dat","waar","wer","daar","war","fd","ard","weer","ware","werd","rw","erw","twe","twee","dac","aard","dra","fde","weet","ader"],"rp":[]},"16":{"input":[5],"base":"n","baseshift":"N","trp":["nn",51105],"trw":["n",1346],"lp":[],"rp":["nn"]},"17":{"input":[1,5],"base":"q","baseshift":"Q","tlp":["an",559245],"trp":["na",127869],"tlw":["aan",55690],"trw":["na",10653],"lp":["an","aan","ann","ana","anna","aann","anaa","aq"],"rp":["na","naa","nna","nan","naan","nnaa"]},"18":{"input":[2,5],"base":"j","baseshift":"J","tlp":["sn",9856],"trp":["jn",169981],"trw":["j",357],"lp":["sn","sj"],"rp":["jn","ns","js","nj","jns"]},"19":{"input":[1,2,5],"tlp":["wan",14017],"trp":["ja",31023],"tlw":["san",173],"trw":["ja",6777],"lp":["wan","ans","wann","aans","anw","sna","san","aanw","anj","aj","asj"],"rp":["ja","jaa","jna","nw","naas","jan","jas","jw","nja"]},"20":{"input":[3,5],"base":"y","baseshift":"Y","tlp":["en",1522448],"trp":["ne",132761],"tlw":["en",225891],"trw":["nee",4568],"lp":["en","een","ene","enen","enn","enne","enee","ey","eene","eeen"],"rp":["ne","nen","nne","nnen","nee","nnee","neen","ny","nny","yn"]},"21":{"input":[1,3,5],"tlp":["anne",10606],"trp":["ya",413],"tlw":["anne",219],"lp":["anne","ena","ane","enaa","anen","ean","ay","anee","eaan","enan","xan","exan","anny","xy","exy","eq","eena"],"rp":["ya","yan","nane"]},"22":{"input":[2,3,5],"tlp":["den",130605],"trp":["nd",254142],"tlw":["eens",9370],"trw":["je",69369],"lp":["den","ens","end","sen","ende","eden","eens","dden","ssen","ense","sje"],"rp":["nd","nde","je","jd","nden","nse","nsen","jde","jes"]},"23":{"input":[1,2,3,5],"tlp":["and",86982],"trp":["nda",7813],"tlw":["dan",33270],"trw":["new",907],"lp":["and","dan","ande","wen","aand","anda","daan","anse","ands","aden","wens","anwe","wend"],"rp":["nda","nad","ndaa","nwe","nada","nade","ndan"]},"24":{"input":[4,5],"base":"b","baseshift":"B","tlp":["bb",17696],"trp":["nt",98660],"tlw":["b",387],"lp":["bb","bt","tb","tn"],"rp":["nt","nb","ntb","ntt"]},"25":{"input":[1,4,5],"tlp":["ant",32323],"trp":["nat",8926],"tlw":["baan",878],"trw":["nat",410],"lp":["ant","ba","taan","tan","baa","ban","ab","anta","aant","tba","anaf","tant","fan","baan","fant"],"rp":["nat","nta","naf","nf","nba"]},"26":{"input":[2,4,5],"tlp":["tj",16496],"trp":["nst",10582],"lp":["tj","bs","sb","stj","stb","tsn"],"rp":["nst","nc","jt","nts","nsc","ntj","jst","jnt","ntst","ntsn","nct","jntj","ntsc","jb"]},"27":{"input":[1,2,4,5],"tlp":["want",6670],"trp":["jf",10865],"tlw":["want",6458],"trw":["naast",3850],"lp":["want","antw","stan","baas","anc","atj","fj","abs","bas","aatj","anst"],"rp":["jf","ntw","nac","jft","jac","nsta","ntac","nanc","ntas"]},"28":{"input":[3,4,5],"tlp":["be",171694],"trp":["nte",12846],"tlw":["ben",10919],"trw":["net",7100],"lp":["be","ten","ren","eb","ben","br","eren","ent","eten","bbe","bben","ebb","ebbe","rb","bee","rn","tten","bet","ber"],"rp":["nte"]},"29":{"input":[1,3,4,5],"tlp":["aren",23808],"trp":["naar",55710],"tlw":["eraan",1152],"trw":["naar",52688],"lp":["aren","aten","ran","rna","bra","arn","aarn","arna","baar","ante","bar","rba","erba","fran","eran","arb","fen","raan","rant"],"rp":["naar"]},"30":{"input":[2,3,4,5],"tlp":["rden",25498],"trp":["nder",65247],"tlw":["beetje",4094],"lp":["rden","bes","tje","bed","sten","best","etj","etje","eetj","tend","cen","rend","besc","cent","enst","tjes"],"rp":["nder","nste","ntje","ndr"]},"31":{"input":[1,2,3,4,5],"tlw":["waren",17010],"trw":["jaar",7230],"lp":[],"rp":[]},"32":{"input":[6],"base":"i","baseshift":"I","trp":["ii",416],"trw":["i",704],"lp":[],"rp":["ii","iii"]},"33":{"input":[1,6],"base":"z","baseshift":"Z","tlp":["zi",217546],"trp":["ia",10521],"tlw":["z",113],"lp":["zi","za","ai","zaa","aai","az","azi","zz","zia","azia","zaai","zzi"],"rp":["ia","iz","iaa","iza","izi","izaa","izz","izzi"]},"34":{"input":[2,6],"base":"k","baseshift":"K","tlp":["si",19356],"trp":["ik",185103],"trw":["ik",149098],"lp":["si","ssi","sk","sis","ssis"],"rp":["ik","is","kk","ki","iss","ks","ikk","kki","iks","isi","isk","issi","kis","ikki","isis"]},"35":{"input":[1,2,6],"tlp":["wi",80880],"trp":["ka",52225],"tlw":["zaak",1687],"trw":["kaas",199],"lp":["wi","ak","aak","zw","wis","zwa","akk","zak","zaak","wak","zwaa","wakk","zwi"],"rp":["ka","kw","kwa","kaa","ika","kas","kwaa"]},"36":{"input":[3,6],"base":",","baseshift":"<","tlp":["ei",112497],"trp":["ie",427576],"tlw":["ei",126],"trw":["ie",333],"lp":["ei","eie","eei"],"rp":["ie","iee"],"special":"punc"},"37":{"input":[1,3,6],"tlp":["ze",250139],"trp":["ize",3585],"tlw":["ze",116542],"lp":["ze","ez","zei","eze","zie","ezi","ezie","zee","aze","aie","eiz","aaie","eza","eize","xi","axi","eiza"],"rp":["ize","iez","ieze"]},"38":{"input":[2,3,6],"tlp":["di",156986],"trp":["ke",180090],"tlw":["die",84576],"trw":["keek",10339],"lp":["di","ek","die","eke","eek","eid","ekk","ekke"],"rp":["ke","id","kke","kee","ide","keek","ied","idd","iede","iek","ies","idde"]},"39":{"input":[1,2,3,6],"tlp":["ake",15537],"tlw":["deze",10880],"trw":["kwaad",950],"lp":["ake","dez","deze","wie","akke","zek","zeke","aid","wei","aaid","aide","wez","wek","ziek","week","zes","zwe","ewi","zake","adi"],"rp":[]},"40":{"input":[4,6],"base":"v","baseshift":"V","tlp":["ti",92155],"trp":["it",127567],"tlw":["tv",365],"trw":["it",435],"lp":["ti","vi","tv","tti","tit","vit","titi","tiv","tivi","viv","tvi","vivi"],"rp":["it","itt","iti","iv","ivi","itv","ivit","itti"]},"41":{"input":[1,4,6],"tlp":["va",224506],"trp":["if",3864],"tlw":["zat",6137],"trw":["if",78],"lp":["va","zit","av","ati","zat","fi","zitt","vaa","tz","fti","ffi","via","tzi","avi","vat","tai"],"rp":["if","ita","itz","ift"]},"42":{"input":[2,4,6],"tlp":["sti",15829],"trp":["ic",74589],"tlw":["vis",333],"trw":["kist",358],"lp":["sti","ci","ck","cti","tis","sit","tisc","vis","tk","tik","sv"],"rp":["ic","kt","ist","issc","ikt","isc","its","ici","kst"]},"43":{"input":[1,2,4,6],"tlp":["zic",46006],"trp":["kat",1851],"tlw":["wist",7236],"trw":["kast",575],"lp":["zic","akt","aakt","wist","vas","vast","twi","wit","vaak","zac","tak","stak","witt","asti","acti","vak","cia","ack"],"rp":["kat","kast"]},"44":{"input":[3,4,6],"tlp":["ve",223463],"trp":["iet",126034],"tlw":["vier",2544],"lp":["ve","ver","ri","ev","vr","eve","tie","rie","eri","vee","rv","vert","erv","vri","rei","vie"],"rp":["iet","ier","ite","itte"]},"45":{"input":[1,3,4,6],"tlp":["ari",10534],"trp":["ief",8550],"tlw":["zette",2378],"lp":["ari","zet","rz","vra","eva","rva","atie","vraa","zett","erz","raai","vera","erva","arv","aarv","ave","verz","aari","var"],"rp":["ief"]},"46":{"input":[2,3,4,6],"tlp":["rk",33984],"trp":["iets",24709],"tlw":["dit",13642],"trw":["iets",14243],"lp":["rk","erk","dit","verd","rek","dri","vers","rke","erke","eker","ric","tek","drie"],"rp":["iets","kte","ker","kr","keer","iste","kri"]},"47":{"input":[1,2,3,4,6],"tlw":["vader",6824],"lp":[],"rp":[]},"48":{"input":[5,6],"base":"h","baseshift":"H","trp":["in",343391],"trw":["in",146093],"lp":[],"rp":["in","hi","ni","inn","nin","nh","ini","nni","hin","hn","nnin","inni","inh","hni","hnn","ih","nhi","inin","inhi"]},"49":{"input":[1,5,6],"tlp":["zin",7282],"trp":["ha",212677],"tlw":["zin",2379],"trw":["hanna",165],"lp":["zin","ani","ah","anz","anni","zinn","anh","zan","aanz"],"rp":["ha","haa","han","nz","hz","ina","nzi","ian","inz","nza","nzin"]},"50":{"input":[2,5,6],"trp":["ij",550946],"trw":["hij",131508],"lp":[],"rp":["ij","ijn","hij","jk","ijk","nk","kin","kij","kijk","ji","kn","ink","jij","nis","ins","nik","ijs","kni","hijn","isj"]},"51":{"input":[1,2,5,6],"tlp":["zij",124236],"trp":["kan",22915],"tlw":["zijn",106271],"trw":["kan",12791],"lp":["zij","zijn","wij","ank","win","wijz","wijn","wijs","anks","aank","zwij","wink"],"rp":["kan","jz","ijz","ijna","kans","haas","kaan","kwij"]},"52":{"input":[3,5,6],"tlp":["ein",21712],"trp":["he",426236],"tlw":["eh",524],"trw":["hen",5498],"lp":["ein","eh","eni","eine","ehe","enin","eini","enh"],"rp":["he","nie","ien","hee","hie","inne","hei","ine","hen","heen","hien","nhe"]},"53":{"input":[1,3,5,6],"tlp":["zien",14842],"trp":["nze",8382],"tlw":["zien",8781],"trw":["inzien",116],"lp":["zien","zen","eha","ezen","anie","enz","azen","ezin","ehan","aien","anze","ehaa","enza","eenz","enzi"],"rp":["nze","hze","izen","nzen","hae"]},"54":{"input":[2,3,5,6],"tlp":["eken",22412],"trp":["ken",85243],"tlw":["denk",3418],"trw":["kijken",4068],"lp":["eken","enk","din","denk","enke"],"rp":["ken","ind","ijd","nke","jke","ijke","inde","kken","heid","kind","iend","ndi","nken","kend","ijde"]},"55":{"input":[1,2,3,5,6],"tlw":["weken",1635],"trw":["had",55453],"lp":[],"rp":[]},"56":{"input":[4,5,6],"tlp":["bi",59526],"trp":["ht",123626],"tlw":["bh",81],"lp":["bi","th","vin","bin","binn","tin","ttin"],"rp":["ht","hti","int","nti","nv","htt","htin","inti","htb","hit","ntv","ib","nth"]},"57":{"input":[1,4,5,6],"tlp":["van",189387],"trp":["hat",1531],"tlw":["van",171860],"trw":["haat",432],"lp":["van","vana","anti","tha","anv","aanv","anva","fin","ath","anav","abi","fh"],"rp":["hat","nva","nati","htba","inf","nav","hav","haat"]},"58":{"input":[2,4,5,6],"tlp":["ch",268567],"trp":["ich",66755],"tlw":["bij",29299],"trw":["kijkt",1607],"lp":["ch","cht","sch","bij","tij","chi","schi","chti","ssch","vij","bijn","chij"],"rp":["ich","icht","jv","ijv","isch","jkt","ijkt","hts"]},"59":{"input":[1,2,4,5,6],"tlw":["zich",32148],"trw":["kant",2963],"lp":[],"rp":[]},"60":{"input":[3,4,5,6],"tlp":["ven",53110],"trp":["het",230522],"tlw":["even",9723],"trw":["het",226716],"lp":["ven","even","rin","rh","erh","erin","rien","the","verb"],"rp":["het","niet","hte","heb","hter","hebb","her","hten","hier","hr","iten"]},"61":{"input":[1,3,4,5,6],"tlw":["zitten",5880],"trw":["haar",73072],"lp":[],"rp":[]},"62":{"input":[2,3,4,5,6],"tlw":["tijd",8288],"trw":["niets",8728],"lp":[],"rp":[]},"63":{"input":[1,2,3,4,5,6],"tlw":["achter",7426],"trw":["hard",1821],"lp":[],"rp":[]},"64":{"input":[7],"base":"o","baseshift":"O","trp":["oo",285058],"trw":["o",2376],"lp":[],"rp":["oo"]},"65":{"input":[1,7],"base":"(","baseshift":"[","tlp":["ao",407],"trp":["oa",7486],"lp":["ao"],"rp":["oa","ooa"],"special":"punc"},"66":{"input":[2,7],"base":".","baseshift":">","tlp":["so",27187],"trp":["os",19065],"tlw":["so",132],"lp":["so","soo","sso"],"rp":["os","oos","oss","oso","osoo"],"special":"punc"},"67":{"input":[1,2,7],"tlp":["wo",53022],"trp":["ow",2105],"lp":["wo","woo","aso","aos","sow","woa"],"rp":["ow","owa","osa","owaa","ossa"]},"68":{"input":[3,7],"base":"-","baseshift":"_","tlp":["eo",2682],"trp":["oe",232725],"trw":["-",7439],"lp":["eo","e-","eoo","eoe"],"rp":["oe","o-","-o","-oo"],"special":"punc"},"69":{"input":[1,3,7],"tlp":["xo",189],"trp":["-a",938],"lp":["xo","exo","a-","x-","ex-"],"rp":["-a","o-a","ox","oea"]},"70":{"input":[2,3,7],"tlp":["do",77681],"trp":["oed",31676],"tlw":["dood",3509],"lp":["do","doo","doe","dood","edo","so-","edoe","dod","dode","se-"],"rp":["oed","od","oes","oede","ood","ode","-s","ods","ose","oods"]},"71":{"input":[1,2,3,7],"tlp":["ewo",10898],"trp":["oda",3201],"tlw":["woede",613],"lp":["ewo","ewoo","woe","woed","dwo","woes","edwo","ado","so-a","d-a","dow","ados","wod"],"rp":["oda","oew","oewe","owe","-w","-we","oad"]},"72":{"input":[4,7],"base":"g","baseshift":"G","tlp":["to",114612],"trp":["og",71340],"tlw":["tot",16339],"trw":["oog",1205],"lp":["to","go","tot","gt","gg","tg","too","goo","tto","toot","got"],"rp":["og","ot","oot","oog","ott","oto","otto","ogt","oogt"]},"73":{"input":[1,4,7],"tlp":["ag",68842],"trp":["of",61079],"tlw":["gaat",6123],"trw":["of",29931],"lp":["ag","ga","gaa","fo","aag","gaat","gaf","fg","afg","foo","fot","foto","gat","tof","agt","aagt"],"rp":["of","oof","off","oga"]},"74":{"input":[2,4,7],"tlp":["sto",24832],"trp":["oc",27927],"tlw":["stoot",131],"trw":["oogst",77],"lp":["sto","co","toc","gs","gst","sg","stoo","gc","sgc","soc","cto"],"rp":["oc","ots","ost","oots","otst","oost","ogs","oogs","ogst"]},"75":{"input":[1,2,4,7],"tlp":["sof",6578],"trp":["oca",652],"tlw":["stof",570],"lp":["sof","two","twoo","gas","wag","gast","stof","woog","wsg","gw","aco","ags","wog","astg","sag","ssag","twag"],"rp":["oca","ocaa","osof"]},"76":{"input":[3,4,7],"tlp":["ge",441497],"trp":["or",220309],"tlw":["toe",7828],"trw":["oor",713],"lp":["ge","ro","eg","ege","gr","toe","rg","gee","roe","gro","ger","teg","tege","rge","erg"],"rp":["or","oor","oet","oge","oeg"]},"77":{"input":[1,3,4,7],"tlp":["age",21589],"trp":["-f",7172],"tlw":["graag",2369],"lp":["age","aro","aaro","raag","gra","rag","rage","t-f","t-fa","ega","fge","afge","for","graa","arg"],"rp":["-f","-fa","oef","ora","-fo"]},"78":{"input":[2,3,4,7],"tlp":["door",33484],"trp":["ord",50515],"tlw":["door",27762],"lp":["door","gd","ges","goed","ged","gde","egd","dro","gest","rdo","gesc","god","egde"],"rp":["ord","orde","oord","oest","ordt","ors","orst"]},"79":{"input":[1,2,3,4,7],"tlw":["weg",9038],"lp":[],"rp":[]},"80":{"input":[5,7],"base":"u","baseshift":"U","trp":["on",217953],"trw":["nu",18377],"lp":[],"rp":["on","ou","no","un","nu","uu","oon","unn","noo","nou","onn","non","ono","nno","nuu","oun","onno","uno","nnu","oonn"]},"81":{"input":[1,5,7],"tlp":["au",17538],"trp":["nau",2224],"tlw":["qua",92],"trw":["oan",54],"lp":["au","ano","anu","qu","qua","anon","anua","aou"],"rp":["nau","ua","ona","onaa","oan","nua","uan","onna","oq","oqu","nao","noa"]},"82":{"input":[2,5,7],"tlp":["su",4221],"trp":["us",37357],"tlw":["suus",122],"trw":["ons",10726],"lp":["su","soon","son","sno"],"rp":["us","jo","ons","ju","jon","uss","jou","nos","ous","joo","uns","usj","jos","oj","osj","jus"]},"83":{"input":[1,2,5,7],"tlp":["woon",7683],"trp":["uw",53486],"tlw":["wou",586],"trw":["uw",2686],"lp":["woon","auw","won","wu","wus","anos","wou","aus","wonn"],"rp":["uw","ouw","nauw","uws","jouw","nwo","nwoo","onw","nuw","uwa","nuwa"]},"84":{"input":[3,5,7],"tlp":["eu",50132],"trp":["oen",39532],"trw":["you",472],"lp":["eu","eno","enoe","eeu","eun","enu","enoo"],"rp":["oen","unne","noe","one","onne","oene","neu","ue","n-","onen","yo","onee","you"]},"85":{"input":[1,3,5,7],"tlp":["eau",2046],"trp":["ux",203],"lp":["eau","que","e-na","equ","eque","enau","xon","an-","ean-","quen","ena-"],"rp":["ux","uxe","-na","oya","-an","o-an","na-","oyaa"]},"86":{"input":[2,3,5,7],"tlp":["du",25835],"trp":["ond",80377],"tlw":["doen",9594],"trw":["oude",3893],"lp":["du","doen","dus","deu","don","eus","edu"],"rp":["ond","onde","ud","oud","ude","oude","uden","usse","nod","udd","udde","oden","oond"]},"87":{"input":[1,2,3,5,7],"tlw":["wonen",867],"trw":["ouwe",411],"lp":[],"rp":[]},"88":{"input":[4,5,7],"tlp":["bo",35213],"trp":["ng",141175],"tlw":["boog",1018],"trw":["nog",33780],"lp":["bo","tu","ton","bu","tuu","gon","boo","gu","bou"],"rp":["ng","nog","ont","ong","ut","ug","ob","unt","uto","ub","out"]},"89":{"input":[1,4,5,7],"tlp":["ang",42251],"trp":["natu",6022],"tlw":["gaan",11291],"trw":["nota",126],"lp":["ang","gaan","fon","font","atu","atuu","gan","aut","auto","aang","gang","foon","bang","anto","tua"],"rp":["natu","uf","onta","uff","noga"]},"90":{"input":[2,4,5,7],"tlp":["ston",12659],"trp":["uc",9757],"tlw":["boos",682],"trw":["jong",894],"lp":["ston","stu","tus","tuss","con","cont","stuu","cu","bos","conc"],"rp":["uc","ust","jong","jg","ngs","ngst","onts","jgt","onc","noc"]},"91":{"input":[1,2,4,5,7],"tlw":["angst",1249],"trw":["jacob",378],"lp":[],"rp":[]},"92":{"input":[3,4,5,7],"tlp":["gen",143754],"trp":["ur",56772],"tlw":["toen",23218],"trw":["ogen",8241],"lp":["gen","ru","egen","toen","geen","eur","geb","rou","beg","ron","eru","rug","geno","ggen"],"rp":["ur","nge","ngen","uur","onge","ogen"]},"93":{"input":[1,3,4,5,7],"tlw":["gegaan",1465],"trw":["naartoe",554],"lp":[],"rp":[]},"94":{"input":[2,3,4,5,7],"tlw":["stond",8649],"trw":["onder",8950],"lp":[],"rp":[]},"95":{"input":[1,2,3,4,5,7],"tlw":["worden",11389],"lp":[],"rp":[]},"96":{"input":[6,7],"base":"l","baseshift":"L","trp":["li",171979],"trw":["l",236],"lp":[],"rp":["li","ll","lo","il","ol","oi","ooi","loo","ill","lli","ili","oll","io","oli","ool","ilo","olo","illi","llo","oil"]},"97":{"input":[1,6,7],"tlp":["al",225980],"trp":["la",129950],"tlw":["zo",26684],"trw":["la",525],"lp":["al","zo","all","aal","zal","zoa","zoal","ali","zoo","zoi"],"rp":["la","laa","oal","oz","lla","olla","ola","ial","laz","lia"]},"98":{"input":[2,6,7],"tlp":["sl",31416],"trp":["ls",78404],"tlw":["slok",358],"trw":["ook",30107],"lp":["sl","slo","sli","sloo"],"rp":["ls","ko","ok","ook","kl","lk","lik","lso","klo","okk","los","lis","olk","loos","kli","koo"]},"99":{"input":[1,2,6,7],"tlp":["als",67283],"trp":["lka",8548],"tlw":["als",51537],"trw":["las",791],"lp":["als","wil","sla","also","will","slaa","wal","wol","alis","zow"],"rp":["lka","lkaa","kla","oals","las","lak","klaa","lw","kal","klas"]},"100":{"input":[3,6,7],"tlp":["el",334993],"trp":["le",209513],"tlw":["el",147],"trw":["leo",319],"lp":["el","eli","ele","eel","ell","elle","elo","eil","eloo"],"rp":["le","lle","lee","lie","oel","lei","iel","llee","ille","loe","oei"]},"101":{"input":[1,3,6,7],"tlp":["alle",39915],"trp":["lez",2818],"tlw":["alle",6909],"trw":["lizzie",74],"lp":["alle","zel","ale","ela","zoe","ezel","ezo","ezoe","zoie","elaa","eal","ziel","ael"],"rp":["lez","oze","leze","laze","iale","oez","lezi"]},"102":{"input":[2,3,6,7],"tlp":["eld",44452],"trp":["ld",72634],"tlw":["elke",2943],"trw":["leek",4071],"lp":["eld","del","elde","elk","deli","els","esl"],"rp":["ld","lde","kel","oek","kle","ild","ilde","les","lles","keli","klei","led","lke"]},"103":{"input":[1,2,3,6,7],"tlw":["wel",21511],"trw":["kale",288],"lp":[],"rp":[]},"104":{"input":[4,6,7],"tlp":["vo",141909],"trp":["ig",90099],"tlw":["vol",3408],"trw":["ooit",2846],"lp":["vo","voo","gi","vol","tig","volg","vl","gl","gli"],"rp":["ig","ov","lt","lg","oit","ooit","olg","lig","lti","lot","lit"]},"105":{"input":[1,4,6,7],"tlp":["alt",12700],"trp":["lf",27918],"tlw":["zag",8836],"trw":["laat",4912],"lp":["alt","val","zag","alti","tal","fl","avo","vall","zig","gla","alf","zov","vla","taal","gz"],"rp":["lf","laat","lat","lag","loof"]},"106":{"input":[2,4,6,7],"tlp":["stig",5578],"trp":["lic",9686],"tlw":["stil",1726],"trw":["kost",381],"lp":["stig","slot","stil","col","gis","cl","sig","volk","voc","gist","tok","stok"],"rp":["lic","kig","kkig","okt","lots","kost","koc","lst"]},"107":{"input":[1,2,4,6,7],"tlw":["alsof",6162],"trw":["last",650],"lp":[],"rp":[]},"108":{"input":[3,4,6,7],"tlp":["voor",79011],"trp":["ove",54444],"tlw":["voor",54531],"trw":["over",27647],"lp":["voor","gel","rl","tel","gev","vro","voe","erl","veel","rli","voel","eig","vroe","evo","eige"],"rp":["ove","over","ige","lev","leve"]},"109":{"input":[1,3,4,6,7],"tlw":["zelf",5574],"trw":["later",4901],"lp":[],"rp":[]},"110":{"input":[2,3,4,6,7],"tlw":["voelde",4707],"trw":["kreeg",3295],"lp":[],"rp":[]},"111":{"input":[1,2,3,4,6,7],"tlw":["elkaar",7935],"trw":["laatste",4077],"lp":[],"rp":[]},"112":{"input":[5,6,7],"trp":["ui",114860],"trw":["hun",16526],"lp":[],"rp":["ui","ho","hu","hoo","lu","ul","hui","hou","hun","lin","nl","nooi","lui","nli","ull","hon","lon","ulli","hul","uin"]},"113":{"input":[1,5,6,7],"tlp":["zou",30976],"trp":["lan",39246],"tlw":["zou",25914],"trw":["hal",496],"lp":["zou","zon","zu","zul","zull","zoon","anui"],"rp":["lan","hal","onz","haal","uz","lau","uiz","nal","uzi","nla","nlan","llan","laan"]},"114":{"input":[2,5,6,7],"trp":["lij",77650],"trw":["kon",15534],"lp":[],"rp":["lij","lijk","uis","uk","kon","ku","kun","huis","kunn","jl","ijl","nlij","onk","uik","luk","ukk","jul","luis","jull","link"]},"115":{"input":[1,2,5,6,7],"tlw":["zus",901],"trw":["hals",521],"lp":[],"rp":[]},"116":{"input":[3,5,6,7],"tlp":["elen",11125],"trp":["len",43428],"tlw":["ellen",353],"trw":["hoe",13915],"lp":["elen","eho","elu","enl","elin","enli"],"rp":["len","hoe","llen","hel","hele","leen","heel","ieu","nieu","nel","lein","leu","hiel","ly"]},"117":{"input":[1,3,5,6,7],"tlw":["alleen",11766],"trw":["onze",5956],"lp":[],"rp":[]},"118":{"input":[2,3,5,6,7],"tlw":["snel",4364],"trw":["kunnen",11536],"lp":[],"rp":[]},"119":{"input":[1,2,3,5,6,7],"tlw":["zouden",4749],"trw":["nieuwe",3839],"lp":[],"rp":[]},"120":{"input":[4,5,6,7],"tlp":["bl",35668],"trp":["ing",72541],"tlw":["ging",11015],"trw":["uit",32730],"lp":["bl","gin","ging","bli","von","bov","bui","buit","ting","blo","tui","ving","gh"],"rp":["ing","uit","ling","nig","ning","htig","hoog"]},"121":{"input":[1,4,5,6,7],"tlw":["vanuit",1383],"trw":["lang",5446],"lp":[],"rp":[]},"122":{"input":[2,4,5,6,7],"tlw":["toch",11105],"trw":["kunt",2792],"lp":[],"rp":[]},"123":{"input":[1,2,4,5,6,7],"tlw":["blijft",1361],"trw":["langs",3708],"lp":[],"rp":[]},"124":{"input":[3,4,5,6,7],"tlw":["eigen",5173],"trw":["leven",7694],"lp":[],"rp":[]},"125":{"input":[1,3,4,5,6,7],"tlw":["zeggen",6400],"trw":["laten",6557],"lp":[],"rp":[]},"126":{"input":[2,3,4,5,6,7],"tlw":["vond",4220],"trw":["krijgen",3495],"lp":[],"rp":[]},"127":{"input":[1,2,3,4,5,6,7],"tlw":["altijd",8787],"trw":["hoofd",7271],"lp":[],"rp":[]},"128":{"input":[8],"base":"p","baseshift":"P","trp":["pp",12540],"trw":["p",961],"lp":[],"rp":["pp"]},"129":{"input":[1,8],"base":"?","baseshift":"/","tlp":["ap",30480],"trp":["pa",44369],"tlw":["aap",260],"trw":["papa",882],"lp":["ap","app","aap","apa","appa"],"rp":["pa","paa","pap","ppa","papa","papp"],"special":"punc"},"130":{"input":[2,8],"base":")","baseshift":"]","tlp":["sp",30385],"trp":["ps",2263],"lp":["sp"],"rp":["ps","psp"],"special":"punc"},"131":{"input":[1,2,8],"tlp":["spa",3276],"trp":["pas",6100],"trw":["pas",3162],"lp":["spa","wap","asp","spaa","aps","wsp","wapp"],"rp":["pas","pass","pw","pasp","ppas"]},"132":{"input":[3,8],"base":"'","baseshift":"\"","tlp":["ep",32631],"trp":["pe",64915],"trw":["'",114697],"lp":["ep","epe","eep","epp","eppe","e'","ee'"],"rp":["pe","ppe","pee","'e","'ee","''","pep","pepe","'p"],"special":"punc"},"133":{"input":[1,3,8],"tlp":["appe",4414],"trp":["'a",772],"trw":["px",303],"lp":["appe","ape","epa","epaa","a'","xp","exp","xpe","expe","apa'"],"rp":["'a","px","pape","pa'"]},"134":{"input":[2,3,8],"tlp":["spe",7419],"trp":["'s",4942],"trw":["'s",2281],"lp":["spe","esp","spee","dp","espe","sep","d'","dep","eps","dpe","d's","epse"],"rp":["'s","'d","pd","'de","pes","pese","pse","ped"]},"135":{"input":[1,2,3,8],"tlp":["wape",918],"trp":["'w",3268],"tlw":["da's",142],"trw":["'we",656],"lp":["wape","a's","aspe","espa","dap","dapp","epas","dpa","da'","ewap"],"rp":["'w","'wa","'da","pad","'we","'waa","pda","padd","'daa","'wee"]},"136":{"input":[4,8],"tlp":["tp",294],"trp":["pt",17059],"trw":["pt",3175],"lp":["tp"],"rp":["pt"],"special":"bksp","base":"tp"},"137":{"input":[1,4,8],"tlp":["tap",4643],"trp":["pat",1164],"trw":["pat",62],"lp":["tap","apt","tapt","tapp","aapt","tpa","tpaa","fp","afp","aafp"],"rp":["pat","patt"]},"138":{"input":[2,4,8],"tlp":["tsp",813],"trp":["pst",986],"lp":["tsp"],"rp":["pst","psc"]},"139":{"input":[1,2,4,8],"tlp":["stap",4318],"trp":["past",1080],"tlw":["stap",923],"trw":["past",219],"lp":["stap","fsp","afsp","tspa","cap","capa","apst","spac","spat"],"rp":["past","psta","pac","pats"]},"140":{"input":[3,4,8],"tlp":["rp",6434],"trp":["pr",39150],"trw":["'t",3159],"lp":["rp","erp","reep","ept","rpe","erpe","rep","epr","epte","repe","eper"],"rp":["pr","per","pre","pte","'t","pet","pper","pete","pree"]},"141":{"input":[1,3,4,8],"tlp":["rap",4098],"trp":["pra",9631],"tlw":["trap",1366],"trw":["paar",6885],"lp":["rap","apte","trap","rapp","tape","rapt","apar","epar","epra"],"rp":["pra","paar","par","prat","praa","part","ppar","para","perf","pera","patr"]},"142":{"input":[2,3,4,8],"tlp":["spr",12727],"trp":["pers",3101],"tlw":["respect",322],"trw":["pers",244],"lp":["spr","spre","espr","spec","rsp","rspr","sper","ersp","cep","cept","tspr","sept"],"rp":["pers","prec","pec","pect","pres","pdr","perd","pste"]},"143":{"input":[1,2,3,4,8],"tlw":["stapte",1114],"trw":["'dat",1386],"lp":[],"rp":[]},"144":{"input":[5,8],"base":"m","baseshift":"M","trp":["mm",11785],"trw":["m",364],"lp":[],"rp":["mm","mp","nm","pn","pm","np","mn"]},"145":{"input":[1,5,8],"tlp":["am",70985],"trp":["ma",173379],"trw":["man",11151],"lp":["am","aam","amp","ama","amm"],"rp":["ma","maa","man","nam","pan","naam","mann","maan","nap","pann","nma","mam","nmaa","mma","mama"]},"146":{"input":[2,5,8],"tlp":["sm",4193],"trp":["ms",12782],"trw":["ms",164],"lp":["sm","sms"],"rp":["ms","jp","pj","nsp","mpj","nsm","jsm","jm","mps"]},"147":{"input":[1,2,5,8],"tlp":["wam",13717],"trp":["jam",1619],"tlw":["span",501],"trw":["massa",211],"lp":["wam","sam","span","sma","ams","snap","apj","smaa","aams","asm"],"rp":["jam","mas","jasp","jamm","mans","maj","mw","panj","jap","mass"]},"148":{"input":[3,5,8],"tlp":["em",102948],"trp":["me",272103],"tlw":["em",708],"trw":["me",29423],"lp":["em","eme","emen","eem","epen","enm","emm"],"rp":["me","men","mee","pen","'n","mme","ppen","nem","neme","mpe","mene","meen","neem"]},"149":{"input":[1,3,5,8],"tlp":["ema",26711],"trp":["name",3318],"tlw":["aannemen",185],"trw":["mannen",3680],"lp":["ema","ame","emaa","eman","amen","apen","enma","amme","ampe","eam","eema","emma","enam","eaam"],"rp":["name","'ma","'maa","max","pame","'na"]},"150":{"input":[2,3,5,8],"tlp":["emd",5986],"trp":["md",17766],"tlw":["sms'je",55],"trw":["mensen",8143],"lp":["emd","emde","dem","eemd","sme"],"rp":["md","mens","mde","mees","'j","pje","med","mes","pend","jpe","jpen","'je","mede","mend","mden"]},"151":{"input":[1,2,3,5,8],"tlw":["samen",3346],"trw":["maanden",1720],"lp":[],"rp":[]},"152":{"input":[4,5,8],"tlp":["tm",3132],"trp":["mt",9354],"trw":["mt",93],"lp":["tm","bm"],"rp":["mt","mb","ntm","mpt","pb","mbt","ntp"]},"153":{"input":[1,4,5,8],"tlp":["fam",4992],"trp":["mat",3403],"tlw":["tam",57],"trw":["maat",316],"lp":["fam","tam","amb","tma","fm","tmaa","amt","aamt","ambt","afm","amat"],"rp":["mat","maat","mant","napt","mba","mf","matt","mfa","mfan"],"special":"numsym"},"154":{"input":[2,4,5,8],"tlp":["cm",234],"trp":["mst",4009],"tlw":["cm",234],"lp":["cm","stm"],"rp":["mst","jpt","ntsp","msc","nstm"]},"155":{"input":[1,2,4,5,8],"tlw":["stam",199],"lp":[],"rp":[]},"156":{"input":[3,4,5,8],"tlp":["rm",26544],"trp":["met",89793],"tlw":["ermee",749],"trw":["met",82919],"lp":["rm","rme","erm","tem","rmee","rmen","reem","bep","erme","temm","emt"],"rp":["met","mer","meer","ment","mete","mmer","mte","mbe","mber"]},"157":{"input":[1,3,4,5,8],"tlw":["armen",1959],"trw":["maar",65784],"lp":[],"rp":[]},"158":{"input":[2,3,4,5,8],"tlw":["stem",3280],"trw":["meeste",1332],"lp":[],"rp":[]},"159":{"input":[1,2,3,4,5,8],"tlw":["waarmee",1313],"trw":["jasper",582],"lp":[],"rp":[]},"160":{"input":[6,8],"base":"!","baseshift":"!","trp":["pi",15794],"lp":[],"rp":["pi","ip","ipp","ppi","pip"],"special":"punc"},"161":{"input":[1,6,8],"tlp":["api",2645],"trp":["pz",1834],"trw":["pizza",62],"lp":["api","appi"],"rp":["pz","papi","pzi","pai","pia","pza","pzaa","piz","pizz"]},"162":{"input":[2,6,8],"tlp":["spi",2906],"trp":["pk",1286],"trw":["pik",322],"lp":["spi"],"rp":["pk","pis","pik","kip","isp","ips","kipp","pikk","kp","ksp","kspi","pki"]},"163":{"input":[1,2,6,8],"tlp":["apk",775],"trp":["pak",6092],"trw":["pak",881],"lp":["apk","aapk","apka","wip"],"rp":["pak","kap","pakk","kapi","pka","pwi","kaps","kapp","ppak","kaap","paki","pkw","pkwa"]},"164":{"input":[3,6,8],"tlp":["epi",821],"trp":["iep",14334],"lp":["epi","eppi"],"rp":["iep","pie","'i","iepe","ippe","ipe","iepi","ppie","pipe","pei","piep","i'"]},"165":{"input":[1,3,6,8],"tlp":["apie",1574],"trp":["'z",1130],"tlw":["appie",556],"trw":["'ze",578],"lp":["apie","z'","zeep","zi'","azi'"],"rp":["'z","'ze","pze","'zi"]},"166":{"input":[2,3,6,8],"tlp":["diep",3859],"trp":["'ik",3806],"tlw":["diep",1774],"trw":["'ik",3806],"lp":["diep","spie","disp","dpi","espi","epk"],"rp":["'ik","'k","'di","'die","'is","pike","ieps","'ki","i's","pke","pkee","peek","piek","iepk"]},"167":{"input":[1,2,3,6,8],"tlw":["zweep",76],"trw":["'wie",183],"lp":[],"rp":[]},"168":{"input":[4,6,8],"tlp":["tip",323],"trp":["pit",1634],"tlw":["tip",80],"trw":["pitt",114],"lp":["tip"],"rp":["pit","pv","ipt","pti","pitt","pvi","itp"]},"169":{"input":[1,4,6,8],"tlp":["apit",813],"trp":["pva",678],"lp":["apit","tapi"],"rp":["pva","pati","pvat","pita","itpa"]},"170":{"input":[2,4,6,8],"tlp":["cip",273],"trp":["pitc",623],"tlw":["spits",84],"lp":["cip","stip","spit","scip","tips"],"rp":["pitc","pist","itsp","pisc","ptis","pits","pikt","pic","pick","psti"]},"171":{"input":[1,2,4,6,8],"trw":["pakt",384],"lp":[],"rp":[]},"172":{"input":[3,4,6,8],"tlp":["riep",2691],"trp":["pri",3982],"tlw":["riep",2470],"trw":["piper",395],"lp":["riep","verp","rip","epti","ript"],"rp":["pri","pier","ierp","peri","pite","piet","prei","iper","iept","prie","ipte","perv","ptie","'v","priv"]},"173":{"input":[1,3,4,6,8],"trw":["papier",791],"lp":[],"rp":[]},"174":{"input":[2,3,4,6,8],"tlw":["spreekt",454],"trw":["precies",2555],"lp":[],"rp":[]},"175":{"input":[1,2,3,4,6,8],"tlw":["sprak",1554],"trw":["pakte",1998],"lp":[],"rp":[]},"176":{"input":[5,6,8],"trp":["mi",99056],"trw":["min",402],"lp":[],"rp":["mi","im","min","nmi","mmi","mh","ph","pni","imm","hip","nmin","pin","imp","inm","inmi","mmin","nip","mini","hm","phi"]},"177":{"input":[1,5,6,8],"tlp":["ami",5412],"trp":["hap",4798],"trw":["hap",187],"lp":["ami","zaam","zam","anmi"],"rp":["hap","mani","haam","ham","happ","ima","iam","pha","inam","mai","pani","mah","hamm","hamp","mha","mz"]},"178":{"input":[2,5,6,8],"tlp":["sim",1232],"trp":["mij",56462],"tlw":["spin",52],"trw":["mijn",42155],"lp":["sim","spij","simp","smi"],"rp":["mij","mijn","mis","miss","pij","ijp","pijn","mins","insp","knip","jim","mik","mmis","jimm","pijp","pijk"]},"179":{"input":[1,2,5,6,8],"tlw":["smaak",381],"trw":["kwam",9677],"lp":[],"rp":[]},"180":{"input":[3,5,6,8],"tlp":["emi",1479],"trp":["hem",38924],"tlw":["eph",104],"trw":["hem",36783],"lp":["emi","eim","enmi","emmi","epin"],"rp":["hem","iem","mei","niem","'h","ime","pnie","'he","imme","heim","heme","hep","mhe","impe","meni"]},"181":{"input":[1,3,5,6,8],"tlw":["z'n",1280],"trw":["maxima",176],"lp":[],"rp":[]},"182":{"input":[2,3,5,6,8],"trw":["meisje",3089],"lp":[],"rp":[]},"183":{"input":[1,2,3,5,6,8],"tlw":["zwemmen",284],"trw":["maken",6874],"lp":[],"rp":[]},"184":{"input":[4,5,6,8],"tlp":["tim",1065],"trp":["imt",1214],"tlw":["tim",122],"trw":["htm",71],"lp":["tim","tmi","timi"],"rp":["imt","mit","itm","ntim","htm","mbi","nipt","mv","mbin","imit","htp","miti","mith","mbit","mitt"]},"185":{"input":[1,4,5,6,8],"tlw":["fatima",79],"trw":["mattia",98],"lp":[],"rp":[]},"186":{"input":[2,4,5,6,8],"tlw":["schip",1068],"trw":["minst",275],"lp":[],"rp":[]},"187":{"input":[1,2,4,5,6,8],"tlw":["tapijt",196],"trw":["maakt",1930],"lp":[],"rp":[]},"188":{"input":[3,4,5,6,8],"tlw":["evenmin",310],"trw":["'het",1331],"lp":[],"rp":[]},"189":{"input":[1,3,4,5,6,8],"trw":["manier",3158],"lp":[],"rp":[]},"190":{"input":[2,3,4,5,6,8],"tlw":["spreken",1283],"trw":["misschien",7594],"lp":[],"rp":[]},"191":{"input":[1,2,3,4,5,6,8],"tlw":["amerikaanse",726],"trw":["maakte",4198],"lp":[],"rp":[]},"192":{"input":[7,8],"base":";","baseshift":":","trp":["op",166993],"trw":["op",103035],"lp":[],"rp":["op","po","oop","opp","poo","pop","ppo","popp","opo"],"special":"punc"},"193":{"input":[1,7,8],"tlp":["apo",574],"trp":["opa",966],"trw":["opa",532],"lp":["apo","appo"],"rp":["opa","oppa"]},"194":{"input":[2,7,8],"tlp":["spo",2653],"trp":["pos",1438],"trw":["poos",89],"lp":["spo","spoo","sop"],"rp":["pos","ops","poos","oops","pso","opsp","pspo"]},"195":{"input":[1,2,7,8],"tlp":["aspo",191],"trp":["opw",535],"trw":["oppas",51],"lp":["aspo"],"rp":["opw","pow"]},"196":{"input":[3,7,8],"tlp":["eop",278],"trp":["ope",17147],"trw":["'o",439],"lp":["eop","eope","eopo"],"rp":["ope","o'","oep","oppe","oepe","opee","poe","'o","-p","'op","-'","oo'","o-p","pope"]},"197":{"input":[1,3,7,8],"trp":["oepa",84],"lp":[],"rp":["oepa","-pa","o-pa"]},"198":{"input":[2,3,7,8],"tlp":["spoe",469],"trp":["o's",1470],"tlw":["soep",218],"trw":["poes",128],"lp":["spoe","dop","soep","so-p","dope","doop"],"rp":["o's","opd","poed","pod","opes","osep","poes","'do","'doe","oesp","'so","-sp"]},"199":{"input":[1,2,3,7,8],"lp":[],"rp":[]},"200":{"input":[4,7,8],"tlp":["top",4647],"trp":["pg",6426],"tlw":["top",406],"trw":["pot",229],"lp":["top","topt","topp","gp","gop"],"rp":["pg","opg","opt","oopt","pot","pog","pott","poot","poog","pto","ptop","ogop"]},"201":{"input":[1,4,7,8],"tlp":["apot",426],"trp":["pag",1681],"trw":["pag",94],"lp":["apot","apto","gpa","gaap"],"rp":["pag","pga","opga","pgaa"]},"202":{"input":[2,4,7,8],"tlp":["stop",2723],"trp":["opst",808],"tlw":["stop",253],"trw":["post",353],"lp":["stop","spot","coop","sopg","gops","gsp"],"rp":["opst","post","psto","opsc"]},"203":{"input":[1,2,4,7,8],"lp":[],"rp":[]},"204":{"input":[3,4,7,8],"tlp":["rop",6839],"trp":["pro",15569],"tlw":["erop",1554],"trw":["poort",291],"lp":["rop","roep","gep","erop","to'","gepr","grep","rope"],"rp":["pro","pge","opge","opte","por","port","orp","poor","oto'","oper","-top","opr"]},"205":{"input":[1,3,4,7,8],"tlw":["gepraat",288],"trw":["page",694],"lp":[],"rp":[]},"206":{"input":[2,3,4,7,8],"tlw":["dorp",866],"trw":["proces",337],"lp":[],"rp":[]},"207":{"input":[1,2,3,4,7,8],"tlw":["waarop",2183],"trw":["professor",384],"lp":[],"rp":[]},"208":{"input":[5,7,8],"trp":["om",134142],"trw":["om",51031],"lp":[],"rp":["om","mo","moo","mon","pu","mom","um","mu","omm","nom","oom","opn","omp","onm","pun","up","num","muu","umm","numm"]},"209":{"input":[1,5,7,8],"tlp":["amo",374],"trp":["oma",3325],"trw":["oma",579],"lp":["amo","amon","anmo","aup","amu","aom"],"rp":["oma","pano","oman","pau","omaa","omma","opna","mau","opma","moa","onma","napo","naom","mano"]},"210":{"input":[2,5,7,8],"tlp":["som",5660],"trp":["oms",6883],"tlw":["soms",3682],"trw":["joop",104],"lp":["som","soms","somm","spu","sup","smo","spon","spun","sum"],"rp":["oms","mso","opj","mons","mos","mus","joop","nspo","ooms","nopj","pus"]},"211":{"input":[1,2,5,7,8],"trw":["mouw",188],"lp":[],"rp":[]},"212":{"input":[3,5,7,8],"tlp":["enom",3098],"trp":["moe",46854],"trw":["open",4188],"lp":["enom","emo","emoe","epu"],"rp":["moe","ome","omen","open","oem","mome","o'n","noem","nome","omme","oeme","umme","ompe","ume","opme","umen"]},"213":{"input":[1,3,5,7,8],"trw":["opnamen",87],"lp":[],"rp":[]},"214":{"input":[2,3,5,7,8],"tlw":["dom",313],"trw":["mond",3010],"lp":[],"rp":[]},"215":{"input":[1,2,3,5,7,8],"tlw":["samenwonen",65],"trw":["panose-",1128],"lp":[],"rp":[]},"216":{"input":[4,5,7,8],"tlp":["tom",2789],"trp":["mog",5827],"tlw":["boom",593],"trw":["punt",1157],"lp":["tom","tmo","bom","ttom","boom"],"rp":["mog","omt","punt","mot","mg","omg","ontm","ntmo","put","pub","nmog","moto","mob","omb","mput"]},"217":{"input":[1,4,5,7,8],"tlw":["tatum",76],"trw":["mag",2733],"lp":[],"rp":[]},"218":{"input":[2,4,5,7,8],"tlw":["stom",368],"trw":["muts",127],"lp":[],"rp":[]},"219":{"input":[1,2,4,5,7,8],"tlw":["spontaan",128],"trw":["opstaan",213],"lp":[],"rp":[]},"220":{"input":[3,4,5,7,8],"tlw":["genomen",1400],"trw":["moet",11124],"lp":[],"rp":[]},"221":{"input":[1,3,4,5,7,8],"tlw":["roman",605],"trw":["magere",261],"lp":[],"rp":[]},"222":{"input":[2,3,4,5,7,8],"tlw":["sprong",808],"trw":["moest",9460],"lp":[],"rp":[]},"223":{"input":[1,2,3,4,5,7,8],"tlw":["waarom",5384],"trw":["omdat",8221],"lp":[],"rp":[]},"224":{"input":[6,7,8],"trp":["pl",22888],"trw":["loop",1091],"lp":[],"rp":["pl","lop","lp","pol","poli","plo","loop","lip","lipp","opl","opi","pli","oplo","pil","lopi","olp","lopp","ipo","pill","ilip"]},"225":{"input":[1,6,7,8],"tlp":["alp",160],"trp":["pla",12933],"trw":["paal",163],"lp":["alp","appl","apl","apol"],"rp":["pla","plaa","lap","laap","opz","paal","opzi","pal","lapp","pzo","opzo","pala","opla","lpla","lpz","lpza"]},"226":{"input":[2,6,7,8],"tlp":["spl",351],"trp":["kop",4373],"tlw":["sloop",153],"trw":["kop",1414],"lp":["spl","slip"],"rp":["kop","klop","koop","posi","plos","opk","pols","kopp","ispl","pko","opko","ikop","kopl","kpl","kopi","pkl","lsp","ilsp"]},"227":{"input":[1,2,6,7,8],"tlw":["slaap",1052],"trw":["klap",617],"lp":[],"rp":[]},"228":{"input":[3,6,7,8],"tlp":["elp",2649],"trp":["liep",7656],"trw":["liep",5744],"lp":["elp","elop","elpe","epl","epel"],"rp":["liep","pel","lope","ple","lpe","peel","pele","ppel","plee","peli","-pi","plei","ielp","ople","pell"]},"229":{"input":[1,3,6,7,8],"tlw":["appel",103],"trw":["'zo",172],"lp":[],"rp":[]},"230":{"input":[2,3,6,7,8],"tlw":["speelde",689],"trw":["plek",1535],"lp":[],"rp":[]},"231":{"input":[1,2,3,6,7,8],"tlw":["slappe",172],"trw":["'als",569],"lp":[],"rp":[]},"232":{"input":[4,6,7,8],"tlp":["glip",148],"trp":["plot",2109],"tlw":["volop",111],"trw":["loopt",1197],"lp":["glip","glop","gpl"],"rp":["plot","pig","opv","lopt","pogi","opig","ppig","pvo","opvo","lpt","pvol","oopv","lipt","opti","potl","igp","ligp"]},"233":{"input":[1,4,6,7,8],"tlw":["afloop",252],"trw":["plat",242],"lp":[],"rp":[]},"234":{"input":[2,4,6,7,8],"trw":["pistool",468],"lp":[],"rp":[]},"235":{"input":[1,2,4,6,7,8],"tlw":["slaapt",181],"trw":["plaats",3721],"lp":[],"rp":[]},"236":{"input":[3,4,6,7,8],"tlw":["voorlopig",401],"trw":["politie",1676],"lp":[],"rp":[]},"237":{"input":[1,3,4,6,7,8],"tlw":["april",288],"trw":["plezier",573],"lp":[],"rp":[]},"238":{"input":[2,3,4,6,7,8],"tlw":["gesprek",1386],"trw":["periode",563],"lp":[],"rp":[]},"239":{"input":[1,2,3,4,6,7,8],"tlw":["collega's",441],"trw":["opgewekt",248],"lp":[],"rp":[]},"240":{"input":[5,6,7,8],"trp":["mil",7222],"trw":["mooi",1931],"lp":[],"rp":["mil","lim","ml","mooi","iml","liml","lm","hoop","mili","uim","minu","omh","opni","ommi","lom","mho","omho","mhoo","hop","ulp"],"special":"enter"},"241":{"input":[1,5,6,7,8],"trw":["plan",1394],"lp":[],"rp":[]},"242":{"input":[2,5,6,7,8],"tlw":["simon",579],"trw":["kom",2728],"lp":[],"rp":[]},"243":{"input":[1,2,5,6,7,8],"tlw":["wanhoop",258],"trw":["opzij",767],"lp":[],"rp":[]},"244":{"input":[3,5,6,7,8],"trw":["lopen",2578],"lp":[],"rp":[]},"245":{"input":[1,3,5,6,7,8],"tlw":["allemaal",4589],"trw":["helemaal",5218],"lp":[],"rp":[]},"246":{"input":[2,3,5,6,7,8],"tlw":["spelen",1140],"trw":["komen",7764],"lp":[],"rp":[]},"247":{"input":[1,2,3,5,6,7,8],"tlw":["slapen",1278],"trw":["opnieuw",2178],"lp":[],"rp":[]},"248":{"input":[4,5,6,7,8],"tlw":["glimp",157],"trw":["omhoog",1619],"lp":[],"rp":[]},"249":{"input":[1,4,5,6,7,8],"tlw":["film",493],"trw":["langzaam",2034],"lp":[],"rp":[]},"250":{"input":[2,4,5,6,7,8],"tlw":["schuim",127],"trw":["komt",4942],"lp":[],"rp":[]},"251":{"input":[1,2,4,5,6,7,8],"tlw":["glimlach",1179],"trw":["lichaam",2366],"lp":[],"rp":[]},"252":{"input":[3,4,5,6,7,8],"tlw":["ruimte",1214],"trw":["minuten",1824],"lp":[],"rp":[]},"253":{"input":[1,3,4,5,6,7,8],"tlw":["familie",1891],"trw":["mezelf",1423],"lp":[],"rp":[]},"254":{"input":[2,3,4,5,6,7,8],"tlw":["gekomen",2342],"trw":["mogelijk",2546],"lp":[],"rp":[]},"255":{"input":[1,2,3,4,5,6,7,8],"tlw":["gemaakt",2371],"trw":["mevrouw",2250],"lp":[],"rp":[]}}