{
  "0": {
    "value": 0,
    "notes": [
      "Developer : Zack Dennis (zack@asetniop.com)",
      "Date : 12/12/2014",
      "All code (c) 2014 Pointesa, LLC all rights reserved",
      "Abbreviations :    ",
      "tlp = top left partial",
      "lp = left partials",
      "trp = top right partial",
      "rp = right partials",
      "tlw = top left word",
      "lw = left words",
      "trw = top right word",
      "rw = right words"
    ]
  },
  "1": {
    "input": [
      1
    ],
    "keys": "a",
    "base": "1",
    "baseshift": "!"
  },
  "2": {
    "input": [
      2
    ],
    "keys": "s",
    "base": "2",
    "baseshift": "@"
  },
  "3": {
    "input": [
      1,
      2
    ],
    "keys": "as",
    "base": " ",
    "baseshift": " "
  },
  "4": {
    "input": [
      3
    ],
    "keys": "e",
    "base": "3",
    "baseshift": "#"
  },
  "5": {
    "input": [
      1,
      3
    ],
    "keys": "ae",
    "base": "`",
    "baseshift": "~"
  },
  "6": {
    "input": [
      2,
      3
    ],
    "keys": "se",
    "base": "-",
    "baseshift": "_"
  },
  "7": {
    "input": [
      1,
      2,
      3
    ],
    "keys": "ase",
    "base": "",
    "baseshift": ""
  },
  "8": {
    "input": [
      4
    ],
    "keys": "t",
    "base": "4",
    "baseshift": "$"
  },
  "9": {
    "input": [
      1,
      4
    ],
    "keys": "at",
    "base": "[",
    "baseshift": "{"
  },
  "10": {
    "input": [
      2,
      4
    ],
    "keys": "st",
    "base": "Fn",
    "baseshift": "Fn"
  },
  "11": {
    "input": [
      1,
      2,
      4
    ],
    "keys": "ast",
    "base": "",
    "baseshift": ""
  },
  "12": {
    "input": [
      3,
      4
    ],
    "keys": "et",
    "base": "5",
    "baseshift": "%"
  },
  "13": {
    "input": [
      1,
      3,
      4
    ],
    "keys": "aet",
    "base": "",
    "baseshift": ""
  },
  "14": {
    "input": [
      2,
      3,
      4
    ],
    "keys": "set",
    "base": "",
    "baseshift": ""
  },
  "15": {
    "input": [
      1,
      2,
      3,
      4
    ],
    "keys": "aset",
    "base": "",
    "baseshift": ""
  },
  "16": {
    "input": [
      5
    ],
    "keys": "n",
    "base": "7",
    "baseshift": "&"
  },
  "17": {
    "input": [
      1,
      5
    ],
    "keys": "an",
    "base": " ",
    "baseshift": " "
  },
  "18": {
    "input": [
      2,
      5
    ],
    "keys": "sn",
    "base": "End",
    "baseshift": "End"
  },
  "19": {
    "input": [
      1,
      2,
      5
    ],
    "keys": "asn",
    "base": "",
    "baseshift": ""
  },
  "20": {
    "input": [
      3,
      5
    ],
    "keys": "en",
    "base": "Home",
    "baseshift": "Home"
  },
  "21": {
    "input": [
      1,
      3,
      5
    ],
    "keys": "aen",
    "base": "",
    "baseshift": ""
  },
  "22": {
    "input": [
      2,
      3,
      5
    ],
    "keys": "sen",
    "base": "",
    "baseshift": ""
  },
  "23": {
    "input": [
      1,
      2,
      3,
      5
    ],
    "keys": "asen",
    "base": "",
    "baseshift": ""
  },
  "24": {
    "input": [
      4,
      5
    ],
    "keys": "tn",
    "base": "",
    "baseshift": ""
  },
  "25": {
    "input": [
      1,
      4,
      5
    ],
    "keys": "atn",
    "base": "",
    "baseshift": ""
  },
  "26": {
    "input": [
      2,
      4,
      5
    ],
    "keys": "stn",
    "base": "",
    "baseshift": ""
  },
  "27": {
    "input": [
      1,
      2,
      4,
      5
    ],
    "keys": "astn",
    "base": "",
    "baseshift": ""
  },
  "28": {
    "input": [
      3,
      4,
      5
    ],
    "keys": "etn",
    "base": "",
    "baseshift": ""
  },
  "29": {
    "input": [
      1,
      3,
      4,
      5
    ],
    "keys": "aetn",
    "base": "",
    "baseshift": ""
  },
  "30": {
    "input": [
      2,
      3,
      4,
      5
    ],
    "keys": "setn",
    "base": "",
    "baseshift": ""
  },
  "31": {
    "input": [
      1,
      2,
      3,
      4,
      5
    ],
    "keys": "asetn",
    "base": "",
    "baseshift": ""
  },
  "32": {
    "input": [
      6
    ],
    "keys": "i",
    "base": "8",
    "baseshift": "*"
  },
  "33": {
    "input": [
      1,
      6
    ],
    "keys": "ai",
    "base": "!",
    "baseshift": "!"
  },
  "34": {
    "input": [
      2,
      6
    ],
    "keys": "si",
    "base": "=",
    "baseshift": "+"
  },
  "35": {
    "input": [
      1,
      2,
      6
    ],
    "keys": "asi",
    "base": "",
    "baseshift": ""
  },
  "36": {
    "input": [
      3,
      6
    ],
    "keys": "ei",
    "base": ",",
    "baseshift": "<"
  },
  "37": {
    "input": [
      1,
      3,
      6
    ],
    "keys": "aei",
    "base": "",
    "baseshift": ""
  },
  "38": {
    "input": [
      2,
      3,
      6
    ],
    "keys": "sei",
    "base": "",
    "baseshift": ""
  },
  "39": {
    "input": [
      1,
      2,
      3,
      6
    ],
    "keys": "asei",
    "base": "",
    "baseshift": ""
  },
  "40": {
    "input": [
      4,
      6
    ],
    "keys": "ti",
    "base": "",
    "baseshift": ""
  },
  "41": {
    "input": [
      1,
      4,
      6
    ],
    "keys": "ati",
    "base": "",
    "baseshift": ""
  },
  "42": {
    "input": [
      2,
      4,
      6
    ],
    "keys": "sti",
    "base": "",
    "baseshift": ""
  },
  "43": {
    "input": [
      1,
      2,
      4,
      6
    ],
    "keys": "asti",
    "base": "",
    "baseshift": ""
  },
  "44": {
    "input": [
      3,
      4,
      6
    ],
    "keys": "eti",
    "base": "",
    "baseshift": ""
  },
  "45": {
    "input": [
      1,
      3,
      4,
      6
    ],
    "keys": "aeti",
    "base": "",
    "baseshift": ""
  },
  "46": {
    "input": [
      2,
      3,
      4,
      6
    ],
    "keys": "seti",
    "base": "",
    "baseshift": ""
  },
  "47": {
    "input": [
      1,
      2,
      3,
      4,
      6
    ],
    "keys": "aseti",
    "base": "",
    "baseshift": ""
  },
  "48": {
    "input": [
      5,
      6
    ],
    "keys": "ni",
    "base": "6",
    "baseshift": "^"
  },
  "49": {
    "input": [
      1,
      5,
      6
    ],
    "keys": "ani",
    "base": "",
    "baseshift": ""
  },
  "50": {
    "input": [
      2,
      5,
      6
    ],
    "keys": "sni",
    "base": "",
    "baseshift": ""
  },
  "51": {
    "input": [
      1,
      2,
      5,
      6
    ],
    "keys": "asni",
    "base": "",
    "baseshift": ""
  },
  "52": {
    "input": [
      3,
      5,
      6
    ],
    "keys": "eni",
    "base": "",
    "baseshift": ""
  },
  "53": {
    "input": [
      1,
      3,
      5,
      6
    ],
    "keys": "aeni",
    "base": "",
    "baseshift": ""
  },
  "54": {
    "input": [
      2,
      3,
      5,
      6
    ],
    "keys": "seni",
    "base": "",
    "baseshift": ""
  },
  "55": {
    "input": [
      1,
      2,
      3,
      5,
      6
    ],
    "keys": "aseni",
    "base": "",
    "baseshift": ""
  },
  "56": {
    "input": [
      4,
      5,
      6
    ],
    "keys": "tni",
    "base": "",
    "baseshift": ""
  },
  "57": {
    "input": [
      1,
      4,
      5,
      6
    ],
    "keys": "atni",
    "base": "",
    "baseshift": ""
  },
  "58": {
    "input": [
      2,
      4,
      5,
      6
    ],
    "keys": "stni",
    "base": "",
    "baseshift": ""
  },
  "59": {
    "input": [
      1,
      2,
      4,
      5,
      6
    ],
    "keys": "astni",
    "base": "",
    "baseshift": ""
  },
  "60": {
    "input": [
      3,
      4,
      5,
      6
    ],
    "keys": "etni",
    "base": "",
    "baseshift": ""
  },
  "61": {
    "input": [
      1,
      3,
      4,
      5,
      6
    ],
    "keys": "aetni",
    "base": "",
    "baseshift": ""
  },
  "62": {
    "input": [
      2,
      3,
      4,
      5,
      6
    ],
    "keys": "setni",
    "base": "",
    "baseshift": ""
  },
  "63": {
    "input": [
      1,
      2,
      3,
      4,
      5,
      6
    ],
    "keys": "asetni",
    "base": "",
    "baseshift": ""
  },
  "64": {
    "input": [
      7
    ],
    "keys": "o",
    "base": "9",
    "baseshift": "("
  },
  "65": {
    "input": [
      1,
      7
    ],
    "keys": "ao",
    "base": "(",
    "baseshift": "("
  },
  "66": {
    "input": [
      2,
      7
    ],
    "keys": "so",
    "base": ".",
    "baseshift": ">"
  },
  "67": {
    "input": [
      1,
      2,
      7
    ],
    "keys": "aso",
    "base": "",
    "baseshift": ""
  },
  "68": {
    "input": [
      3,
      7
    ],
    "keys": "eo",
    "base": "-",
    "baseshift": "_"
  },
  "69": {
    "input": [
      1,
      3,
      7
    ],
    "keys": "aeo",
    "base": "",
    "baseshift": ""
  },
  "70": {
    "input": [
      2,
      3,
      7
    ],
    "keys": "seo",
    "base": "",
    "baseshift": ""
  },
  "71": {
    "input": [
      1,
      2,
      3,
      7
    ],
    "keys": "aseo",
    "base": "",
    "baseshift": ""
  },
  "72": {
    "input": [
      4,
      7
    ],
    "keys": "to",
    "base": "",
    "baseshift": ""
  },
  "73": {
    "input": [
      1,
      4,
      7
    ],
    "keys": "ato",
    "base": "",
    "baseshift": ""
  },
  "74": {
    "input": [
      2,
      4,
      7
    ],
    "keys": "sto",
    "base": "",
    "baseshift": ""
  },
  "75": {
    "input": [
      1,
      2,
      4,
      7
    ],
    "keys": "asto",
    "base": "",
    "baseshift": ""
  },
  "76": {
    "input": [
      3,
      4,
      7
    ],
    "keys": "eto",
    "base": "",
    "baseshift": ""
  },
  "77": {
    "input": [
      1,
      3,
      4,
      7
    ],
    "keys": "aeto",
    "base": "",
    "baseshift": ""
  },
  "78": {
    "input": [
      2,
      3,
      4,
      7
    ],
    "keys": "seto",
    "base": "",
    "baseshift": ""
  },
  "79": {
    "input": [
      1,
      2,
      3,
      4,
      7
    ],
    "keys": "aseto",
    "base": "",
    "baseshift": ""
  },
  "80": {
    "input": [
      5,
      7
    ],
    "keys": "no",
    "base": "Fn",
    "baseshift": "Fn"
  },
  "81": {
    "input": [
      1,
      5,
      7
    ],
    "keys": "ano",
    "base": "",
    "baseshift": ""
  },
  "82": {
    "input": [
      2,
      5,
      7
    ],
    "keys": "sno",
    "base": "",
    "baseshift": ""
  },
  "83": {
    "input": [
      1,
      2,
      5,
      7
    ],
    "keys": "asno",
    "base": "",
    "baseshift": ""
  },
  "84": {
    "input": [
      3,
      5,
      7
    ],
    "keys": "eno",
    "base": "",
    "baseshift": ""
  },
  "85": {
    "input": [
      1,
      3,
      5,
      7
    ],
    "keys": "aeno",
    "base": "",
    "baseshift": ""
  },
  "86": {
    "input": [
      2,
      3,
      5,
      7
    ],
    "keys": "seno",
    "base": "",
    "baseshift": ""
  },
  "87": {
    "input": [
      1,
      2,
      3,
      5,
      7
    ],
    "keys": "aseno",
    "base": "",
    "baseshift": ""
  },
  "88": {
    "input": [
      4,
      5,
      7
    ],
    "keys": "tno",
    "base": "",
    "baseshift": ""
  },
  "89": {
    "input": [
      1,
      4,
      5,
      7
    ],
    "keys": "atno",
    "base": "",
    "baseshift": ""
  },
  "90": {
    "input": [
      2,
      4,
      5,
      7
    ],
    "keys": "stno",
    "base": "",
    "baseshift": ""
  },
  "91": {
    "input": [
      1,
      2,
      4,
      5,
      7
    ],
    "keys": "astno",
    "base": "",
    "baseshift": ""
  },
  "92": {
    "input": [
      3,
      4,
      5,
      7
    ],
    "keys": "etno",
    "base": "",
    "baseshift": ""
  },
  "93": {
    "input": [
      1,
      3,
      4,
      5,
      7
    ],
    "keys": "aetno",
    "base": "",
    "baseshift": ""
  },
  "94": {
    "input": [
      2,
      3,
      4,
      5,
      7
    ],
    "keys": "setno",
    "base": "",
    "baseshift": ""
  },
  "95": {
    "input": [
      1,
      2,
      3,
      4,
      5,
      7
    ],
    "keys": "asetno",
    "base": "",
    "baseshift": ""
  },
  "96": {
    "input": [
      6,
      7
    ],
    "keys": "io",
    "base": "=",
    "baseshift": "+"
  },
  "97": {
    "input": [
      1,
      6,
      7
    ],
    "keys": "aio",
    "base": "",
    "baseshift": ""
  },
  "98": {
    "input": [
      2,
      6,
      7
    ],
    "keys": "sio",
    "base": "",
    "baseshift": ""
  },
  "99": {
    "input": [
      1,
      2,
      6,
      7
    ],
    "keys": "asio",
    "base": "",
    "baseshift": ""
  },
  "100": {
    "input": [
      3,
      6,
      7
    ],
    "keys": "eio",
    "base": "",
    "baseshift": ""
  },
  "101": {
    "input": [
      1,
      3,
      6,
      7
    ],
    "keys": "aeio",
    "base": "",
    "baseshift": ""
  },
  "102": {
    "input": [
      2,
      3,
      6,
      7
    ],
    "keys": "seio",
    "base": "",
    "baseshift": ""
  },
  "103": {
    "input": [
      1,
      2,
      3,
      6,
      7
    ],
    "keys": "aseio",
    "base": "",
    "baseshift": ""
  },
  "104": {
    "input": [
      4,
      6,
      7
    ],
    "keys": "tio",
    "base": "",
    "baseshift": ""
  },
  "105": {
    "input": [
      1,
      4,
      6,
      7
    ],
    "keys": "atio",
    "base": "",
    "baseshift": ""
  },
  "106": {
    "input": [
      2,
      4,
      6,
      7
    ],
    "keys": "stio",
    "base": "",
    "baseshift": ""
  },
  "107": {
    "input": [
      1,
      2,
      4,
      6,
      7
    ],
    "keys": "astio",
    "base": "",
    "baseshift": ""
  },
  "108": {
    "input": [
      3,
      4,
      6,
      7
    ],
    "keys": "etio",
    "base": "",
    "baseshift": ""
  },
  "109": {
    "input": [
      1,
      3,
      4,
      6,
      7
    ],
    "keys": "aetio",
    "base": "",
    "baseshift": ""
  },
  "110": {
    "input": [
      2,
      3,
      4,
      6,
      7
    ],
    "keys": "setio",
    "base": "",
    "baseshift": ""
  },
  "111": {
    "input": [
      1,
      2,
      3,
      4,
      6,
      7
    ],
    "keys": "asetio",
    "base": "",
    "baseshift": ""
  },
  "112": {
    "input": [
      5,
      6,
      7
    ],
    "keys": "nio",
    "base": "",
    "baseshift": ""
  },
  "113": {
    "input": [
      1,
      5,
      6,
      7
    ],
    "keys": "anio",
    "base": "",
    "baseshift": ""
  },
  "114": {
    "input": [
      2,
      5,
      6,
      7
    ],
    "keys": "snio",
    "base": "",
    "baseshift": ""
  },
  "115": {
    "input": [
      1,
      2,
      5,
      6,
      7
    ],
    "keys": "asnio",
    "base": "",
    "baseshift": ""
  },
  "116": {
    "input": [
      3,
      5,
      6,
      7
    ],
    "keys": "enio",
    "base": "",
    "baseshift": ""
  },
  "117": {
    "input": [
      1,
      3,
      5,
      6,
      7
    ],
    "keys": "aenio",
    "base": "",
    "baseshift": ""
  },
  "118": {
    "input": [
      2,
      3,
      5,
      6,
      7
    ],
    "keys": "senio",
    "base": "",
    "baseshift": ""
  },
  "119": {
    "input": [
      1,
      2,
      3,
      5,
      6,
      7
    ],
    "keys": "asenio",
    "base": "",
    "baseshift": ""
  },
  "120": {
    "input": [
      4,
      5,
      6,
      7
    ],
    "keys": "tnio",
    "base": "",
    "baseshift": ""
  },
  "121": {
    "input": [
      1,
      4,
      5,
      6,
      7
    ],
    "keys": "atnio",
    "base": "",
    "baseshift": ""
  },
  "122": {
    "input": [
      2,
      4,
      5,
      6,
      7
    ],
    "keys": "stnio",
    "base": "",
    "baseshift": ""
  },
  "123": {
    "input": [
      1,
      2,
      4,
      5,
      6,
      7
    ],
    "keys": "astnio",
    "base": "",
    "baseshift": ""
  },
  "124": {
    "input": [
      3,
      4,
      5,
      6,
      7
    ],
    "keys": "etnio",
    "base": "",
    "baseshift": ""
  },
  "125": {
    "input": [
      1,
      3,
      4,
      5,
      6,
      7
    ],
    "keys": "aetnio",
    "base": "",
    "baseshift": ""
  },
  "126": {
    "input": [
      2,
      3,
      4,
      5,
      6,
      7
    ],
    "keys": "setnio",
    "base": "",
    "baseshift": ""
  },
  "127": {
    "input": [
      1,
      2,
      3,
      4,
      5,
      6,
      7
    ],
    "keys": "asetnio",
    "base": "",
    "baseshift": ""
  },
  "128": {
    "input": [
      8
    ],
    "keys": "p",
    "base": "0",
    "baseshift": ")"
  },
  "129": {
    "input": [
      1,
      8
    ],
    "keys": "ap",
    "base": "?",
    "baseshift": "/"
  },
  "130": {
    "input": [
      2,
      8
    ],
    "keys": "sp",
    "base": ")",
    "baseshift": ")"
  },
  "131": {
    "input": [
      1,
      2,
      8
    ],
    "keys": "asp",
    "base": "",
    "baseshift": ""
  },
  "132": {
    "input": [
      3,
      8
    ],
    "keys": "ep",
    "base": "'",
    "baseshift": "'"
  },
  "133": {
    "input": [
      1,
      3,
      8
    ],
    "keys": "aep",
    "base": "",
    "baseshift": ""
  },
  "134": {
    "input": [
      2,
      3,
      8
    ],
    "keys": "sep",
    "base": "",
    "baseshift": ""
  },
  "135": {
    "input": [
      1,
      2,
      3,
      8
    ],
    "keys": "asep",
    "base": "",
    "baseshift": ""
  },
  "136": {
    "input": [
      4,
      8
    ],
    "keys": "tp",
    "base": "",
    "baseshift": "",
    "special": "bksp"
  },
  "137": {
    "input": [
      1,
      4,
      8
    ],
    "keys": "atp",
    "base": "",
    "baseshift": ""
  },
  "138": {
    "input": [
      2,
      4,
      8
    ],
    "keys": "stp",
    "base": "",
    "baseshift": ""
  },
  "139": {
    "input": [
      1,
      2,
      4,
      8
    ],
    "keys": "astp",
    "base": "",
    "baseshift": ""
  },
  "140": {
    "input": [
      3,
      4,
      8
    ],
    "keys": "etp",
    "base": "",
    "baseshift": ""
  },
  "141": {
    "input": [
      1,
      3,
      4,
      8
    ],
    "keys": "aetp",
    "base": "",
    "baseshift": ""
  },
  "142": {
    "input": [
      2,
      3,
      4,
      8
    ],
    "keys": "setp",
    "base": "",
    "baseshift": ""
  },
  "143": {
    "input": [
      1,
      2,
      3,
      4,
      8
    ],
    "keys": "asetp",
    "base": "",
    "baseshift": ""
  },
  "144": {
    "input": [
      5,
      8
    ],
    "keys": "np",
    "base": "]",
    "baseshift": "}"
  },
  "145": {
    "input": [
      1,
      5,
      8
    ],
    "keys": "anp",
    "base": "",
    "baseshift": ""
  },
  "146": {
    "input": [
      2,
      5,
      8
    ],
    "keys": "snp",
    "base": "",
    "baseshift": ""
  },
  "147": {
    "input": [
      1,
      2,
      5,
      8
    ],
    "keys": "asnp",
    "base": "",
    "baseshift": ""
  },
  "148": {
    "input": [
      3,
      5,
      8
    ],
    "keys": "enp",
    "base": "",
    "baseshift": ""
  },
  "149": {
    "input": [
      1,
      3,
      5,
      8
    ],
    "keys": "aenp",
    "base": "",
    "baseshift": ""
  },
  "150": {
    "input": [
      2,
      3,
      5,
      8
    ],
    "keys": "senp",
    "base": "",
    "baseshift": ""
  },
  "151": {
    "input": [
      1,
      2,
      3,
      5,
      8
    ],
    "keys": "asenp",
    "base": "",
    "baseshift": ""
  },
  "152": {
    "input": [
      4,
      5,
      8
    ],
    "keys": "tnp",
    "base": "",
    "baseshift": ""
  },
  "153": {
    "input": [
      1,
      4,
      5,
      8
    ],
    "keys": "atnp",
    "base": "LETTERS",
    "baseshift": "LETTERS",
    "special": "letters"
  },
  "154": {
    "input": [
      2,
      4,
      5,
      8
    ],
    "keys": "stnp",
    "base": "",
    "baseshift": ""
  },
  "155": {
    "input": [
      1,
      2,
      4,
      5,
      8
    ],
    "keys": "astnp",
    "base": "",
    "baseshift": ""
  },
  "156": {
    "input": [
      3,
      4,
      5,
      8
    ],
    "keys": "etnp",
    "base": "",
    "baseshift": ""
  },
  "157": {
    "input": [
      1,
      3,
      4,
      5,
      8
    ],
    "keys": "aetnp",
    "base": "",
    "baseshift": ""
  },
  "158": {
    "input": [
      2,
      3,
      4,
      5,
      8
    ],
    "keys": "setnp",
    "base": "",
    "baseshift": ""
  },
  "159": {
    "input": [
      1,
      2,
      3,
      4,
      5,
      8
    ],
    "keys": "asetnp",
    "base": "",
    "baseshift": ""
  },
  "160": {
    "input": [
      6,
      8
    ],
    "keys": "ip",
    "base": "",
    "baseshift": "|"
  },
  "161": {
    "input": [
      1,
      6,
      8
    ],
    "keys": "aip",
    "base": "",
    "baseshift": ""
  },
  "162": {
    "input": [
      2,
      6,
      8
    ],
    "keys": "sip",
    "base": "",
    "baseshift": ""
  },
  "163": {
    "input": [
      1,
      2,
      6,
      8
    ],
    "keys": "asip",
    "base": "",
    "baseshift": ""
  },
  "164": {
    "input": [
      3,
      6,
      8
    ],
    "keys": "eip",
    "base": "",
    "baseshift": ""
  },
  "165": {
    "input": [
      1,
      3,
      6,
      8
    ],
    "keys": "aeip",
    "base": "",
    "baseshift": ""
  },
  "166": {
    "input": [
      2,
      3,
      6,
      8
    ],
    "keys": "seip",
    "base": "",
    "baseshift": ""
  },
  "167": {
    "input": [
      1,
      2,
      3,
      6,
      8
    ],
    "keys": "aseip",
    "base": "",
    "baseshift": ""
  },
  "168": {
    "input": [
      4,
      6,
      8
    ],
    "keys": "tip",
    "base": "",
    "baseshift": ""
  },
  "169": {
    "input": [
      1,
      4,
      6,
      8
    ],
    "keys": "atip",
    "base": "",
    "baseshift": ""
  },
  "170": {
    "input": [
      2,
      4,
      6,
      8
    ],
    "keys": "stip",
    "base": "",
    "baseshift": ""
  },
  "171": {
    "input": [
      1,
      2,
      4,
      6,
      8
    ],
    "keys": "astip",
    "base": "",
    "baseshift": ""
  },
  "172": {
    "input": [
      3,
      4,
      6,
      8
    ],
    "keys": "etip",
    "base": "",
    "baseshift": ""
  },
  "173": {
    "input": [
      1,
      3,
      4,
      6,
      8
    ],
    "keys": "aetip",
    "base": "",
    "baseshift": ""
  },
  "174": {
    "input": [
      2,
      3,
      4,
      6,
      8
    ],
    "keys": "setip",
    "base": "",
    "baseshift": ""
  },
  "175": {
    "input": [
      1,
      2,
      3,
      4,
      6,
      8
    ],
    "keys": "asetip",
    "base": "",
    "baseshift": ""
  },
  "176": {
    "input": [
      5,
      6,
      8
    ],
    "keys": "nip",
    "base": "",
    "baseshift": ""
  },
  "177": {
    "input": [
      1,
      5,
      6,
      8
    ],
    "keys": "anip",
    "base": "",
    "baseshift": ""
  },
  "178": {
    "input": [
      2,
      5,
      6,
      8
    ],
    "keys": "snip",
    "base": "",
    "baseshift": ""
  },
  "179": {
    "input": [
      1,
      2,
      5,
      6,
      8
    ],
    "keys": "asnip",
    "base": "",
    "baseshift": ""
  },
  "180": {
    "input": [
      3,
      5,
      6,
      8
    ],
    "keys": "enip",
    "base": "",
    "baseshift": ""
  },
  "181": {
    "input": [
      1,
      3,
      5,
      6,
      8
    ],
    "keys": "aenip",
    "base": "",
    "baseshift": ""
  },
  "182": {
    "input": [
      2,
      3,
      5,
      6,
      8
    ],
    "keys": "senip",
    "base": "",
    "baseshift": ""
  },
  "183": {
    "input": [
      1,
      2,
      3,
      5,
      6,
      8
    ],
    "keys": "asenip",
    "base": "",
    "baseshift": ""
  },
  "184": {
    "input": [
      4,
      5,
      6,
      8
    ],
    "keys": "tnip",
    "base": "",
    "baseshift": ""
  },
  "185": {
    "input": [
      1,
      4,
      5,
      6,
      8
    ],
    "keys": "atnip",
    "base": "",
    "baseshift": ""
  },
  "186": {
    "input": [
      2,
      4,
      5,
      6,
      8
    ],
    "keys": "stnip",
    "base": "",
    "baseshift": ""
  },
  "187": {
    "input": [
      1,
      2,
      4,
      5,
      6,
      8
    ],
    "keys": "astnip",
    "base": "",
    "baseshift": ""
  },
  "188": {
    "input": [
      3,
      4,
      5,
      6,
      8
    ],
    "keys": "etnip",
    "base": "",
    "baseshift": ""
  },
  "189": {
    "input": [
      1,
      3,
      4,
      5,
      6,
      8
    ],
    "keys": "aetnip",
    "base": "",
    "baseshift": ""
  },
  "190": {
    "input": [
      2,
      3,
      4,
      5,
      6,
      8
    ],
    "keys": "setnip",
    "base": "",
    "baseshift": ""
  },
  "191": {
    "input": [
      1,
      2,
      3,
      4,
      5,
      6,
      8
    ],
    "keys": "asetnip",
    "base": "",
    "baseshift": ""
  },
  "192": {
    "input": [
      7,
      8
    ],
    "keys": "op",
    "base": ";",
    "baseshift": ":"
  },
  "193": {
    "input": [
      1,
      7,
      8
    ],
    "keys": "aop",
    "base": "",
    "baseshift": ""
  },
  "194": {
    "input": [
      2,
      7,
      8
    ],
    "keys": "sop",
    "base": "",
    "baseshift": ""
  },
  "195": {
    "input": [
      1,
      2,
      7,
      8
    ],
    "keys": "asop",
    "base": "",
    "baseshift": ""
  },
  "196": {
    "input": [
      3,
      7,
      8
    ],
    "keys": "eop",
    "base": "",
    "baseshift": ""
  },
  "197": {
    "input": [
      1,
      3,
      7,
      8
    ],
    "keys": "aeop",
    "base": "",
    "baseshift": ""
  },
  "198": {
    "input": [
      2,
      3,
      7,
      8
    ],
    "keys": "seop",
    "base": "",
    "baseshift": ""
  },
  "199": {
    "input": [
      1,
      2,
      3,
      7,
      8
    ],
    "keys": "aseop",
    "base": "",
    "baseshift": ""
  },
  "200": {
    "input": [
      4,
      7,
      8
    ],
    "keys": "top",
    "base": "",
    "baseshift": ""
  },
  "201": {
    "input": [
      1,
      4,
      7,
      8
    ],
    "keys": "atop",
    "base": "",
    "baseshift": ""
  },
  "202": {
    "input": [
      2,
      4,
      7,
      8
    ],
    "keys": "stop",
    "base": "",
    "baseshift": ""
  },
  "203": {
    "input": [
      1,
      2,
      4,
      7,
      8
    ],
    "keys": "astop",
    "base": "",
    "baseshift": ""
  },
  "204": {
    "input": [
      3,
      4,
      7,
      8
    ],
    "keys": "etop",
    "base": "",
    "baseshift": ""
  },
  "205": {
    "input": [
      1,
      3,
      4,
      7,
      8
    ],
    "keys": "aetop",
    "base": "",
    "baseshift": ""
  },
  "206": {
    "input": [
      2,
      3,
      4,
      7,
      8
    ],
    "keys": "setop",
    "base": "",
    "baseshift": ""
  },
  "207": {
    "input": [
      1,
      2,
      3,
      4,
      7,
      8
    ],
    "keys": "asetop",
    "base": "",
    "baseshift": ""
  },
  "208": {
    "input": [
      5,
      7,
      8
    ],
    "keys": "nop",
    "base": "",
    "baseshift": ""
  },
  "209": {
    "input": [
      1,
      5,
      7,
      8
    ],
    "keys": "anop",
    "base": "",
    "baseshift": ""
  },
  "210": {
    "input": [
      2,
      5,
      7,
      8
    ],
    "keys": "snop",
    "base": "",
    "baseshift": ""
  },
  "211": {
    "input": [
      1,
      2,
      5,
      7,
      8
    ],
    "keys": "asnop",
    "base": "",
    "baseshift": ""
  },
  "212": {
    "input": [
      3,
      5,
      7,
      8
    ],
    "keys": "enop",
    "base": "",
    "baseshift": ""
  },
  "213": {
    "input": [
      1,
      3,
      5,
      7,
      8
    ],
    "keys": "aenop",
    "base": "",
    "baseshift": ""
  },
  "214": {
    "input": [
      2,
      3,
      5,
      7,
      8
    ],
    "keys": "senop",
    "base": "",
    "baseshift": ""
  },
  "215": {
    "input": [
      1,
      2,
      3,
      5,
      7,
      8
    ],
    "keys": "asenop",
    "base": "",
    "baseshift": ""
  },
  "216": {
    "input": [
      4,
      5,
      7,
      8
    ],
    "keys": "tnop",
    "base": "",
    "baseshift": ""
  },
  "217": {
    "input": [
      1,
      4,
      5,
      7,
      8
    ],
    "keys": "atnop",
    "base": "",
    "baseshift": ""
  },
  "218": {
    "input": [
      2,
      4,
      5,
      7,
      8
    ],
    "keys": "stnop",
    "base": "",
    "baseshift": ""
  },
  "219": {
    "input": [
      1,
      2,
      4,
      5,
      7,
      8
    ],
    "keys": "astnop",
    "base": "",
    "baseshift": ""
  },
  "220": {
    "input": [
      3,
      4,
      5,
      7,
      8
    ],
    "keys": "etnop",
    "base": "",
    "baseshift": ""
  },
  "221": {
    "input": [
      1,
      3,
      4,
      5,
      7,
      8
    ],
    "keys": "aetnop",
    "base": "",
    "baseshift": ""
  },
  "222": {
    "input": [
      2,
      3,
      4,
      5,
      7,
      8
    ],
    "keys": "setnop",
    "base": "",
    "baseshift": ""
  },
  "223": {
    "input": [
      1,
      2,
      3,
      4,
      5,
      7,
      8
    ],
    "keys": "asetnop",
    "base": "",
    "baseshift": ""
  },
  "224": {
    "input": [
      6,
      7,
      8
    ],
    "keys": "iop",
    "base": "",
    "baseshift": ""
  },
  "225": {
    "input": [
      1,
      6,
      7,
      8
    ],
    "keys": "aiop",
    "base": "",
    "baseshift": ""
  },
  "226": {
    "input": [
      2,
      6,
      7,
      8
    ],
    "keys": "siop",
    "base": "",
    "baseshift": ""
  },
  "227": {
    "input": [
      1,
      2,
      6,
      7,
      8
    ],
    "keys": "asiop",
    "base": "",
    "baseshift": ""
  },
  "228": {
    "input": [
      3,
      6,
      7,
      8
    ],
    "keys": "eiop",
    "base": "",
    "baseshift": ""
  },
  "229": {
    "input": [
      1,
      3,
      6,
      7,
      8
    ],
    "keys": "aeiop",
    "base": "",
    "baseshift": ""
  },
  "230": {
    "input": [
      2,
      3,
      6,
      7,
      8
    ],
    "keys": "seiop",
    "base": "",
    "baseshift": ""
  },
  "231": {
    "input": [
      1,
      2,
      3,
      6,
      7,
      8
    ],
    "keys": "aseiop",
    "base": "",
    "baseshift": ""
  },
  "232": {
    "input": [
      4,
      6,
      7,
      8
    ],
    "keys": "tiop",
    "base": "",
    "baseshift": ""
  },
  "233": {
    "input": [
      1,
      4,
      6,
      7,
      8
    ],
    "keys": "atiop",
    "base": "",
    "baseshift": ""
  },
  "234": {
    "input": [
      2,
      4,
      6,
      7,
      8
    ],
    "keys": "stiop",
    "base": "",
    "baseshift": ""
  },
  "235": {
    "input": [
      1,
      2,
      4,
      6,
      7,
      8
    ],
    "keys": "astiop",
    "base": "",
    "baseshift": ""
  },
  "236": {
    "input": [
      3,
      4,
      6,
      7,
      8
    ],
    "keys": "etiop",
    "base": "",
    "baseshift": ""
  },
  "237": {
    "input": [
      1,
      3,
      4,
      6,
      7,
      8
    ],
    "keys": "aetiop",
    "base": "",
    "baseshift": ""
  },
  "238": {
    "input": [
      2,
      3,
      4,
      6,
      7,
      8
    ],
    "keys": "setiop",
    "base": "",
    "baseshift": ""
  },
  "239": {
    "input": [
      1,
      2,
      3,
      4,
      6,
      7,
      8
    ],
    "keys": "asetiop",
    "base": "",
    "baseshift": ""
  },
  "240": {
    "input": [
      5,
      6,
      7,
      8
    ],
    "keys": "niop",
    "base": "   ",
    "baseshift": "   "
  },
  "241": {
    "input": [
      1,
      5,
      6,
      7,
      8
    ],
    "keys": "aniop",
    "base": "",
    "baseshift": ""
  },
  "242": {
    "input": [
      2,
      5,
      6,
      7,
      8
    ],
    "keys": "sniop",
    "base": "",
    "baseshift": ""
  },
  "243": {
    "input": [
      1,
      2,
      5,
      6,
      7,
      8
    ],
    "keys": "asniop",
    "base": "",
    "baseshift": ""
  },
  "244": {
    "input": [
      3,
      5,
      6,
      7,
      8
    ],
    "keys": "eniop",
    "base": "",
    "baseshift": ""
  },
  "245": {
    "input": [
      1,
      3,
      5,
      6,
      7,
      8
    ],
    "keys": "aeniop",
    "base": "",
    "baseshift": ""
  },
  "246": {
    "input": [
      2,
      3,
      5,
      6,
      7,
      8
    ],
    "keys": "seniop",
    "base": "",
    "baseshift": ""
  },
  "247": {
    "input": [
      1,
      2,
      3,
      5,
      6,
      7,
      8
    ],
    "keys": "aseniop",
    "base": "",
    "baseshift": ""
  },
  "248": {
    "input": [
      4,
      5,
      6,
      7,
      8
    ],
    "keys": "tniop",
    "base": "",
    "baseshift": ""
  },
  "249": {
    "input": [
      1,
      4,
      5,
      6,
      7,
      8
    ],
    "keys": "atniop",
    "base": "",
    "baseshift": ""
  },
  "250": {
    "input": [
      2,
      4,
      5,
      6,
      7,
      8
    ],
    "keys": "stniop",
    "base": "",
    "baseshift": ""
  },
  "251": {
    "input": [
      1,
      2,
      4,
      5,
      6,
      7,
      8
    ],
    "keys": "astniop",
    "base": "",
    "baseshift": ""
  },
  "252": {
    "input": [
      3,
      4,
      5,
      6,
      7,
      8
    ],
    "keys": "etniop",
    "base": "",
    "baseshift": ""
  },
  "253": {
    "input": [
      1,
      3,
      4,
      5,
      6,
      7,
      8
    ],
    "keys": "aetniop",
    "base": "",
    "baseshift": ""
  },
  "254": {
    "input": [
      2,
      3,
      4,
      5,
      6,
      7,
      8
    ],
    "keys": "setniop",
    "base": "",
    "baseshift": ""
  },
  "255": {
    "input": [
      1,
      2,
      3,
      4,
      5,
      6,
      7,
      8
    ],
    "keys": "asetniop",
    "base": "SPACE",
    "baseshift": ""
  }
}