{"0":{"value":0,"notes":["Developer : Zack Dennis (zack@asetniop.com)","Date : 12/12/2014","All code (c) 2014 Pointesa, LLC all rights reserved","Abbreviations :    ","tlp = top left partial","lp = left partials","trp = top right partial","rp = right partials","tlw = top left word","lw = left words","trw = top right word","rw = right words"]},"1":{"input":[1],"base":"a","baseshift":"A","tlp":["aa",112911],"tlw":["a",7695],"lp":["aa","aaa"],"rp":[]},"2":{"input":[2],"base":"s","baseshift":"S","tlp":["ss",10806],"tlw":["s",577],"lp":["ss"],"rp":[]},"3":{"input":[1,2],"base":"w","baseshift":"W","tlp":["sa",77058],"tlw":["saa",19034],"lp":["sa","saa","as","aas","ass","ssa","wa","saas","asa","waa","ssaa","asaa","saaa","assa","aasa"],"rp":[]},"4":{"input":[3],"base":"e","baseshift":"E","tlp":["ee",6166],"tlw":["e",308],"lp":["ee"],"rp":[]},"5":{"input":[1,3],"base":"x","baseshift":"X","tlp":["ae",70925],"tlw":["ex",147],"lp":["ae","aae","ea","ax","ex","aee","xe","exe","xa","exa","axe"],"rp":[]},"6":{"input":[2,3],"base":"d","baseshift":"D","tlp":["de",411497],"tlw":["de",31445],"lp":["de","ed","se","es","ede","dd","dde","ds","des","sse","edes","dse","eds","see","ess","ese","edd","esse","edde","sed"],"rp":[]},"7":{"input":[1,2,3],"tlp":["da",41689],"tlw":["da",17989],"lp":["da","ad","add","adde","ade","aad","aes","aed","sae","aade","aede","ada","daa","dda","sad","asse","aese","saad","aada","ads"],"rp":[]},"8":{"input":[4],"base":"t","baseshift":"T","tlp":["tt",41039],"tlw":["t",37],"lp":["tt"],"rp":[]},"9":{"input":[1,4],"base":"f","baseshift":"F","tlp":["at",83084],"tlw":["at",55917],"lp":["at","ta","fa","af","ft","att","aat","faa","taa","aatt","ff","aft","fat","tat","tta","aff","fatt","tf","tatt","ata"],"rp":[]},"10":{"input":[2,4],"base":"c","baseshift":"C","tlp":["st",98189],"tlw":["st",132],"lp":["st","ts","sst","sc","tst","ct","tc","cc","tts","tss"],"rp":[]},"11":{"input":[1,2,4],"tlp":["sta",12336],"tlw":["sat",1574],"lp":["sta","ast","sat","staa","satt","tsa","ca","fas","fast","tsaa","fs","afs","ac","stat","fst","afst","ats","tats","tsat","asta"],"rp":[]},"12":{"input":[3,4],"base":"r","baseshift":"R","tlp":["er",261904],"tlw":["er",33906],"lp":["er","et","te","re","rt","ere","tte","ter","tr","ett","ette","ret","rte","rr","ert","tter","tet","rre","err","tre"],"rp":[]},"13":{"input":[1,3,4],"tlp":["ar",123529],"tlw":["fra",10890],"lp":["ar","ra","fr","aer","fra","aar","aere","fte","are","ef","atte","art","tra","eft","fter","efte","rae","fe","fre","tae"],"rp":[]},"14":{"input":[2,3,4],"tlp":["det",95805],"tlw":["det",77200],"lp":["det","der","ste","dt","rd","dr","rs","est","dre","rde","este","rst","res","red","dett","str","dte","ser","ers","erd"],"rp":[]},"15":{"input":[1,2,3,4],"tlp":["ard",3773],"tlw":["satte",1224],"lp":["ard","aest","stra","aerd","dra","ader","saet","derf","aste","rda","tad","rad","raad","stae","aard","stad","raed","fred","rsta","ras"],"rp":[]},"16":{"input":[5],"base":"n","baseshift":"N","trp":["nn",37980],"trw":["n",328],"lp":[],"rp":["nn"]},"17":{"input":[1,5],"base":"q","baseshift":"Q","tlp":["an",164272],"trp":["na",33880],"tlw":["anna",1134],"trw":["na",964],"lp":["an","ann","aan","anna","ana"],"rp":["na","naa","nna","nan","nnan","nann","nana"]},"18":{"input":[2,5],"base":"j","baseshift":"J","tlp":["sn",5809],"trp":["ns",30049],"trw":["j",102],"lp":["sn","sj","ssn"],"rp":["ns","nj","jn","js","nns","nss","nsn"]},"19":{"input":[1,2,5],"tlp":["ans",16881],"trp":["ja",19604],"tlw":["sja",654],"trw":["ja",6049],"lp":["ans","sna","san","sja","aj","ansa","sjaa","sann","asj","aja","ssan","asn"],"rp":["ja","jaa","nja","nsa","nas","jan","njaa","nasj"]},"20":{"input":[3,5],"base":"y","baseshift":"Y","tlp":["en",321311],"trp":["ne",82848],"tlw":["en",38749],"trw":["nye",777],"lp":["en","enn","enne","ene","een","enen","ey"],"rp":["ne","nne","yn","nen","ny","ye","yne","nnen","nene","yen","nye","nny","nee"]},"21":{"input":[1,3,5],"tlp":["aen",13038],"trp":["nae",5436],"tlw":["annen",219],"trw":["naae",45],"lp":["aen","anne","ane","aaen","enna","anny","anen","aane","aene","ena","any","aany","enan","xan","exan"],"rp":["nae","naae","yna","ya","naee"]},"22":{"input":[2,3,5],"tlp":["den",74661],"trp":["nd",121952],"tlw":["den",37787],"trw":["ned",3945],"lp":["den","end","ende","sen","ens","denn","sy","syn","dn"],"rp":["nd","je","nde","jen","nden","nes","ned","ys","yd","nnes","ndes"]},"23":{"input":[1,2,3,5],"tlp":["and",33662],"trp":["jae",5122],"tlw":["anden",2420],"trw":["naade",166],"lp":["and","ande","dan","aend","aand","adan","sand","anse","enda","ands","aden","dans","dann","anda","sjae"],"rp":["jae","nda","naes","nand","ndda"]},"24":{"input":[4,5],"base":"b","baseshift":"B","tlp":["tn",2343],"trp":["nt",20514],"tlw":["b",230],"trw":["nb",169],"lp":["tn","bt","bn","bb","tb","ttn"],"rp":["nt","nb","nnt","ntn"]},"25":{"input":[1,4,5],"tlp":["ba",17182],"trp":["nat",3688],"tlw":["fann",272],"trw":["nat",367],"lp":["ba","tan","ab","ant","fan","aab","baa","ban","abt","fann","abn","aabn","tab","aabt","anta","fant"],"rp":["nat","nf","natt","nta"]},"26":{"input":[2,4,5],"tlp":["bj",1597],"trp":["nst",1389],"lp":["bj","tj","sb","stn","bs","sbn","stj","sbj","stb","tsb","tsj","bst"],"rp":["nst","jst","jt","nc","jtn","nsc","nnst","nstn"]},"27":{"input":[1,2,4,5],"tlp":["stan",2679],"trp":["nsta",211],"tlw":["sant",289],"trw":["jf",31],"lp":["stan","fj","tans","sant","tja","bas","abs","anst","anc","fja","asb","asbj","stba","bja","tanc"],"rp":["nsta","jac","nast","jtna","ntas"]},"28":{"input":[3,4,5],"tlp":["be",28242],"trp":["nte",10150],"tlw":["berre",1003],"trw":["nyt",327],"lp":["be","ten","ren","rn","br","ent","rne","ern","erne","ty","ry","ber","ente","eb","rb","eren"],"rp":["nte","ner","yr","net"]},"29":{"input":[1,3,4,5],"tlp":["bar",6004],"trp":["nar",6320],"tlw":["bare",3028],"trw":["naar",5355],"lp":["bar","ran","taen","bare","fy","bra","arn","fyr","aren","ften","abe","barn","raen","arb","bae"],"rp":["nar","naar","naer","nnar","nart"]},"30":{"input":[2,3,4,5],"tlp":["sten",6428],"trp":["nder",11117],"tlw":["syntes",1260],"lp":["sten","bes","endt","rden","bed","sty","best","rend","dern","synt"],"rp":["nder","ndt","ndr","ndre","jer","ndet","ndte","yst","nest","jern"]},"31":{"input":[1,2,3,4,5],"tlw":["andre",3868],"trw":["naesten",1049],"lp":[],"rp":[]},"32":{"input":[6],"base":"i","baseshift":"I","trp":["ii",1106],"trw":["i",62852],"lp":[],"rp":["ii","iii"]},"33":{"input":[1,6],"base":"z","baseshift":"Z","tlp":["ai",969],"trp":["ia",2946],"tlw":["ai",51],"lp":["ai","aai","za"],"rp":["ia","iaa"]},"34":{"input":[2,6],"base":"k","baseshift":"K","tlp":["si",57626],"trp":["kk",58266],"tlw":["si",1195],"trw":["k",1220],"lp":["si","sk","ski","sik","sikk","skik","sis"],"rp":["kk","ik","ikk","is","ki","ks","iss","isk","kik","iks","kki","ikki","kikk"]},"35":{"input":[1,2,6],"tlp":["ak",14837],"trp":["ka",36672],"tlw":["saki",383],"trw":["ka",36],"lp":["ak","ska","akk","ask","aks","sak","aka","aask","akka","aki","saki","sia","aak","skaa"],"rp":["ka","kas","kka","isa","kaa","ika"]},"36":{"input":[3,6],"base":",","baseshift":"<","tlp":["ei",46211],"trp":["ie",12197],"tlw":["ei",2621],"lp":["ei","eie"],"rp":["ie"],"special":"punc"},"37":{"input":[1,3,6],"tlp":["xi",72],"trp":["iae",68],"tlw":["xi",27],"trw":["ix",27],"lp":["xi","aei","eia","xii","xiii"],"rp":["iae","ix"]},"38":{"input":[2,3,6],"tlp":["di",22778],"trp":["ke",75425],"tlw":["dei",9926],"trw":["ikke",27380],"lp":["di","ske","dei","ek","sid","ekk","side","esk","eis","eske","dis","eid"],"rp":["ke","kke","id","ikke","ide","ids","ise","isse"]},"39":{"input":[1,2,3,6],"tlp":["akke",3114],"trp":["ida",2239],"tlw":["skade",227],"trw":["kasse",30],"lp":["akke","aek","aekk","ake","aske","sida","adi","daek","ekka","skad","adsk","akse","eska","dska"],"rp":["ida","idda","isae","kad","kade","kae"]},"40":{"input":[4,6],"base":"v","baseshift":"V","tlp":["ti",75549],"trp":["it",21023],"tlw":["vi",9397],"trw":["iv",58],"lp":["ti","vi","tv","vit","vt","tti","tvi","viv","tviv","vii","tiv","vitt","tit"],"rp":["it","iv","itt","iti","ivi","itti","ivt"]},"41":{"input":[1,4,6],"tlp":["va",86367],"trp":["if",2566],"tlw":["av",10474],"lp":["va","av","fi","vaa","ava","avt","avi","fti","tia","atti","aav","vat","ati","vita","aavi"],"rp":["if","ift","ita","iva","iaf"]},"42":{"input":[2,4,6],"tlp":["vis",9768],"trp":["kt",8569],"tlw":["sit",3082],"trw":["kvit",106],"lp":["vis","sv","sti","sit","viss","vist","sitt","vs","ci","ck","vst"],"rp":["kt","ist","kv","kvi","isst","ic","ikt","isti","kst"]},"43":{"input":[1,2,4,6],"tlp":["sva",5726],"trp":["kva",3206],"tlw":["fik",2530],"trw":["kva",1095],"lp":["sva","tak","fik","takk","akt","vak","stak","stia","fis","fisk","taka","vakk","fikk"],"rp":["kva","kast","kaf","ica","kaff","ista","kat"]},"44":{"input":[3,4,6],"tlp":["ve",84601],"trp":["ir",9659],"tlw":["eit",2100],"lp":["ve","ri","ver","ev","eve","vet","rei","eit","vei","rti","rv","rev","eri","eir","eier"],"rp":["ir","ive","ier","ite","iver"]},"45":{"input":[1,3,4,6],"tlp":["var",53426],"trp":["ifte",820],"tlw":["var",42028],"lp":["var","vae","vaer","ave","vart","vera","vare","fri","eva","aev","vara","arv","ari","rav","aeve","arve","fie","evae","fir"],"rp":["ifte"]},"46":{"input":[2,3,4,6],"tlp":["ved",13498],"trp":["kr",10422],"tlw":["ved",10508],"trw":["idet",890],"lp":["ved","vd","rk","vde","tid","rke","dri","vid","erk","skr","rdi"],"rp":["kr","ker","ket","idt","kri","kte","kker","iste","idst"]},"47":{"input":[1,2,3,4,6],"tlw":["fekk",1380],"trw":["kvar",593],"lp":[],"rp":[]},"48":{"input":[5,6],"base":"h","baseshift":"H","trp":["in",88711],"trw":["inn",1636],"lp":[],"rp":["in","ni","hi","nin","inn","nh","hin","nhi","ih","nni","iin","nnin","hn","inni","ini","inin","nnh","hii","hiin","nnhi"]},"49":{"input":[1,5,6],"tlp":["ani",619],"trp":["ha",134263],"tlw":["ah",106],"trw":["han",52972],"lp":["ani","ania","ah","ain","anni"],"rp":["ha","han","haa","haan","ina","ian","inan","hina","nia","hann","iani","inna","nha","iana","nz"]},"50":{"input":[2,5,6],"tlp":["sin",12978],"trp":["kj",25013],"tlw":["sin",8225],"trw":["nik",27],"lp":["sin","skj","skin","sni","sh"],"rp":["kj","nk","kkj","ikkj","hj","nsk","kn","nsi","kin","ink","ins","his","nkj","kni","inkj"]},"51":{"input":[1,2,5,6],"tlp":["ansk",3797],"trp":["kan",11435],"tlw":["sank",208],"trw":["hans",8898],"lp":["ansk","ank","ansi","snak","skja","sank","ash","akn"],"rp":["kan","hans","kja","nak","nakk","hja","kans","hak","kann","kna","nska","has"]},"52":{"input":[3,5,6],"tlp":["ein",9181],"trp":["he",52514],"tlw":["ein",5538],"trw":["henne",2515],"lp":["ein","eh","enh","eni","eine","eien","enin","enhe"],"rp":["he","hen","ine","henn","hei","nei","ien","inne","hy","inen","nhe","ihe"]},"53":{"input":[1,3,5,6],"tlp":["eha",758],"trp":["hae",2400],"tlw":["einannan",141],"trw":["hena",63],"lp":["eha","enha","eina","ehan","anie","enia","enz","aine","anei","ahy","ehaa","aein","einz"],"rp":["hae","haen","iane","nhae","hena","hea","hax"]},"54":{"input":[2,3,5,6],"tlp":["enk",5100],"trp":["ind",19969],"tlw":["sine",3555],"trw":["ikkje",7483],"lp":["enk","sine","din"],"rp":["ind","kje","hend","inde","kkje","yk","ken","hed","nke","iden","ykk","hje","nske","ykke","ky","kjen","nesk"]},"55":{"input":[1,2,3,5,6],"tlw":["sidan",654],"trw":["hadde",11705],"lp":[],"rp":[]},"56":{"input":[4,5,6],"tlp":["vin",4628],"trp":["hv",25602],"tlw":["thi",1736],"trw":["hit",287],"lp":["vin","th","bi","tin","vn","thi","tni","tnin","vint","bin","vinn"],"rp":["hv","hvi","int","ib","nti","nhv","nv","ntin","hvit"]},"57":{"input":[1,4,5,6],"tlp":["van",4044],"trp":["hav",15474],"tlw":["fin",261],"trw":["navn",696],"lp":["van","fin","avn","finn","tian","vant","anv","fint","vann"],"rp":["hav","hva","nav","navn","hava","hat","havt","haab","hatt","havn","nhav"]},"58":{"input":[2,4,5,6],"tlp":["ch",2454],"trp":["nkt",2442],"tlw":["sint",142],"trw":["hvis",1991],"lp":["ch","stin","sch","svin","skib","bis","tkj","stni"],"rp":["nkt","hvis","kvin","nic","hist","istn","ich","kib","isb","isbn","kniv","inst"]},"59":{"input":[1,2,4,5,6],"tlw":["bak",310],"trw":["kant",169],"lp":[],"rp":[]},"60":{"input":[3,4,5,6],"tlp":["ven",10891],"trp":["her",10731],"tlw":["ven",661],"trw":["her",6657],"lp":["ven","rin","rh","vent","even","vne","beh","bei","bev","evn","erh","the"],"rp":["her","hve","hver","inte","hev","herr","hr","yv"]},"61":{"input":[1,3,4,5,6],"tlw":["fine",333],"trw":["har",14412],"lp":[],"rp":[]},"62":{"input":[2,3,4,5,6],"tlw":["verden",958],"trw":["kjendte",636],"lp":[],"rp":[]},"63":{"input":[1,2,3,4,5,6],"tlw":["vand",853],"trw":["havde",9987],"lp":[],"rp":[]},"64":{"input":[7],"base":"o","baseshift":"O","trp":["oo",42],"trw":["o",923],"lp":[],"rp":["oo"]},"65":{"input":[1,7],"base":"(","baseshift":"[","trp":["oa",34],"lp":[],"rp":["oa"],"special":"punc"},"66":{"input":[2,7],"base":".","baseshift":">","tlp":["so",62776],"trp":["os",14215],"tlw":["so",6443],"trw":["os",3796],"lp":["so","sos","sso","soso"],"rp":["os","oss","oso"],"special":"punc"},"67":{"input":[1,2,7],"tlp":["wo",147],"trp":["ow",102],"trw":["ossaa",45],"lp":["wo","aso","aaso","asso"],"rp":["ow","ossa","owa"]},"68":{"input":[3,7],"base":"-","baseshift":"_","tlp":["eo",687],"trp":["oe",3728],"trw":["-",3322],"lp":["eo","e-"],"rp":["oe","-o","o-"],"special":"punc"},"69":{"input":[1,3,7],"tlp":["a-",49],"trp":["ox",122],"lp":["a-","e-a","e-aa"],"rp":["ox","oxe","-a","-aa"]},"70":{"input":[2,3,7],"tlp":["do",13375],"trp":["od",32172],"tlw":["dod",621],"trw":["odd",219],"lp":["do","dod","eso","dode","edo","sod","dso","esso","doe"],"rp":["od","ode","odd","ose","ods","odde","oed","oede","osse","odse","odes"]},"71":{"input":[1,2,3,7],"tlp":["adso",64],"trp":["odsa",186],"lp":["adso","de-a"],"rp":["odsa","oda","odda","-aas"]},"72":{"input":[4,7],"base":"g","baseshift":"G","tlp":["to",34309],"trp":["og",149705],"tlw":["to",2884],"trw":["og",122759],"lp":["to","gt","go","gg","tog","tg","tot","tott","gto","tto","gtt","got","gtto","ttog"],"rp":["og","ot","ott","ogt","ogg","otto"]},"73":{"input":[1,4,7],"tlp":["fo",74135],"trp":["of",3896],"tlw":["gaa",1786],"lp":["fo","ag","ga","agt","gaa","tag","aag","gat","aga","tfo","tga","fot","gf","fag","gaat"],"rp":["of","oft","ofa","off","otta"]},"74":{"input":[2,4,7],"tlp":["sto",16012],"trp":["ogs",5245],"tlw":["stott",99],"trw":["oc",346],"lp":["sto","gs","sog","gst","sg","gso","sost","co","sogt","stot","toc","stoc","tso","sot"],"rp":["ogs","ost","oc","ogso","osto","oct"]},"75":{"input":[1,2,4,7],"tlp":["sag",7523],"trp":["ogsa",5006],"tlw":["sagt",1463],"trw":["ogsaa",3774],"lp":["sag","gsa","gsaa","sagt","ags","sof","saag","sga","asg","asto","sofa","sgaa","aco","fos","sfo","stof","soga","gsta"],"rp":["ogsa","ofas"]},"76":{"input":[3,4,7],"tlp":["ge",87205],"trp":["or",142919],"tlw":["eg",8868],"trw":["or",301],"lp":["ge","eg","ro","tor","get","ger","gr","ege","rg","gte","gge","tro","eget"],"rp":["or","ort","ore","oge","orte","org","oget"]},"77":{"input":[1,3,4,7],"tlp":["for",64883],"trp":["ora",3045],"tlw":["for",32016],"trw":["ofte",1064],"lp":["for","age","fort","aeg","tage","rag","gar","rfo","rfor","gra","fore","gaar","fora","agte","erfo","aegg"],"rp":["ora","ofte","orta","orf"]},"78":{"input":[2,3,4,7],"tlp":["stor",7850],"trp":["ord",13774],"tlw":["seg",6090],"trw":["ord",1982],"lp":["stor","god","seg","gd","tod","stod","gde","ges","dog","godt","rod","deg","dor","rso","sor"],"rp":["ord","ors","orst","orde","odt"]},"79":{"input":[1,2,3,4,7],"tlw":["sagde",3425],"lp":[],"rp":[]},"80":{"input":[5,7],"base":"u","baseshift":"U","trp":["un",57145],"trw":["nu",8186],"lp":[],"rp":["un","no","on","nu","unn","ono","onn","nno","ou","uu","nun","uun","onno","non","nnu","uo","uno","oun"]},"81":{"input":[1,5,7],"tlp":["au",4958],"trp":["unna",1842],"tlw":["au",141],"trw":["unna",94],"lp":["au","ano","anu","anua","anno"],"rp":["unna","ona","ua","onna","nau","nua","una"]},"82":{"input":[2,5,7],"tlp":["su",3824],"trp":["jo",23891],"tlw":["son",930],"trw":["jo",3859],"lp":["su","son","sjo","snu","sun","sno","sson","sonn"],"rp":["jo","us","ju","jon","oj","ons","jonn","jus","ojn","uss","jos","uns"]},"83":{"input":[1,2,5,7],"tlp":["aus",1274],"trp":["jona",341],"tlw":["sau",28],"trw":["jau",154],"lp":["aus","ajo","asjo","sau","anus","wu","snau","sua"],"rp":["jona","jau","ussa","onas","janu","usa","onsa"]},"84":{"input":[3,5,7],"tlp":["eno",822],"trp":["ue",3657],"tlw":["enno",276],"trw":["noe",486],"lp":["eno","eu","enno","eon","eun","enu"],"rp":["ue","one","uen","unne","oy","onne","oen","noe","onen","une","noen","yo","oyo","oye"]},"85":{"input":[1,3,5,7],"tlp":["eona",156],"trp":["oxn",30],"lp":["eona","anoe","aue","auen"],"rp":["oxn","oxne","ux","oux","oxen","oya"]},"86":{"input":[2,3,5,7],"tlp":["du",19662],"trp":["und",23222],"tlw":["du",17772],"trw":["ud",4343],"lp":["du","dnu"],"rp":["und","ud","unde","ude","uden","ndnu","use","ond","uds","ndo","udd","udse","udde","oje","nod","ndu","onde","oden"]},"87":{"input":[1,2,3,5,7],"tlw":["daud",104],"trw":["unda",243],"lp":[],"rp":[]},"88":{"input":[4,5,7],"tlp":["bo",11738],"trp":["ng",56304],"tlw":["gong",545],"trw":["ut",3855],"lp":["bo","gu","tu","gn","bu","tun","gun","gunn","gut","gon"],"rp":["ng","ut","nog","ug","ung","ngt","ong","ob","utt","ont"]},"89":{"input":[1,4,5,7],"tlp":["ang",17346],"trp":["nga",2499],"tlw":["gang",1862],"trw":["utan",212],"lp":["ang","gan","gang","fu","bag","angt","atu","aug","agn","fun","aut","fang"],"rp":["nga","natu","ngan","uf","nfo","uft","uta","utga"]},"90":{"input":[2,4,5,7],"tlp":["gj",23821],"trp":["ngs",2173],"tlw":["song",96],"trw":["just",538],"lp":["gj","gjo","stu","bjo","stun","tus","ggj","gus","stno"],"rp":["ngs","ust","ngst","jont","just","uc","ngso","job","jot","unst","ugus"]},"91":{"input":[1,2,4,5,7],"tlw":["sang",405],"trw":["jacob",143],"lp":[],"rp":[]},"92":{"input":[3,4,5,7],"tlp":["gen",22078],"trp":["nge",25467],"tlw":["bort",1232],"trw":["noget",4415],"lp":["gen","ru","eng","bor","enge","beg","run","tur","egen","gy"],"rp":["nge","ur","ngen","noge","yg","nger","oren","orn","ogen","nor"]},"93":{"input":[1,3,4,5,7],"tlw":["gunnar",1603],"trw":["naturen",307],"lp":[],"rp":[]},"94":{"input":[2,3,4,5,7],"tlw":["gjorde",2339],"trw":["jeg",29616],"lp":[],"rp":[]},"95":{"input":[1,2,3,4,5,7],"tlw":["dagen",1077],"trw":["udenfor",448],"lp":[],"rp":[]},"96":{"input":[6,7],"base":"l","baseshift":"L","trp":["il",83974],"trw":["lo",890],"lp":[],"rp":["il","li","ll","ol","lo","ill","oi","lli","oli","io","illi","lil","ili","lill","oll","llo","illo","lio","loi","iil"]},"97":{"input":[1,6,7],"tlp":["al",58249],"trp":["la",46808],"tlw":["al",993],"trw":["la",2277],"lp":["al","all","aal","ala","alli","ali","alla","aala","alo"],"rp":["la","laa","lla","ola","illa","ial","lai","olai","lia","ila","oia"]},"98":{"input":[2,6,7],"tlp":["sl",12627],"trp":["ko",30079],"tlw":["slik",1363],"trw":["los",291],"lp":["sl","sli","slik","sol","slo"],"rp":["ko","ok","ls","lik","lk","kl","olk","lsk","ils","oko","kol","oks","ilk","okk","los"]},"99":{"input":[1,2,6,7],"tlp":["skal",8407],"trp":["kal",10316],"tlw":["skal",8110],"trw":["kalla",209],"lp":["skal","sla","saal","ako","als","sal","slaa","alsk","alk","asl"],"rp":["kal","kla","las","lska","lass","kall","lsa","lask","lak","isla"]},"100":{"input":[3,6,7],"tlp":["el",77241],"trp":["le",79550],"tlw":["elle",34],"trw":["lille",1039],"lp":["el","ell","elle","eli","ele","eil","elli","eel","eile"],"rp":["le","lle","ille","ole","oie","lei","ile","lie","iel","lel","olle"]},"101":{"input":[1,3,6,7],"tlp":["ale",7840],"trp":["lae",9587],"tlw":["alle",5666],"trw":["lea",237],"lp":["ale","alle","ael","aale","aell","ella","aele","ela","alae","alie","alei","eal","eale","aael","alex"],"rp":["lae","laae","lea","iael","lex"]},"102":{"input":[2,3,6,7],"tlp":["els",10495],"trp":["ld",45157],"tlw":["del",665],"trw":["lod",1164],"lp":["els","del","sel","eld","else","deli","elsk","dl","elde"],"rp":["ld","lde","ild","ilde","old","lse","kel","led","lid","lede","keli"]},"103":{"input":[1,2,3,6,7],"tlw":["saaledes",1295],"trw":["lad",661],"lp":[],"rp":[]},"104":{"input":[4,6,7],"tlp":["til",52776],"trp":["ig",98658],"tlw":["til",41443],"trw":["liv",1338],"lp":["til","vil","vo","gi","gl","tig","till","tl","gti"],"rp":["ig","lig","ov","lt","lv","igt","liv","lg","lit","ligt","lov"]},"105":{"input":[1,4,6,7],"tlp":["alt",10974],"trp":["lag",4727],"tlw":["alt",4399],"trw":["olav",641],"lp":["alt","fol","tal","fl","gav","fal","gla","alv","talt","folg","alti","flo","fla","tilf","gif"],"rp":["lag","lf","lav","lat","ilf"]},"106":{"input":[2,4,6,7],"tlp":["sig",27397],"trp":["lst",1344],"tlw":["sig",21706],"lp":["sig","gik","tok","stil","sigt","tils","vilk","stol","slig","sov","gvis","slog","gikk","stig"],"rp":["lst","lts","kog","likt","okt","kto"]},"107":{"input":[1,2,4,6,7],"tlw":["folk",2816],"lp":[],"rp":[]},"108":{"input":[3,4,6,7],"tlp":["vor",14150],"trp":["ige",17385],"tlw":["eller",6110],"trw":["over",7437],"lp":["vor","elig","rl","vel","elv","rig","rli","rlig","elt","erl"],"rp":["ige","ove","ler","over","ller","lige","lev","lte","let","live"]},"109":{"input":[1,3,4,6,7],"tlw":["tale",1360],"trw":["laegge",464],"lp":[],"rp":[]},"110":{"input":[2,3,4,6,7],"tlw":["vilde",7016],"trw":["lidt",2153],"lp":[],"rp":[]},"111":{"input":[1,2,3,4,6,7],"tlw":["aldrig",2153],"trw":["idag",668],"lp":[],"rp":[]},"112":{"input":[5,6,7],"trp":["ho",30354],"trw":["hun",21044],"lp":[],"rp":["ho","hu","hun","ul","lu","hol","lin","hon","hono","nl","hoi","uli","ull","oin","nli","hil","llin","oh","oni","nhil"]},"113":{"input":[1,5,6,7],"tlp":["anl",884],"trp":["lan",10243],"tlw":["alonzo",24],"trw":["hall",138],"lp":["anl","anli","ahl"],"rp":["lan","hal","lau","hall","nla","oha","ohan","nal","onal","nnla","nlau","llan","hau","onla","ula","nlan","ulia"]},"114":{"input":[2,5,6,7],"tlp":["sku",10170],"trp":["ku",23180],"tlw":["sjol",372],"trw":["nok",3367],"lp":["sku","skul","skjo","slu"],"rp":["ku","kun","kul","nok","kon","kjo","uk","hos","hus","ukk","noko","kjon","kunn","jol","lj","jul"]},"115":{"input":[1,2,5,6,7],"trw":["hakon",849],"lp":[],"rp":[]},"116":{"input":[3,5,6,7],"tlp":["eho",965],"trp":["hel",9131],"trw":["hele",2760],"lp":["eho","elen","enl","ehol"],"rp":["hel","len","ly","yl","hele","hell","oine","lene","olen","ule","ulle","hoie","hoy","heil","uly","nel"]},"117":{"input":[1,3,5,6,7],"tlw":["alene",964],"trw":["nella",82],"lp":[],"rp":[]},"118":{"input":[2,3,5,6,7],"tlw":["skulde",7929],"trw":["kunde",7993],"lp":[],"rp":[]},"119":{"input":[1,2,3,5,6,7],"tlw":["sjael",299],"trw":["land",975],"lp":[],"rp":[]},"120":{"input":[4,5,6,7],"tlp":["bl",22281],"trp":["ing",20917],"tlw":["bli",1395],"trw":["hoit",425],"lp":["bl","bli","ting","gh","bliv","tilb","blo"],"rp":["ing","hvo","ning","lb","igh","ilb","hov","ling","ligh","hvil","lut","ntl","ntli"]},"121":{"input":[1,4,5,6,7],"tlw":["gunnlaug",319],"trw":["langt",1662],"lp":[],"rp":[]},"122":{"input":[2,4,5,6,7],"tlw":["blik",491],"trw":["och",329],"lp":[],"rp":[]},"123":{"input":[1,2,4,5,6,7],"tlw":["ansigt",724],"trw":["langs",495],"lp":[],"rp":[]},"124":{"input":[3,4,5,6,7],"tlw":["blev",6367],"trw":["hvor",4988],"lp":[],"rp":[]},"125":{"input":[1,3,4,5,6,7],"tlw":["tilbage",1441],"trw":["laenge",1067],"lp":[],"rp":[]},"126":{"input":[2,3,4,5,6,7],"tlw":["gjekk",2117],"trw":["igjen",3313],"lp":[],"rp":[]},"127":{"input":[1,2,3,4,5,6,7],"tlw":["ganske",1701],"trw":["landet",659],"lp":[],"rp":[]},"128":{"input":[8],"base":"p","baseshift":"P","trp":["pp",6585],"trw":["p",102],"lp":[],"rp":["pp"]},"129":{"input":[1,8],"base":"?","baseshift":"/","tlp":["ap",4962],"trp":["pa",49694],"trw":["paa",26138],"lp":["ap","app","aap","apa","appa","aapa"],"rp":["pa","paa","pap","ppa","ppaa","papa"],"special":"punc"},"130":{"input":[2,8],"base":")","baseshift":"]","tlp":["sp",8870],"trp":["ps",217],"trw":["ps",26],"lp":["sp"],"rp":["ps","psp"],"special":"punc"},"131":{"input":[1,2,8],"tlp":["spa",590],"trp":["pas",1229],"tlw":["saapas",42],"trw":["pas",58],"lp":["spa","saap","apas","asp"],"rp":["pas","pass","paas","psa","pspa"]},"132":{"input":[3,8],"base":"'","baseshift":"\"","tlp":["ep",1790],"trp":["pe",12061],"trw":["'",36],"lp":["ep","epp","eppe","epe","e'"],"rp":["pe","ppe","pee","'e","pep","pepp"],"special":"punc"},"133":{"input":[1,3,8],"tlp":["appe",605],"trp":["pae",444],"trw":["'a",44],"lp":["appe","ape","a'","epa","aape","eppa"],"rp":["pae","paee","'a","pea"]},"134":{"input":[2,3,8],"tlp":["spe",488],"trp":["pd",356],"lp":["spe","dp","esp","espe","sep","dsp","edp","s'","d'","d'e","es'","des'","ed'","dep"],"rp":["pd","ped","pede","pped","pes","ppes"]},"135":{"input":[1,2,3,8],"tlp":["spae",291],"trp":["pda",290],"tlw":["sa'",71],"trw":["passe",167],"lp":["spae","dpa","dpaa","sa'","edpa","aspe","depa"],"rp":["pda","pad","paed"]},"136":{"input":[4,8],"tlp":["tp",173],"trp":["pt",1987],"lp":["tp"],"rp":["pt"],"special":"bksp","base":"tp"},"137":{"input":[1,4,8],"tlp":["apt",508],"trp":["pf",337],"tlw":["tapt",32],"lp":["apt","tpa","tap","tapt","tpaa"],"rp":["pf","pta","paaf","pfa","pfat","ptat","pat","ppat","patt"]},"138":{"input":[2,4,8],"trp":["pst",23],"lp":[],"rp":["pst"]},"139":{"input":[1,2,4,8],"tlp":["cap",53],"trp":["past",196],"trw":["paastaa",25],"lp":["cap","capp"],"rp":["past"]},"140":{"input":[3,4,8],"tlp":["rp",1719],"trp":["pr",6671],"tlw":["teppet",51],"trw":["per",998],"lp":["rp","erp","rep","repe","t'","et'","ept","tep"],"rp":["pr","per","pet","pre","pte","pper","ppet","petr","pete","ptr","pere","peer"]},"141":{"input":[1,3,4,8],"tlp":["rpa",1174],"trp":["pra",2577],"tlw":["rapp",178],"trw":["par",1236],"lp":["rpa","rpaa","erpa","rap","arp","rapp","trap","apte","apet","repa","arpe","apr","rape"],"rp":["pra","par","prae","part","prat","para","ptra"]},"142":{"input":[2,3,4,8],"tlp":["spr",1897],"trp":["pres",895],"tlw":["drepe",95],"trw":["prest",134],"lp":["spr","derp","drep","set'","sept","spre","sper","resp","step","rdsp","spec","d'er","dtp","rdp"],"rp":["pres","pers","pred","pdr","pec","pest"]},"143":{"input":[1,2,3,4,8],"tlw":["derpaa",639],"trw":["passer",132],"lp":[],"rp":[]},"144":{"input":[5,8],"base":"m","baseshift":"M","trp":["mm",21715],"trw":["m",266],"lp":[],"rp":["mm","mp","mn","pn","nm","np","pm","nnp"]},"145":{"input":[1,5,8],"tlp":["am",30376],"trp":["ma",44872],"trw":["man",6961],"lp":["am","amm","ama","amp","aam","apn","aman","amn","ampa"],"rp":["ma","man","maa","mann","pan","mma","nap","nma","maan","npa","mpa"]},"146":{"input":[2,5,8],"tlp":["sm",7709],"trp":["ms",1313],"lp":["sm","spj"],"rp":["ms","nsm","mj","pj","nsp","mps","mss","msp"]},"147":{"input":[1,2,5,8],"tlp":["sam",7924],"trp":["maj",624],"tlw":["smaa",580],"trw":["jaampa",181],"lp":["sam","samm","sma","smaa","sman","asm","aasm","sama","saam","ams"],"rp":["maj","maas","mas","jam","jaam","nsma","mja","mass","jamn","jamm"]},"148":{"input":[3,5,8],"tlp":["em",29102],"trp":["me",119265],"trw":["men",24935],"lp":["em","emm","emme","emn","eme"],"rp":["me","men","mme","mmen","menn","nem","pen","nnem","my","mpe","mene","ppen","mee","nep","'n"]},"149":{"input":[1,3,5,8],"tlp":["amme",6974],"trp":["mae",3374],"tlw":["apne",60],"trw":["mannen",490],"lp":["amme","ame","amen","ema","ampe","aem","apne","enpa","aame","emae","aemp","apen","emna","xem"],"rp":["mae","maen","maae","paen","mane","pmae"]},"150":{"input":[2,3,5,8],"tlp":["dem",8585],"trp":["med",39755],"tlw":["dem",8538],"trw":["med",36341],"lp":["dem","sme","dm","esm","sem","emnd","emd","emde"],"rp":["med","jem","mes","mede","mens","jemm","mmed","mend","mmes","md","mde","mnd"]},"151":{"input":[1,2,3,5,8],"tlw":["samme",2157],"trw":["mand",2119],"lp":[],"rp":[]},"152":{"input":[4,5,8],"tlp":["tm",528],"trp":["mt",5699],"lp":["tm","bm","ttm"],"rp":["mt","mb","mtm","mnt"]},"153":{"input":[1,4,5,8],"tlp":["amt",1276],"trp":["maat",2873],"tlw":["amt",30],"trw":["mat",345],"lp":["amt","amf","amta","fam","tma","tman","amtm","tam","tamm","amb"],"rp":["maat","mat","matt","mf","mta","mtma","napt","mant","manf","mata"],"special":"numsym"},"154":{"input":[2,4,5,8],"tlp":["stm",72],"trp":["mst",812],"lp":["stm"],"rp":["mst"]},"155":{"input":[1,2,4,5,8],"tlw":["samt",265],"trw":["jamt",42],"lp":[],"rp":[]},"156":{"input":[3,4,5,8],"tlp":["rm",7650],"trp":["mer",11185],"trw":["mere",2630],"lp":["rm","rme","rem","tem","erm","emt","erme","temm","rmen","remm","emte","temt","rmer"],"rp":["mer","mmer","mere","met","mte","mmet","ment"]},"157":{"input":[1,3,4,5,8],"tlw":["frem",2232],"trw":["maatte",2413],"lp":[],"rp":[]},"158":{"input":[2,3,4,5,8],"tlw":["dermed",460],"trw":["mest",1195],"lp":[],"rp":[]},"159":{"input":[1,2,3,4,5,8],"tlw":["fremmede",427],"trw":["praesten",521],"lp":[],"rp":[]},"160":{"input":[6,8],"base":"!","baseshift":"|","trp":["pi",3962],"lp":[],"rp":["pi","ip","ipp","ppi","pip","pii","ipi"],"special":"punc"},"161":{"input":[1,6,8],"tlp":["api",565],"trp":["papi",297],"trw":["pipa",30],"lp":["api","apii","aapi"],"rp":["papi","ipa","pia","pipa"]},"162":{"input":[2,6,8],"tlp":["spi",1562],"trp":["pis",688],"tlw":["skip",130],"lp":["spi","spis","skip"],"rp":["pis","kip","pik","isp","kipp","kp","pk","psk","pski","psi","kipi","ips","kips"]},"163":{"input":[1,2,6,8],"tlp":["skap",1414],"trp":["kap",2212],"tlw":["skipa",35],"trw":["kap",53],"lp":["skap","spak"],"rp":["kap","pak","kapi","kapp","pakk","kasp","kipa","kapa"]},"164":{"input":[3,6,8],"tlp":["epi",51],"trp":["ippe",579],"lp":["epi"],"rp":["ippe","ipe","pei","i'","pipe"]},"165":{"input":[1,3,6,8],"trp":["paei",34],"lp":[],"rp":["paei"]},"166":{"input":[2,3,6,8],"tlp":["spid",160],"trp":["pise",465],"tlw":["spise",213],"trw":["pike",73],"lp":["spid","spek","spei","espi","dpi","edpi"],"rp":["pise","kipe","pid","pike","pek","pids","ispe","'k","peis","idsp"]},"167":{"input":[1,2,3,6,8],"tlw":["skape",20],"trw":["pakke",59],"lp":[],"rp":[]},"168":{"input":[4,6,8],"tlp":["vp",22],"trp":["pit",244],"lp":["vp"],"rp":["pit","ipt"]},"169":{"input":[1,4,6,8],"tlp":["apit",244],"trp":["pita",83],"lp":["apit","vap","vaap","vpa"],"rp":["pita","pav","paav"]},"170":{"input":[2,4,6,8],"tlp":["cip",35],"trp":["pist",223],"tlw":["spist",76],"lp":["cip"],"rp":["pist"]},"171":{"input":[1,2,4,6,8],"tlw":["skapt",72],"lp":[],"rp":[]},"172":{"input":[3,4,6,8],"tlp":["rip",118],"trp":["pri",1351],"lp":["rip","ript","ripe","tepi"],"rp":["pri","pir","pire","ipet","peri","ptei","pite","ptri","priv","piir","ipte","peti","prii","prei"]},"173":{"input":[1,3,4,6,8],"tlw":["appetit",31],"trw":["parti",114],"lp":[],"rp":[]},"174":{"input":[2,3,4,6,8],"tlw":["skipet",189],"trw":["pris",147],"lp":[],"rp":[]},"175":{"input":[1,2,3,4,6,8],"tlw":["skarpe",106],"trw":["paris",116],"lp":[],"rp":[]},"176":{"input":[5,6,8],"trp":["mi",30489],"trw":["min",5651],"lp":[],"rp":["mi","min","im","imi","ph","him","imm","mh","himm","imp","hm","minn","pin","mni","mnin","inm","phi","phin","nim","pni"]},"177":{"input":[1,5,6,8],"tlp":["ami",591],"trp":["ham",10774],"trw":["ham",10248],"lp":["ami","aim","aima","apni","amin","aham"],"rp":["ham","hamm","mai","ima","iman","inma","hama","maim","hamp","hma","hman","mina","hap","pian"]},"178":{"input":[2,5,6,8],"tlp":["smi",1350],"trp":["mk",1125],"trw":["km",55],"lp":["smi","sim","simp","skim","simi"],"rp":["mk","mis","km","msi","kim","ism","mins","mkj","misk","mik","ksim","insp","mpsk","ims","imss"]},"179":{"input":[1,2,5,6,8],"tlw":["skam",220],"trw":["kamp",171],"lp":[],"rp":[]},"180":{"input":[3,5,6,8],"tlp":["eim",1710],"trp":["ime",2104],"trw":["mine",1626],"lp":["eim","eime","emni","enim"],"rp":["ime","mine","mei","heim","imme","meni","mein","hem","mhe","phe","hemm","impe","menh","imen","pine","hemn"]},"181":{"input":[1,3,5,6,8],"trw":["ha'",122],"lp":[],"rp":[]},"182":{"input":[2,3,5,6,8],"tlw":["deim",320],"trw":["hjem",1228],"lp":[],"rp":[]},"183":{"input":[1,2,3,5,6,8],"tlw":["aminda",55],"trw":["maaske",483],"lp":[],"rp":[]},"184":{"input":[4,5,6,8],"tlp":["tim",1156],"trp":["mit",1962],"trw":["mit",1634],"lp":["tim","timm","tmi","tmin","vm","vim"],"rp":["mit","mti","mv","ntim","mitt","imt","pib","mvi","mvit","mith","mint","pint","imit"]},"185":{"input":[1,4,5,6,8],"tlw":["vapni",74],"lp":[],"rp":[]},"186":{"input":[2,4,5,6,8],"tlw":["bisp",71],"trw":["minst",66],"lp":[],"rp":[]},"187":{"input":[1,2,4,5,6,8],"trw":["knapt",173],"lp":[],"rp":[]},"188":{"input":[3,4,5,6,8],"tlw":["time",369],"trw":["meir",910],"lp":[],"rp":[]},"189":{"input":[1,3,4,5,6,8],"tlw":["varme",418],"trw":["marthe",201],"lp":[],"rp":[]},"190":{"input":[2,3,4,5,6,8],"trw":["mindre",926],"lp":[],"rp":[]},"191":{"input":[1,2,3,4,5,6,8],"tlw":["skarphedin",261],"trw":["maerke",210],"lp":[],"rp":[]},"192":{"input":[7,8],"base":";","baseshift":":","trp":["op",14625],"trw":["op",5953],"lp":[],"rp":["op","po","opp","opo"],"special":"punc"},"193":{"input":[1,7,8],"tlp":["apo",23],"trp":["opa",359],"lp":["apo"],"rp":["opa"]},"194":{"input":[2,7,8],"tlp":["spo",1607],"trp":["pos",227],"lp":["spo"],"rp":["pos","ops","osp","poss","pso","opso","opsp"]},"195":{"input":[1,2,7,8],"trp":["ospa",68],"lp":[],"rp":["ospa","opas"]},"196":{"input":[3,7,8],"trp":["oppe",1803],"trw":["oppe",861],"lp":[],"rp":["oppe","ope","-p","-pe","poe","o'","'o"]},"197":{"input":[1,3,7,8],"trp":["opae",89],"lp":[],"rp":["opae"]},"198":{"input":[2,3,7,8],"tlp":["dop",25],"trp":["opd",356],"trw":["posse",49],"lp":["dop","dope"],"rp":["opd","poes","pose"]},"199":{"input":[1,2,3,7,8],"trw":["opad",95],"lp":[],"rp":[]},"200":{"input":[4,7,8],"tlp":["top",1476],"trp":["opt",955],"tlw":["top",86],"trw":["pot",131],"lp":["top","topp","ttop"],"rp":["opt","pot","pg","opg","pog","pott","pto","opto","ptog"]},"201":{"input":[1,4,7,8],"trp":["opf",337],"trw":["optat",55],"lp":[],"rp":["opf","opta","pfo","opfo","ptag","pga","opga","opfa","pag","pagt"]},"202":{"input":[2,4,7,8],"tlp":["stop",159],"trp":["post",133],"tlw":["spog",66],"trw":["post",83],"lp":["stop","spog","spot"],"rp":["post","psog","opst","psto"]},"203":{"input":[1,2,4,7,8],"lp":[],"rp":[]},"204":{"input":[3,4,7,8],"tlp":["rop",1406],"trp":["por",1635],"tlw":["ropte",390],"trw":["potter",86],"lp":["rop","etop","ropp","ropt","erop","grep","t-p","t-pe"],"rp":["por","pro","porg","opte","opr","orp","prog","port","optr","pote","opro","pror"]},"205":{"input":[1,3,4,7,8],"tlw":["ropa",47],"trw":["praeg",79],"lp":[],"rp":[]},"206":{"input":[2,3,4,7,8],"tlw":["spor",486],"lp":[],"rp":[]},"207":{"input":[1,2,3,4,7,8],"trw":["pastor",149],"lp":[],"rp":[]},"208":{"input":[5,7,8],"trp":["om",89943],"trw":["om",15683],"lp":[],"rp":["om","mo","omm","um","mu","pu","nom","onom","up","mun","upp","pun","mon","umm","umu","mum","omn","opm","munn","mom"]},"209":{"input":[1,5,7,8],"tlp":["amu",199],"trp":["oma",845],"trw":["opnaa",33],"lp":["amu","amun","amum","aum","anmo","aup"],"rp":["oma","uma","omma","pau","opma","oman","opna","uppa","manu","umaa","mau","upa","napo"]},"210":{"input":[2,5,7,8],"tlp":["som",43671],"trp":["oms",911],"tlw":["som",39317],"trw":["mons",44],"lp":["som","spu","smu","somm","smo","smun","sum","sup","supp","spjo"],"rp":["oms","osm","jom","mus","jop","nsom","pus","mons","mos","pjo"]},"211":{"input":[1,2,5,7,8],"tlw":["saasom",54],"lp":[],"rp":[]},"212":{"input":[3,5,7,8],"tlp":["enom",392],"trp":["omme",9224],"trw":["munnen",129],"lp":["enom","emo","epu"],"rp":["omme","umme","uppe","ome","omne","omen","ume","moe","mue","opme","upe","ompe","mome","umen","muen","moen","omy"]},"213":{"input":[1,3,5,7,8],"lp":[],"rp":[]},"214":{"input":[2,3,5,7,8],"tlw":["dom",370],"trw":["mod",2528],"lp":[],"rp":[]},"215":{"input":[1,2,3,5,7,8],"tlw":["aasmund",396],"trw":["pause",88],"lp":[],"rp":[]},"216":{"input":[4,5,7,8],"tlp":["tom",707],"trp":["mot",4043],"tlw":["tom",164],"trw":["mot",2107],"lp":["tom","tum","tomm","gm","gom","tomt","gmu","gmun","tup"],"rp":["mot","omt","mott","munt","mg","pub","omb","mbo","ombo","mob","omg"]},"217":{"input":[1,4,5,7,8],"tlw":["bagom",48],"trw":["magt",486],"lp":[],"rp":[]},"218":{"input":[2,4,5,7,8],"tlw":["spjot",59],"trw":["pust",52],"lp":[],"rp":[]},"219":{"input":[1,2,4,5,7,8],"tlw":["smag",190],"trw":["magnus",34],"lp":[],"rp":[]},"220":{"input":[3,4,5,7,8],"trw":["meget",2988],"lp":[],"rp":[]},"221":{"input":[1,3,4,5,7,8],"tlw":["form",273],"trw":["mange",2669],"lp":[],"rp":[]},"222":{"input":[2,3,4,5,7,8],"tlw":["gjennem",1415],"trw":["moder",464],"lp":[],"rp":[]},"223":{"input":[1,2,3,4,5,7,8],"tlw":["sprang",713],"trw":["majoren",426],"lp":[],"rp":[]},"224":{"input":[6,7,8],"trp":["pl",3409],"trw":["lop",55],"lp":[],"rp":["pl","lp","pil","pill","lip","lipp","opl","pol","poli","pli","plo","opi","lop","oppi","polo","lpi","oplo"]},"225":{"input":[1,6,7,8],"tlp":["alp",182],"trp":["pla",1343],"trw":["paal",37],"lp":["alp","apol"],"rp":["pla","lap","lapp","lpa","paal","pal","opla","pall"]},"226":{"input":[2,6,7,8],"tlp":["spil",667],"trp":["kop",224],"tlw":["spil",91],"trw":["kop",63],"lp":["spil","slip","skop","spl","spok"],"rp":["kop","klip","pok","pokk","okp","kopp","opk","pko","opko","opsi","plos"]},"227":{"input":[1,2,6,7,8],"tlw":["slap",263],"trw":["plass",85],"lp":[],"rp":[]},"228":{"input":[3,6,7,8],"tlp":["elp",1444],"trp":["pel",799],"trw":["pleie",43],"lp":["elp","elpe","elpi"],"rp":["pel","ple","lpe","plei","pell","lep","ople","lepp","peil","li'","ielp","ppel","pele","le'","peli","pile"]},"229":{"input":[1,3,6,7,8],"trw":["la'",34],"lp":[],"rp":[]},"230":{"input":[2,3,6,7,8],"tlw":["slippe",195],"trw":["pleiede",91],"lp":[],"rp":[]},"231":{"input":[1,2,3,6,7,8],"tlw":["selskap",63],"trw":["plads",500],"lp":[],"rp":[]},"232":{"input":[4,6,7,8],"trp":["pig",957],"trw":["pligt",151],"lp":[],"rp":["pig","pov","opov","plig","pilt","lpt","pgi","opgi","pgiv","pitl","opig","ppig","lvp","plog"]},"233":{"input":[1,4,6,7,8],"trw":["opgav",46],"lp":[],"rp":[]},"234":{"input":[2,4,6,7,8],"tlw":["spilt",21],"trw":["opkog",50],"lp":[],"rp":[]},"235":{"input":[1,2,4,6,7,8],"tlw":["slapt",29],"trw":["kapital",22],"lp":[],"rp":[]},"236":{"input":[3,4,6,7,8],"trw":["pige",436],"lp":[],"rp":[]},"237":{"input":[1,3,4,6,7,8],"tlw":["april",106],"trw":["opgave",88],"lp":[],"rp":[]},"238":{"input":[2,3,4,6,7,8],"tlw":["spiller",93],"trw":["krop",146],"lp":[],"rp":[]},"239":{"input":[1,2,3,4,6,7,8],"tlw":["sprak-",207],"trw":["kapitel",109],"lp":[],"rp":[]},"240":{"input":[5,6,7,8],"trp":["ml",5031],"trw":["honom",2975],"lp":[],"rp":["ml","imo","mil","lm","mul","lom","muli","plu","mli","mill","llom","lmi","lmin","hop","omh","umul","mili","uml","iml","oph"],"special":"enter"},"241":{"input":[1,5,6,7,8],"tlw":["alm",22],"trw":["maal",213],"lp":[],"rp":[]},"242":{"input":[2,5,6,7,8],"tlw":["smil",397],"trw":["kom",8732],"lp":[],"rp":[]},"243":{"input":[1,2,5,6,7,8],"tlw":["smal",74],"trw":["koma",530],"lp":[],"rp":[]},"244":{"input":[3,5,6,7,8],"tlw":["emil",46],"trw":["mellem",1590],"lp":[],"rp":[]},"245":{"input":[1,3,5,6,7,8],"tlw":["amalie",193],"trw":["lampen",95],"lp":[],"rp":[]},"246":{"input":[2,3,5,6,7,8],"tlw":["smukke",238],"trw":["komme",2169],"lp":[],"rp":[]},"247":{"input":[1,2,3,5,6,7,8],"tlw":["allesammen",166],"trw":["hjaelp",283],"lp":[],"rp":[]},"248":{"input":[4,5,6,7,8],"tlw":["glum",116],"trw":["mig",10638],"lp":[],"rp":[]},"249":{"input":[1,4,5,6,7,8],"tlw":["gamal",73],"trw":["opfatning",67],"lp":[],"rp":[]},"250":{"input":[2,4,5,6,7,8],"tlw":["smukt",152],"trw":["punkt",134],"lp":[],"rp":[]},"251":{"input":[1,2,4,5,6,7,8],"tlw":["stockmann",328],"trw":["langsomt",378],"lp":[],"rp":[]},"252":{"input":[3,4,5,6,7,8],"tlw":["temmelig",368],"trw":["nemlig",491],"lp":[],"rp":[]},"253":{"input":[1,3,4,5,6,7,8],"tlw":["gamle",2534],"trw":["maelte",821],"lp":[],"rp":[]},"254":{"input":[2,3,4,5,6,7,8],"tlw":["smilte",389],"trw":["kommer",2127],"lp":[],"rp":[]},"255":{"input":[1,2,3,4,5,6,7,8],"tlw":["bokselskap",856],"trw":["litteraturselskap",207],"lp":[],"rp":[]}}