{"0":{"value":0,"notes":["Developer : Zack Dennis (zack@asetniop.com)","Date : 12/12/2014","All code (c) 2014 Pointesa, LLC all rights reserved","Abbreviations :    ","tlp = top left partial","lp = left partials","trp = top right partial","rp = right partials","tlw = top left word","lw = left words","trw = top right word","rw = right words"]},"1":{"input":[1],"base":"a","baseshift":"A","tlp":["aa",468],"tlw":["a",8903],"lp":["aa","aaa"],"rp":[]},"2":{"input":[2],"base":"s","baseshift":"S","tlp":["ss",175],"tlw":["s",502],"lp":["ss"],"rp":[]},"3":{"input":[1,2],"base":"w","baseshift":"W","tlp":["as",42610],"tlw":["w",22418],"lp":["as","wa","aw","ws","sw","sa","awa","aws","was","asa","wsw","swa","asw","waw","ww","sas","wsa","wawa","wwa","awas"],"rp":[]},"4":{"input":[3],"base":"e","baseshift":"E","tlp":["ee",518],"tlw":["e",106],"lp":["ee"],"rp":[]},"5":{"input":[1,3],"base":"x","baseshift":"X","tlp":["ax",1780],"tlw":["x",92],"lp":["ax","ea","xa","axa","ex"],"rp":[]},"6":{"input":[2,3],"base":"d","baseshift":"D","tlp":["es",52602],"tlw":["d",228],"lp":["es","ed","de","se","ede","dd","ds","des","sed","dde","eds","ese","ess","see","sede","eed","dese","ded","dede","dee"],"rp":[]},"7":{"input":[1,2,3],"tlp":["ad",35569],"tlw":["dwa",1359],"lp":["ad","da","we","ew","dw","ada","wd","awe","daw","awd","ewa","swe","dwa","dawa","ase","ade","eda","sad","ews","wes"],"rp":[]},"8":{"input":[4],"base":"t","baseshift":"T","tlp":["tt",560],"tlw":["t",88],"lp":["tt"],"rp":[]},"9":{"input":[1,4],"base":"f","baseshift":"F","tlp":["ta",68848],"tlw":["ta",2431],"lp":["ta","at","ata","tat","fa","af","ft","aft","ff","tta","att","fat","tata","atta","fta","afta"],"rp":[]},"10":{"input":[2,4],"base":"c","baseshift":"C","tlp":["st",75161],"tlw":["c",338],"lp":["st","sc","tc","ts","stc","ct","cs"],"rp":[]},"11":{"input":[1,2,4],"tlp":["ac",50494],"tlw":["stas",540],"lp":["ac","sta","ca","tw","wc","wt","ast","twa","tac","stw","wac","stac","stat","aca","wst","tas","taw","staw","asta","asc"],"rp":[]},"12":{"input":[3,4],"base":"r","baseshift":"R","tlp":["te",45936],"tlw":["te",3281],"lp":["te","er","tr","re","et","ter","etr","ret","rt","ere","ete","tre","rte","tere","tet","ert","ett","rete","rr","erte"],"rp":[]},"13":{"input":[1,3,4],"tlp":["ra",55331],"tlw":["ar",328],"lp":["ra","ar","era","tar","atr","ara","tra","ate","tera","are","eta","art","rat","fe","tare","raf","tara","traf","fr","ef"],"rp":[]},"14":{"input":[2,3,4],"tlp":["ec",48514],"tlw":["rece",1133],"lp":["ec","ce","est","dr","str","esc","rs","ste","rd","rc","erc","ece","res","este","sr","ser","rec","serc","dc","rce"],"rp":[]},"15":{"input":[1,2,3,4],"tlp":["raw",8030],"tlw":["serca",563],"lp":["raw","wr","rac","rw","war","ard","star","erw","wet","awet","dac","rawd","twar","wte","rad","stra","rws","erws","rwa","wra"],"rp":[]},"16":{"input":[5],"base":"n","baseshift":"N","trp":["nn",7406],"trw":["n",208],"lp":[],"rp":["nn"]},"17":{"input":[1,5],"base":"q","baseshift":"Q","tlp":["an",48964],"trp":["na",112653],"tlw":["anna",723],"trw":["na",21439],"lp":["an","ana","ann","anna"],"rp":["na","nan","nna","nana","naa"]},"18":{"input":[2,5],"base":"j","baseshift":"J","tlp":["sn",7535],"trp":["js",5713],"trw":["j",184],"lp":["sn","sj"],"rp":["js","ns","jn","jj"]},"19":{"input":[1,2,5],"tlp":["aj",20342],"trp":["ja",55861],"tlw":["aja",432],"trw":["ja",8216],"lp":["aj","wn","aja","asn","wan","awn","wna","wj","sna","ans","ajw"],"rp":["ja","nas","naj","naw","jan","jas","jw","jasn","najw"]},"20":{"input":[3,5],"base":"y","baseshift":"Y","tlp":["en",30498],"trp":["ne",25369],"trw":["ne",747],"lp":["en","enn","ey","ene","enny","eye","enne","een","eny"],"rp":["ne","ny","yn","nny","nne","yny","ye","yne","ynn","yy","nee"]},"21":{"input":[1,3,5],"tlp":["any",2470],"trp":["yna",3436],"tlw":["aye",124],"lp":["any","ane","ena","ay","anny","aye","ean","anne","enna"],"rp":["yna","nany","nane","ynan","yea","nex","ya","yya"]},"22":{"input":[2,3,5],"tlp":["ej",45590],"trp":["je",68792],"tlw":["syn",389],"trw":["jej",5718],"lp":["ej","dy","dn","edn","edy","sy","ejs","dne","den"],"rp":["je","ys","jes","jed","jedn","jej","nd","yj","yd","jd","nej"]},"23":{"input":[1,2,3,5],"tlp":["wy",23292],"trp":["nad",7353],"tlw":["and",2280],"trw":["nad",3785],"lp":["wy","dna","edna","aje","and","ewn","wys","wne","daj","adn","dan","wyd","wej","wyda"],"rp":["nad","yw","nawe","ywa","yja","yda"]},"24":{"input":[4,5],"base":"b","baseshift":"B","tlp":["tn",4086],"trp":["nt",3555],"tlw":["b",226],"lp":["tn","bn"],"rp":["nt","nb"]},"25":{"input":[1,4,5],"tlp":["ba",16398],"trp":["nat",3728],"tlw":["ant",708],"lp":["ba","ab","tan","atn","tatn","ant","tana","aba","bab","tna","bna","ban","fn","baba","fab","bat"],"rp":["nat","nta","nf","nab"]},"26":{"input":[2,4,5],"tlp":["cj",4424],"trp":["nc",4520],"tlw":["tj",127],"lp":["cj","cn","bc","bs","stn","cb","bj","sb","tj"],"rp":["nc","jsc","jc","nst","jst","jb","jt","ncj","nts"]},"27":{"input":[1,2,4,5],"tlp":["stan",3867],"trp":["jac",5445],"tlw":["stan",180],"trw":["jac",97],"lp":["stan","ajac","taj","acj","bac","baw","anc","staj","cja","caj","wnat"],"rp":["jac","nac","nast","nca","nstw","jsca","jca","nasc","jat"]},"28":{"input":[3,4,5],"tlp":["by",46129],"trp":["yt",8428],"tlw":["ten",4023],"trw":["net",73],"lp":["by","ty","ry","be","eb","br","ten","rn","eby","ety","ent","ern","byt","tyn","ber"],"rp":["yt","yb","yby","yr","net"]},"29":{"input":[1,3,4,5],"tlp":["bra",4962],"trp":["yta",3398],"tlw":["aby",2523],"trw":["nate",242],"lp":["bra","bar","ary","aby","aty","eba","ran","arn","tary","rna","abr","aryn","ryna","brat"],"rp":["yta","nar","naty","yra","yba","ynar"]},"30":{"input":[2,3,4,5],"tlp":["cy",8269],"trp":["yc",28802],"tlw":["byc",2943],"trw":["jest",9582],"lp":["cy","bed","tyc","tej","ryc","byc","ejsc","dyt","edyt","dyb","dyby","rej","cej","ecej","sty"],"rp":["yc","jest","yst","nyc","jr"]},"31":{"input":[1,2,3,4,5],"tlw":["stary",943],"trw":["nawet",3158],"lp":[],"rp":[]},"32":{"input":[6],"base":"i","baseshift":"I","trp":["ii",2169],"trw":["i",28082],"lp":[],"rp":["ii","iii"]},"33":{"input":[1,6],"base":"z","baseshift":"Z","tlp":["za",76007],"trp":["ia",68340],"tlw":["z",15934],"trw":["iz",305],"lp":["za","zi","az","zia","ai","aza","azi","zz","zaz","zza","zzi","zaza","zai"],"rp":["ia","iz","iaz","iza","iaza","izz","iazi"]},"34":{"input":[2,6],"base":"k","baseshift":"K","tlp":["si",90184],"trp":["ki",45823],"tlw":["si",39],"trw":["is",1279],"lp":["si","sk","ski","sis","sks"],"rp":["ki","is","ik","ks","isk","ksi","kis","iki","isi","kk","iski","kki","kik","iss"]},"35":{"input":[1,2,6],"tlp":["wi",87989],"trp":["ka",38575],"tlw":["zas",2170],"trw":["ka",698],"lp":["wi","sz","ak","wsz","zas","wia","aki","zw","sza","asz","zk","swi","sia","awi","wz","ska","zis"],"rp":["ka","iw","kaz"]},"36":{"input":[3,6],"base":",","baseshift":"<","tlp":["ei",1323],"trp":["ie",368657],"lp":["ei"],"rp":["ie","iei"],"special":"punc"},"37":{"input":[1,3,6],"tlp":["ze",125561],"trp":["iez",5190],"tlw":["ze",12240],"trw":["ize",38],"lp":["ze","zie","ez","zez","aze","eza","eze","azie","ezi","ziez","ezie","ziei","xi","zeze"],"rp":["iez","iaze","ize","ieza","iezi","ieze"]},"38":{"input":[2,3,6],"tlp":["sie",75832],"trp":["kie",18740],"tlw":["sie",65236],"trw":["ide",164],"lp":["sie","ek","dk","eki","esi","sied","eks","skie","esie","eke"],"rp":["kie","ied","ies","iek","id","kied","ke","iesi","ieks","ieki"]},"39":{"input":[1,2,3,6],"tlp":["dz",71993],"trp":["iedz",11935],"tlw":["dzis",2729],"trw":["kad",1125],"lp":["dz","dzi","wie","dzie","edz","sze","esz","edzi","zes","zd","dzia","zed","wied","zek","wid","wiek","adz","eka"],"rp":["iedz","iew"]},"40":{"input":[4,6],"base":"v","baseshift":"V","tlp":["ti",1632],"trp":["it",10113],"tlw":["v",123],"trw":["it",677],"lp":["ti","vi","vii","tv","tvi","tti","tiv","viii"],"rp":["it","iv","iti","itt","itiv"]},"41":{"input":[1,4,6],"tlp":["zt",5011],"trp":["iat",4655],"tlw":["tai",754],"trw":["if",169],"lp":["zt","fi","zat","zta","tai","av","fia","afi","va","tav","vaa","vaaa","tia","azat","ait","fit"],"rp":["iat","ita","iata","if"]},"42":{"input":[2,4,6],"tlp":["ci",62579],"trp":["ic",34576],"tlw":["ci",3112],"trw":["isc",445],"lp":["ci","sci","tk","stk","tki","stki","cic","ck","tkic","cis","vis","scic"],"rp":["ic","kt","kic","ist","isc","ikt","isci","ici"]},"43":{"input":[1,2,4,6],"tlp":["cz",84284],"trp":["iast",2879],"tlw":["tak",10183],"trw":["itak",560],"lp":["cz","tak","cza","zc","cia","szc","zcz","szcz","acz","zac","czas","wiat","taki","aci","wcz","scia","zacz","wic"],"rp":["iast","iac"]},"44":{"input":[3,4,6],"tlp":["ri",3494],"trp":["ier",13295],"tlw":["tie",65],"trw":["ir",2637],"lp":["ri","ve","rie","ev","vie","ver","rii","eve","ever","eri","tri","eir","rei"],"rp":["ier","iet","ir","ite","ietr","iete","iter"]},"45":{"input":[1,3,4,6],"tlp":["rz",90643],"trp":["ierz",2732],"tlw":["teraz",3005],"trw":["iteraz",110],"lp":["rz","rze","raz","trz","rzez","rza","arz","trze","zar","zr","eraz","erz","atrz","tez","zer","raze","trza","zara","zet"],"rp":["ierz"]},"46":{"input":[2,3,4,6],"tlp":["cie",23265],"trp":["iec",26434],"tlw":["cie",2111],"trw":["itd",184],"lp":["cie","eci","esci","scie","rek","ecie","rsk","rski","tkie","siec","rk"],"rp":["iec","kr","ieci","kre","iesc","kret","iece","ice","ierc"]},"47":{"input":[1,2,3,4,6],"tlw":["wiec",3828],"lp":[],"rp":[]},"48":{"input":[5,6],"base":"h","baseshift":"H","trp":["ni",174405],"trw":["in",1322],"lp":[],"rp":["ni","in","inn","ini","hi","hn","nni","hin","inni","hni","nii","nin","iin","iinn","inii","nh"]},"49":{"input":[1,5,6],"tlp":["zn",27628],"trp":["nia",13186],"tlw":["ani",2778],"trw":["niz",2084],"lp":["zn","ani","zna","zni","ania","zan","zin","azn","zani","azni","znan"],"rp":["nia","ha","ina","niz","ian","naz","nani","han","hna"]},"50":{"input":[2,5,6],"tlp":["sni",3453],"trp":["nik",4194],"tlw":["sni",32],"trw":["his",454],"lp":["sni","sh"],"rp":["nik","kn","nk","ij","ji","nis","his","kni","jni","jsk","nisk","nsk","nki","nski","kin","ins","jis","isn"]},"51":{"input":[1,2,5,6],"tlp":["wni",5839],"trp":["jak",28350],"tlw":["wina",268],"trw":["jak",14792],"lp":["wni","win","zaj","wini","znaj","asni","szn","zj","wnia"],"rp":["jak","nak","jaki","hw","hwi","nasz","ija","kna","kan","jaka","iwn"]},"52":{"input":[3,5,6],"tlp":["eni",11343],"trp":["nie",115708],"trw":["nie",47473],"lp":["eni","enie"],"rp":["nie","he","ien","ieni","yni","inie","hy","inny","nien","inne","ynie","ine","iny","hen","nnie","hey","ienn","hnie"]},"53":{"input":[1,3,5,6],"tlp":["zy",86799],"trp":["yz",4726],"tlw":["zenie",780],"trw":["nanie",104],"lp":["zy","anie","zen","zeni","znie","zyn","enia","zyz","azy","zien","ezy","zne","zny","zyni","zyna","zyzn","ezn"],"rp":["yz","niez","yzn"]},"54":{"input":[2,3,5,6],"tlp":["dni",6393],"trp":["iej",15859],"tlw":["she",1219],"trw":["kiedy",2587],"lp":["dni","snie","dnie","she","esni","ekn"],"rp":["iej","niej","yk","iedy","iejs","kiej","nies","ysi","ieje","iekn","niek","nied","ije","ysie"]},"55":{"input":[1,2,3,5,6],"tlw":["dzien",1087],"trw":["jednak",3118],"lp":[],"rp":[]},"56":{"input":[4,5,6],"tlp":["bi",21105],"trp":["ib",902],"tlw":["bi",50],"lp":["bi","th","tni","thi","bni","thin","bit","bin","bh","tin"],"rp":["ib","ht","nib","ith","int","itn","hb","nit","niti","hit"]},"57":{"input":[1,4,5,6],"tlp":["zb",4172],"trp":["hat",1109],"tlw":["that",591],"trw":["izba",42],"lp":["zb","tani","bia","zab","atni","abi","tha","that","zabi","zbi","zba","tnia","ath","bani"],"rp":["hat","itan","izb","inf","hta","hav"]},"58":{"input":[2,4,5,6],"tlp":["ch",74579],"trp":["ich",14715],"tlw":["bci",274],"trw":["ich",4866],"lp":["ch","chc","chci","bic","cji","chn","cich","bk"],"rp":["ich","nic","hc","kich","kb","hci","nich","icj","inic","nicj","nikt","jci"]},"59":{"input":[1,2,4,5,6],"tlw":["znich",449],"lp":[],"rp":[]},"60":{"input":[3,4,5,6],"tlp":["bie",13336],"trp":["ieb",5068],"tlw":["the",3042],"trw":["her",1605],"lp":["bie","ebi","the","ebie","tnie","biet","rni","bnie"],"rp":["ieb","iebi","her","hr","nieb","nier","iety","hyb","iby","hry","iern","niby"]},"61":{"input":[1,3,4,5,6],"tlw":["bez",2806],"trw":["nieraz",449],"lp":[],"rp":[]},"62":{"input":[2,3,4,5,6],"tlw":["tych",1735],"trw":["niech",1470],"lp":[],"rp":[]},"63":{"input":[1,2,3,4,5,6],"tlw":["czy",5191],"trw":["jeszcze",5354],"lp":[],"rp":[]},"64":{"input":[7],"base":"o","baseshift":"O","trp":["oo",763],"trw":["o",6106],"lp":[],"rp":["oo"]},"65":{"input":[1,7],"base":"(","baseshift":"[","tlp":["ao",782],"trp":["oa",209],"lp":["ao"],"rp":["oa"],"special":"punc"},"66":{"input":[2,7],"base":".","baseshift":">","tlp":["so",12921],"trp":["os",50523],"tlw":["so",247],"lp":["so","sos","soo"],"rp":["os","oso","oos"],"special":"punc"},"67":{"input":[1,2,7],"tlp":["wo",32063],"trp":["ow",64725],"tlw":["wo",109],"trw":["ow",544],"lp":["wo","swo","awo","sow","wos","wow","aso","asow","wso","wswo","aswo","awos"],"rp":["ow","owa","owo","ows","osa","osw","osow","owos"]},"68":{"input":[3,7],"base":"-","baseshift":"_","tlp":["eo",700],"trp":["-o",242],"trw":["-",43777],"lp":["eo"],"rp":["-o","oe"],"special":"punc"},"69":{"input":[1,3,7],"tlp":["xo",67],"trp":["-a",577],"trw":["-a",43],"lp":["xo","axo","a-"],"rp":["-a","ox"]},"70":{"input":[2,3,7],"tlp":["do",46979],"trp":["od",49479],"tlw":["do",12671],"trw":["od",4136],"lp":["do","dos","dod","eso","dodo","doo","edo","doe","does"],"rp":["od","odo","ode","odd","ose","ods","-d","odde","odos","oes","-do"]},"71":{"input":[1,2,3,7],"tlp":["wod",4591],"trp":["owe",3290],"tlw":["woda",528],"trw":["owe",142],"lp":["wod","dow","ado","dwo","ewo","dowo","wdo","dowa","ados","woda","doda","wode","awdo","dosw"],"rp":["owe","oda","owod","odda","owad","odw"]},"72":{"input":[4,7],"base":"g","baseshift":"G","tlp":["to",72862],"trp":["ot",22422],"tlw":["to",23311],"trw":["oto",1109],"lp":["to","go","got","goto","tot","too","goo"],"rp":["ot","og","oto","ogo","ott","oog"]},"73":{"input":[1,4,7],"tlp":["ag",8439],"trp":["oga",3404],"tlw":["ato",208],"trw":["of",1252],"lp":["ag","ga","fo","ato","aga","ago","gat","tota","fot","tof","gf","gata"],"rp":["oga","of","ota","off","ogat","otta","ofa"]},"74":{"input":[2,4,7],"tlp":["co",15974],"trp":["oc",26832],"tlw":["co",5162],"lp":["co","sto","cos","gos","tos","cot","gosc","stos","stot","tosc","coto","toc","cott","sco"],"rp":["oc","osc","ost","osto","otc","ogos"]},"75":{"input":[1,2,4,7],"tlp":["two",4901],"trp":["osta",7294],"tlw":["gotow",216],"trw":["owoc",43],"lp":["two","tow","stwo","towa","woc","cow","wag","gw","wosc","gow","wg","wowc"],"rp":["osta","otw","owc","owac","otow","oca","owt","ogow"]},"76":{"input":[3,4,7],"tlp":["ro",57299],"trp":["or",45488],"tlw":["tego",4358],"trw":["-to",452],"lp":["ro","eg","ego","tor","tore","teg","tego","tro","gr","ge","rog","gor","gro","reg","ero","rego"],"rp":["or","ore","ote","otr"]},"77":{"input":[1,3,4,7],"tlp":["tora",3418],"trp":["ora",7565],"tlw":["for",554],"trw":["-ato",55],"lp":["tora","for","aro","rag","ateg","ega","gra","roga","gar","age","gora","arg","arto","areg","fro","taro"],"rp":["ora","otra","-ta","ogar"]},"78":{"input":[2,3,4,7],"tlp":["gd",17099],"trp":["ors",3173],"tlw":["dosc",813],"trw":["odtego",117],"lp":["gd","rod","roc","ros","dro","stro","god","tors","sro","srod","drog","rost","dot","dosc","cor","dost"],"rp":["ors","odc","odr","ostr"]},"79":{"input":[1,2,3,4,7],"tlw":["wsrod",1050],"trw":["otwarte",152],"lp":[],"rp":[]},"80":{"input":[5,7],"base":"u","baseshift":"U","trp":["on",34225],"trw":["on",3987],"lp":[],"rp":["on","no","un","nu","ou","ono","uo","onu","nuo","nno","uno","oun","oon","onn","unu","onno","non","unon","nou"]},"81":{"input":[1,5,7],"tlp":["au",3651],"trp":["ona",5686],"tlw":["aon",234],"trw":["ona",1285],"lp":["au","ano","anu","aon","aona","anno","aun","auna","qu"],"rp":["ona","nau","una","nao","ua","onan","nano","oan","oann","nona","uau"]},"82":{"input":[2,5,7],"tlp":["su",4815],"trp":["oj",23708],"tlw":["su",735],"trw":["jo",359],"lp":["su","sno","sun","sus","snu"],"rp":["oj","us","ju","nos","uj","jo","jus","ojn","oju","osn","ojs","osu","nso","ojo","osno"]},"83":{"input":[1,2,5,7],"tlp":["woj",7645],"trp":["now",8001],"tlw":["swoja",803],"trw":["jau",356],"lp":["woj","swoj","wu","anow","wno","asu","aju","woja","wojn","won","sown"],"rp":["now","own","oja","uw","uwa","owu","nowu","uja","onow"]},"84":{"input":[3,5,7],"tlp":["eu",1045],"trp":["ony",3245],"trw":["you",832],"lp":["eu","eon","eno","eun","enu"],"rp":["ony","one","-n","yo","you","neu","yno","une","ynu","-no","ynno","uny","ynuo","-nu","-on"]},"85":{"input":[1,3,5,7],"tlp":["aux",164],"trp":["ux",164],"lp":["aux","eona","eanu","eau"],"rp":["ux"]},"86":{"input":[2,3,5,7],"tlp":["du",7756],"trp":["ud",11878],"tlw":["synu",166],"trw":["jedno",549],"lp":["du","dno","dus","don","edno","ejo","dnos"],"rp":["ud","oje","odn","uje","ody","ojej","odu","udn","osy","ude","yso","udy","-j"]},"87":{"input":[1,2,3,5,7],"tlw":["swoje",1014],"trw":["nowe",458],"lp":[],"rp":[]},"88":{"input":[4,5,7],"tlp":["bo",17356],"trp":["ob",32371],"tlw":["tu",4701],"trw":["obu",290],"lp":["bo","tu","bu","gn","bog","gu","tob","tut","but","bot"],"rp":["ob","ug","ut","ub","obo","obn","nog","ugo","ogn","ng"]},"89":{"input":[1,4,5,7],"tlp":["gna",1454],"trp":["oba",4176],"tlw":["boga",442],"trw":["nato",715],"lp":["gna","agn","atu","tano","agna","boga","tuta","agu","toba","abo","gan"],"rp":["oba","nag","nato","uta","uga","noga","natu","nfo","obna"]},"90":{"input":[2,4,5,7],"tlp":["sob",8597],"trp":["uc",9675],"tlw":["boju",171],"trw":["noc",701],"lp":["sob","cu","stu","cju","cjus","boj","bos","scu","cno"],"rp":["uc","ust","nosc","onc","osob","noc","ojc","ncu","oncu","ocn","just"]},"91":{"input":[1,2,4,5,7],"tlw":["soba",912],"trw":["usta",582],"lp":[],"rp":[]},"92":{"input":[3,4,5,7],"tlp":["ru",10352],"trp":["ory",10533],"tlw":["gory",402],"trw":["nero",306],"lp":["ru","tory","ron","rob","tron","bro","rug","tru","rony"],"rp":["ory","ur","obr","neg","nego","yto","oty","ytor","yg","oby","obe"]},"93":{"input":[1,3,4,5,7],"tlw":["rano",301],"trw":["natury",131],"lp":[],"rp":[]},"94":{"input":[2,3,4,5,7],"tlw":["gdy",6483],"trw":["jego",6471],"lp":[],"rp":[]},"95":{"input":[1,2,3,4,5,7],"tlw":["dobra",471],"trw":["justyna",463],"lp":[],"rp":[]},"96":{"input":[6,7],"base":"l","baseshift":"L","trp":["lo",50381],"trw":["li",307],"lp":[],"rp":["lo","li","il","ol","io","oi","oli","olo","ilo","ili","ll","iol","lil","llo","ill","lli","lio","ilio","oil","loo"]},"97":{"input":[1,6,7],"tlp":["al",107956],"trp":["la",64546],"tlw":["zal",356],"trw":["la",391],"lp":["al","zo","ala","zl","zal","zial","alo","zlo","ali","zil","zla","zli","azal"],"rp":["la","oz","ial","ola","iala","ila","lal"]},"98":{"input":[2,6,7],"tlp":["sl",22280],"trp":["ko",47506],"tlw":["sil",387],"trw":["okolo",573],"lp":["sl","sli","slo","sil","sko"],"rp":["ko","ok","lk","kl","lko","los","oko","kol","lki","osi","ilk","kil","oki","kilk","okol"]},"99":{"input":[1,2,6,7],"tlp":["wal",9697],"trp":["owi",22633],"tlw":["slowa",956],"trw":["kilka",1527],"lp":["wal","wil","wol","wl","ako","szl","zos","wla","sla","wlas","slow"],"rp":["owi","low","las","lowi","kla","osz","lka","lowa","kow"]},"100":{"input":[3,6,7],"tlp":["el",23557],"trp":["le",60091],"trw":["ile",574],"lp":["el","eli","ele","elo","ell","ello","elli"],"rp":["le","iel","ole","ile","ieli","iele","iell","ielo","lie","lei","olei","lle","iole"]},"101":{"input":[1,3,6,7],"tlp":["ale",25698],"trp":["oze",6806],"tlw":["ale",11823],"trw":["lezal",224],"lp":["ale","zel","ela","alez","zle","ziel","zeli","zela","zale","ezal","ezel","ezl"],"rp":["oze","lez","iale","leza","iela","lale","ozle","loze"]},"102":{"input":[2,3,6,7],"tlp":["dl",18350],"trp":["lek",3460],"tlw":["sile",224],"trw":["like",346],"lp":["dl","ekl","elk","edl","esl","esli","dok","elki","eko","dol","dlo"],"rp":["lek","ielk","lod","ld","lkie","osie","led","ido","okie"]},"103":{"input":[1,2,3,6,7],"tlw":["dla",5302],"lp":[],"rp":[]},"104":{"input":[4,6,7],"tlp":["gl",20525],"trp":["ogl",5611],"tlw":["gi",147],"trw":["ito",358],"lp":["gl","gi","glo","tol","tl","vo","gol"],"rp":["ogl","ig","ogi","lit","ito","lot","lig","igi","itol","ligi","lt","iot","oglo"]},"105":{"input":[1,4,6,7],"tlp":["tal",9006],"trp":["lat",3663],"tlw":["zato",341],"trw":["lat",1084],"lp":["tal","gla","zg","agl","tala","talo","zgo","agi","zlot","gal","atl","zgl","alt","toz"],"rp":["lat","iag","ogla","ofi","iatl","ofia"]},"106":{"input":[2,4,6,7],"tlp":["cil",3725],"trp":["kto",24526],"tlw":["glos",1013],"trw":["kto",1969],"lp":["cil","glos","tko","stko","stol"],"rp":["kto","osci","oci","lic","losc","lc","ocil","otk","oic","okt","okto","kosc","koc","isto","olic"]},"107":{"input":[1,2,4,6,7],"tlw":["glowa",1247],"lp":[],"rp":[]},"108":{"input":[3,4,6,7],"tlp":["gle",3643],"trp":["ieg",7405],"tlw":["teorii",136],"trw":["ligie",262],"lp":["gle","gie","rol","rl","egl","rogi","tel","egi","role","giel"],"rp":["ieg","iego","leg","iero","lite","ori","lego","ior","ogie","legl"]},"109":{"input":[1,3,4,6,7],"tlw":["zeto",514],"trw":["oraz",543],"lp":[],"rp":[]},"110":{"input":[2,3,4,6,7],"tlw":["drogi",663],"trw":["ktore",3303],"lp":[],"rp":[]},"111":{"input":[1,2,3,4,6,7],"tlw":["gdzie",3077],"trw":["lecz",4127],"lp":[],"rp":[]},"112":{"input":[5,6,7],"trp":["lu",22354],"trw":["oni",779],"lp":[],"rp":["lu","ho","oni","ln","iu","lni","lon","ul","oln","niu","hl","nio","hlo","olni","hu","uni","ion","nil","lno","olu"]},"113":{"input":[1,5,6,7],"tlp":["zu",11610],"trp":["uz",13328],"tlw":["znalazl",366],"trw":["uz",245],"lp":["zu","zno","znal","zon","zul","azu","alan"],"rp":["uz","nal","ozn","ozna","lan","ozu","luz","hal","ozni","lna","nala","lani","nial"]},"114":{"input":[2,5,6,7],"tlp":["slu",3167],"trp":["ku",13470],"tlw":["skoku",179],"trw":["ku",734],"lp":["slu","slon","sku"],"rp":["ku","kon","uk","usi","koj","okoj","koni","oku","unk","nios","kun","lus","ius","nius","nku","nosi","niko"]},"115":{"input":[1,2,5,6,7],"tlw":["znowu",1380],"trw":["juz",8066],"lp":[],"rp":[]},"116":{"input":[3,5,6,7],"tlp":["eln",2354],"trp":["yl",37140],"trw":["-nie",970],"lp":["eln","elu","elni","eniu"],"rp":["yl","ly","ylo","onie","lnie","yli","yly","yle","nel","ily","-ni","-nie","lny","lne","len","ielu"]},"117":{"input":[1,3,5,6,7],"tlw":["zony",234],"trw":["lzy",407],"lp":[],"rp":[]},"118":{"input":[2,3,5,6,7],"tlw":["sily",637],"trw":["jesli",2399],"lp":[],"rp":[]},"119":{"input":[1,2,3,5,6,7],"tlw":["dalej",1297],"trw":["ludzi",1877],"lp":[],"rp":[]},"120":{"input":[4,5,6,7],"tlp":["bl",4510],"trp":["obi",10397],"tlw":["buvo",526],"trw":["lub",2322],"lp":["bl","gni","bli","bil","tlu","bol","tobi"],"rp":["obi","lb","ugi","lug","lub","lbo","nig","lugo","ogni","lugi","obil","obl","uv"]},"121":{"input":[1,4,5,6,7],"tlw":["albo",1927],"trw":["ognia",422],"lp":[],"rp":[]},"122":{"input":[2,4,5,6,7],"tlw":["choc",1394],"trw":["obok",680],"lp":[],"rp":[]},"123":{"input":[1,2,4,5,6,7],"tlw":["chwili",1257],"lp":[],"rp":[]},"124":{"input":[3,4,5,6,7],"tlw":["bylo",6619],"trw":["niego",1339],"lp":[],"rp":[]},"125":{"input":[1,3,4,5,6,7],"tlw":["byla",3016],"trw":["nagle",1105],"lp":[],"rp":[]},"126":{"input":[2,3,4,5,6,7],"tlw":["tylko",7436],"trw":["ktory",4337],"lp":[],"rp":[]},"127":{"input":[1,2,3,4,5,6,7],"tlw":["wszystko",2576],"trw":["oczy",2137],"lp":[],"rp":[]},"128":{"input":[8],"base":"p","baseshift":"P","trp":["pp",172],"trw":["p",135],"lp":[],"rp":["pp"]},"129":{"input":[1,8],"base":"?","baseshift":"/","tlp":["ap",9918],"trp":["pa",27218],"trw":["pa",145],"lp":["ap","apa","app"],"rp":["pa","pap","papa"],"special":"punc"},"130":{"input":[2,8],"base":")","baseshift":"]","tlp":["sp",14576],"trp":["ps",984],"lp":["sp"],"rp":["ps"],"special":"punc"},"131":{"input":[1,2,8],"tlp":["wp",3537],"trp":["pas",1206],"trw":["pas",221],"lp":["wp","spa","wsp","wpa","wspa","apas","asp","aspa","wap","awp","wpas","spas"],"rp":["pas","paw","psa","pasa","pw"]},"132":{"input":[3,8],"base":"'","baseshift":"\"","tlp":["ep",5528],"trp":["pe",8856],"trw":["pe",37],"lp":["ep","e'","epe","eep"],"rp":["pe","ppe","pee"],"special":"punc"},"133":{"input":[1,3,8],"tlp":["ape",1033],"trp":["pea",94],"lp":["ape","epa","a'","appe"],"rp":["pea","ppea"]},"134":{"input":[2,3,8],"tlp":["dp",2912],"trp":["'s",698],"lp":["dp","eps","esp","spe","e's","sped","spee","e'd","desp","dep","sep"],"rp":["'s","ped","'d","pede"]},"135":{"input":[1,2,3,8],"tlp":["dpa",640],"trp":["pew",3258],"tlw":["wpada",59],"trw":["pada",80],"lp":["dpa","apew","wpad","aped","spad","a's","apad","wpe","wpew","epas","epew"],"rp":["pew","pad","pada","pade","pawe","pase","pwe"]},"136":{"input":[4,8],"tlp":["tp",340],"trp":["pt",863],"lp":["tp"],"rp":["pt"],"special":"bksp","base":"tp"},"137":{"input":[1,4,8],"tlp":["tap",450],"trp":["pat",2675],"lp":["tap","atp"],"rp":["pat","pta","pf"]},"138":{"input":[2,4,8],"tlp":["cp",40],"trp":["pc",913],"lp":["cp"],"rp":["pc","pst"]},"139":{"input":[1,2,4,8],"tlp":["stap",450],"trp":["pac",1055],"tlw":["spac",240],"trw":["pats",97],"lp":["stap","apac","watp","spac","wpat","acp","cpa","wacp","acpa"],"rp":["pac","pca","pasc","past","pats","pstw","ptac"]},"140":{"input":[3,4,8],"tlp":["tep",1202],"trp":["pr",57473],"trw":["per",245],"lp":["tep","epr","rp","erp","ept","t'","epte","re'","ere'","tepe"],"rp":["pr","pre","pet","petr","per","'t","pret","'r","'re","pte"]},"141":{"input":[1,3,4,8],"tlp":["apr",1964],"trp":["pra",9765],"tlw":["tarp",77],"trw":["pare",337],"lp":["apr","apra","epra","epta","arp","tarp","at'","apar","apre"],"rp":["pra","patr","par","pare","pfe","para","pera","part","papr"]},"142":{"input":[2,3,4,8],"tlp":["spr",2056],"trp":["pred",1040],"trw":["press",30],"lp":["spr","step","t's","epc","tepc","cep","rcep","cepc","spec","re's","epce","cept","depc"],"rp":["pred","prec","perc","pres","pce","peec","pec"]},"143":{"input":[1,2,3,4,8],"tlw":["sprawe",290],"trw":["prawda",673],"lp":[],"rp":[]},"144":{"input":[5,8],"base":"m","baseshift":"M","trp":["mn",14832],"trw":["m",312],"lp":[],"rp":["mn","pn","mp","nm","np","mm"]},"145":{"input":[1,5,8],"tlp":["am",33618],"trp":["ma",28562],"tlw":["apan",98],"trw":["pan",4034],"lp":["am","ama","amn","amp","apan","anam"],"rp":["ma","pan","nam","nap","mam","mna","pana","man","pam","pann","namn","napa","pna","mama"]},"146":{"input":[2,5,8],"tlp":["sm",6824],"trp":["jm",1565],"lp":["sm"],"rp":["jm","ms","jmn","jp"]},"147":{"input":[1,2,5,8],"tlp":["sam",6796],"trp":["maj",1759],"tlw":["sam",2445],"trw":["maja",826],"lp":["sam","wam","ajm","sama","ajmn","wm","asam","sma","ajp","span","asm"],"rp":["maj","maja","mas","najm","jam","pans","maw","najp","nasm"]},"148":{"input":[3,5,8],"tlp":["em",47785],"trp":["ym",25806],"tlw":["eme",32],"trw":["my",1084],"lp":["em","emn","emy","epn","eme","emne"],"rp":["ym","my","me","yp","py","nym","nem","men","mne","mny","nnym","mym","n'","mem"]},"149":{"input":[1,3,5,8],"tlp":["amy",2050],"trp":["yma",2522],"tlw":["amy",88],"trw":["max",1479],"lp":["amy","ame","apy","ema","emna","amym","anem","epna","an'","amem"],"rp":["yma","max","ypa","mamy","nape","mane","pane","namy","maxa","na'"]},"150":{"input":[2,3,5,8],"tlp":["sem",2689],"trp":["mys",5369],"tlw":["dym",154],"trw":["jednym",518],"lp":["sem","dym","smy","dem","spy","dm","dnym","esm","edem","esmy","edm","ems"],"rp":["mys","jem","jemn","ysp","mej","ysm","ysmy","yms"]},"151":{"input":[1,2,3,5,8],"tlw":["samym",432],"trw":["pewna",264],"lp":[],"rp":[]},"152":{"input":[4,5,8],"tlp":["tm",173],"trp":["mt",555],"lp":["tm"],"rp":["mt","mb"]},"153":{"input":[1,4,5,8],"tlp":["tam",5042],"trp":["mat",1787],"tlw":["tam",3597],"trw":["mat",31],"lp":["tam","amt","tamt","amta","fam","atam","bam","amf","atm","fm"],"rp":["mat","mta","mf","pant","mnat"],"special":"numsym"},"154":{"input":[2,4,5,8],"tlp":["cm",184],"trp":["mc",1077],"tlw":["tms",55],"lp":["cm","tms"],"rp":["mc","mst","pcj","msc"]},"155":{"input":[1,2,4,5,8],"tlw":["wacpan",40],"trw":["majac",369],"lp":[],"rp":[]},"156":{"input":[3,4,5,8],"tlp":["tem",8044],"trp":["pyt",2717],"tlw":["tym",4037],"lp":["tem","tym","rym","bym","rm","rem","tepn","bem"],"rp":["pyt","mr","met","n't","mbe","mber","metr","ment","ybym","mer","ypr","mte"]},"157":{"input":[1,3,4,5,8],"tlw":["temat",228],"trw":["natym",299],"lp":[],"rp":[]},"158":{"input":[2,3,4,5,8],"tlw":["system",322],"trw":["jestem",1324],"lp":[],"rp":[]},"159":{"input":[1,2,3,4,5,8],"tlw":["wtym",987],"trw":["naprawde",460],"lp":[],"rp":[]},"160":{"input":[6,8],"base":"!","baseshift":"|","trp":["pi",22224],"trw":["pi",56],"lp":[],"rp":["pi","ip"],"special":"punc"},"161":{"input":[1,6,8],"tlp":["zap",2987],"trp":["pia",562],"lp":["zap","api","zp","aip","zapa","zpi","zpa","apia"],"rp":["pia","papi","ipa","paz","izap"]},"162":{"input":[2,6,8],"tlp":["spi",1310],"trp":["pis",4398],"tlw":["spi",122],"lp":["spi","skip"],"rp":["pis","kip","pk","isp","pki","psi"]},"163":{"input":[1,2,6,8],"tlp":["wpi",267],"trp":["kap",1184],"tlw":["zapas",72],"trw":["kaip",681],"lp":["wpi","apis","apk","zapk","szp","zkap","szpi"],"rp":["kap","kapi","kaip","psz","pisa","pak","pias","pisz","piw","kasp","pask","psza","piwa"]},"164":{"input":[3,6,8],"tlp":["epi",972],"trp":["pie",13522],"trw":["pie",48],"lp":["epi","epie"],"rp":["pie","iep","i'","ipe","iepe","pei","ppei"]},"165":{"input":[1,3,6,8],"tlp":["zep",1368],"trp":["piez",95],"tlw":["apie",272],"trw":["papieza",54],"lp":["zep","apie","ezp","zpie","ezpi","zape","zepa","zpe"],"rp":["piez"]},"166":{"input":[2,3,6,8],"tlp":["spie",1047],"trp":["pies",1441],"trw":["pies",178],"lp":["spie","epek","spek"],"rp":["pies","piek","iesp","kipe","pke","pek","kep"]},"167":{"input":[1,2,3,6,8],"tlw":["spiew",96],"trw":["pisze",141],"lp":[],"rp":[]},"168":{"input":[4,6,8],"tlp":["tpi",70],"trp":["pit",866],"trw":["itp",74],"lp":["tpi"],"rp":["pit","itp","pti"]},"169":{"input":[1,4,6,8],"tlp":["apit",763],"trp":["pita",834],"tlw":["taip",402],"trw":["pati",50],"lp":["apit","tapi","taip","zpit","atpi"],"rp":["pita","piat","pati","ipat"]},"170":{"input":[2,4,6,8],"tlp":["cip",42],"trp":["pic",402],"trw":["pic",106],"lp":["cip","spit"],"rp":["pic","ipc","pist"]},"171":{"input":[1,2,4,6,8],"tlw":["czapka",41],"trw":["ptak",106],"lp":[],"rp":[]},"172":{"input":[3,4,6,8],"tlp":["rpi",335],"trp":["pier",5070],"trw":["prie",378],"lp":["rpi","erpi","rpie","tpie","epti"],"rp":["pier","ierp","pri","prie","iepr","piet","ipr","it'","iper","pir"]},"173":{"input":[1,3,4,6,8],"tlw":["rzepa",61],"trw":["przez",6795],"lp":[],"rp":[]},"174":{"input":[2,3,4,6,8],"tlw":["skiper",201],"trw":["piec",482],"lp":[],"rp":[]},"175":{"input":[1,2,3,4,6,8],"tlw":["wprawdzie",446],"trw":["przed",3656],"lp":[],"rp":[]},"176":{"input":[5,6,8],"trp":["mi",59941],"trw":["mi",6561],"lp":[],"rp":["mi","im","mni","nim","imi","min","pni","hm","mim","nimi","hmi","imn","him","hip","mini","pin","imni","nmi","pini","imim"]},"177":{"input":[1,5,6,8],"tlp":["ami",9688],"trp":["mia",11078],"tlw":["zanim",753],"trw":["pani",1381],"lp":["ami","zm","zam","zmi","zami","anim","amia","zim","zma","znim","zmia","znam"],"rp":["mia","pani","nami","pami","hmia","mian","mina","maz"]},"178":{"input":[2,5,6,8],"tlp":["smi",4361],"trp":["kim",3177],"tlw":["spij",31],"trw":["kim",153],"lp":["smi","sim","skim"],"rp":["kim","mis","mk","jmni","ism","mkn","ims","kims","pij","kimi","mkni","jmi","jpi","misj","msk","mski","pism"]},"179":{"input":[1,2,5,6,8],"tlw":["wnim",424],"trw":["masz",794],"lp":[],"rp":[]},"180":{"input":[3,5,6,8],"tlp":["emi",3623],"trp":["mie",22534],"trw":["mnie",6049],"lp":["emi","emie","emni","epni"],"rp":["mie","iem","mnie","niem","iemi","mien","ypi","ymi","iemn","hem","pien","imie","pnie","niep","iemy","imy"]},"181":{"input":[1,3,5,6,8],"tlw":["ziemi",986],"trw":["panie",1750],"lp":[],"rp":[]},"182":{"input":[2,3,5,6,8],"tlw":["siedem",200],"trw":["mniej",628],"lp":[],"rp":[]},"183":{"input":[1,2,3,5,6,8],"tlw":["wiem",1473],"trw":["miedzy",1744],"lp":[],"rp":[]},"184":{"input":[4,5,6,8],"tlp":["tim",148],"trp":["mit",146],"trw":["mit",116],"lp":["tim","bim","tnim","vim"],"rp":["mit","imit"]},"185":{"input":[1,4,5,6,8],"trw":["itam",129],"lp":[],"rp":[]},"186":{"input":[2,4,5,6,8],"trw":["mscic",37],"lp":[],"rp":[]},"187":{"input":[1,2,4,5,6,8],"tlw":["zamiast",457],"trw":["matka",605],"lp":[],"rp":[]},"188":{"input":[3,4,5,6,8],"tlw":["tymi",175],"trw":["itym",97],"lp":[],"rp":[]},"189":{"input":[1,3,4,5,6,8],"tlw":["razem",1159],"trw":["przy",3948],"lp":[],"rp":[]},"190":{"input":[2,3,4,5,6,8],"tlw":["smierc",577],"trw":["miec",761],"lp":[],"rp":[]},"191":{"input":[1,2,3,4,5,6,8],"tlw":["tymczasem",730],"trw":["przypis",2677],"lp":[],"rp":[]},"192":{"input":[7,8],"base":";","baseshift":":","trp":["po",79029],"trw":["po",5485],"lp":[],"rp":["po","op","pop","opo","opp","popp","popo"],"special":"punc"},"193":{"input":[1,7,8],"tlp":["apo",1764],"trp":["opa",1101],"lp":["apo"],"rp":["opa","popa"]},"194":{"input":[2,7,8],"tlp":["spo",8518],"trp":["pos",6704],"tlw":["spo",52],"lp":["spo","spos"],"rp":["pos","poso","osp","ospo","posp","pso"]},"195":{"input":[1,2,7,8],"tlp":["wpo",932],"trp":["pow",12141],"trw":["psow",77],"lp":["wpo","wspo","apos","wpow","apow","wpos","awpo","wpop"],"rp":["pow","powo","opow","pows","powa","posa","posw","psow","paso"]},"196":{"input":[3,7,8],"tlp":["epo",395],"trp":["-p",478],"lp":["epo","eop"],"rp":["-p","ope","oppe","poe","peo","peop","-po"]},"197":{"input":[1,3,7,8],"trp":["-pa",318],"trw":["poppea",94],"lp":[],"rp":["-pa"]},"198":{"input":[2,3,7,8],"tlp":["dpo",2241],"trp":["pod",11766],"tlw":["spod",439],"trw":["pod",4050],"lp":["dpo","dop","spod","dopo","espo","epod","dope"],"rp":["pod","odp","odpo","podo","opod","pods","pode","podd","pose","pedo","podp","odep","osep"]},"199":{"input":[1,2,3,7,8],"trw":["powod",76],"lp":[],"rp":[]},"200":{"input":[4,7,8],"tlp":["top",1200],"trp":["pot",6309],"trw":["pot",71],"lp":["top"],"rp":["pot","pog","pogo","opot","poto"]},"201":{"input":[1,4,7,8],"tlp":["apot",497],"trp":["poga",110],"lp":["apot","topa"],"rp":["poga","opat","pota"]},"202":{"input":[2,4,7,8],"tlp":["stop",1200],"trp":["poc",5454],"tlw":["stop",300],"lp":["stop","spot","gosp","spog","spoc","cop"],"rp":["poc","post","opc","posc","pco","opco"]},"203":{"input":[1,2,4,7,8],"tlw":["stopa",56],"trw":["postac",287],"lp":[],"rp":[]},"204":{"input":[3,4,7,8],"tlp":["rop",301],"trp":["pro",7398],"trw":["popr",1453],"lp":["rop","epro","tepo"],"rp":["pro","pote","opr","por","popr","potr","opro","prog","poro","pror","opor","-pr","oper","-pro","poet","opre","opet"]},"205":{"input":[1,3,4,7,8],"trw":["pora",123],"lp":[],"rp":[]},"206":{"input":[2,3,4,7,8],"tlw":["sporo",108],"trw":["prosto",232],"lp":[],"rp":[]},"207":{"input":[1,2,3,4,7,8],"tlw":["wprost",448],"trw":["prawo",368],"lp":[],"rp":[]},"208":{"input":[5,7,8],"trp":["mo",36877],"trw":["mu",7197],"lp":[],"rp":["mo","mu","om","um","pom","up","omu","pu","omo","omn","pon","pomo","mno","pomn","opn","pun","mom","omp","umn","opu"]},"209":{"input":[1,5,7,8],"tlp":["amo",1213],"trp":["oma",1236],"trw":["panu",545],"lp":["amo","apom","anom","apon","anum"],"rp":["oma","pano","uma","panu","upa","pona","napo","onam","mano","oman","omna","opan","namo","poma","mamo"]},"210":{"input":[2,5,7,8],"tlp":["spoj",1485],"trp":["moj",4972],"tlw":["spoj",47],"trw":["moj",1601],"lp":["spoj","smu","spom","sum"],"rp":["moj","mus","poj","pus","usm","mos","mnos","omos","opus","muj","osm","jmo","jom","jmu","jmuj","pojs"]},"211":{"input":[1,2,5,7,8],"tlw":["samo",635],"trw":["moja",1288],"lp":[],"rp":[]},"212":{"input":[3,5,7,8],"tlp":["emu",3362],"trp":["ome",1246],"trw":["open",44],"lp":["emu","emo","emno"],"rp":["ome","omy","upe","pomy","umy","ypo","omen","mome","ymu","ypom","upy","ume","onem","omny","omne","ypu","-m"]},"213":{"input":[1,3,5,7,8],"trw":["-pan",98],"lp":[],"rp":[]},"214":{"input":[2,3,5,7,8],"tlw":["domu",1023],"trw":["moje",1112],"lp":[],"rp":[]},"215":{"input":[1,2,3,5,7,8],"tlw":["wdomu",466],"trw":["mowy",435],"lp":[],"rp":[]},"216":{"input":[4,5,7,8],"tlp":["tom",725],"trp":["mog",6878],"tlw":["tom",165],"trw":["potu",49],"lp":["tom","topn","gm","gom","bom","gmu","gmun"],"rp":["mog","mot","mut","pob","mutn","moto","umb","mg","ptu","put","mput","motn","ogom"]},"217":{"input":[1,4,5,7,8],"tlw":["toma",53],"trw":["moga",569],"lp":[],"rp":[]},"218":{"input":[2,4,5,7,8],"tlw":["sposob",1064],"trw":["moc",367],"lp":[],"rp":[]},"219":{"input":[1,2,4,5,7,8],"tlw":["smutna",117],"trw":["mnostwo",266],"lp":[],"rp":[]},"220":{"input":[3,4,5,7,8],"tlw":["temu",761],"trw":["potem",2023],"lp":[],"rp":[]},"221":{"input":[1,3,4,5,7,8],"tlw":["forma",589],"trw":["megan",179],"lp":[],"rp":[]},"222":{"input":[2,3,4,5,7,8],"tlw":["gdybym",317],"trw":["prostu",339],"lp":[],"rp":[]},"223":{"input":[1,2,3,4,5,7,8],"tlw":["samego",331],"trw":["pewnego",233],"lp":[],"rp":[]},"224":{"input":[6,7,8],"trp":["pol",5926],"trw":["pol",506],"lp":[],"rp":["pol","pl","opi","lop","polo","pil","plo","ipo","pio","poli","pli","lopi","lp","lopo","opl","lip","ipol","opol","pili","pilo"]},"225":{"input":[1,6,7,8],"tlp":["zpo",957],"trp":["poz",4658],"tlw":["zlapal",59],"trw":["poza",483],"lp":["zpo","zapo","apl","apla","apal","apil","alp"],"rp":["poz","pla","pal","pozo","pola","poza","ozp","pali","lopa","ozpa","pala","ozpo","pozi"]},"226":{"input":[2,6,7,8],"tlp":["spok",1225],"trp":["pok",4474],"trw":["polski",326],"lp":["spok","spol"],"rp":["pok","poko","pols","piso","poki","posi","posl","pokl","opok","ospi","klop","opis","ipos","kop","pios","ispo","polk"]},"227":{"input":[1,2,6,7,8],"tlw":["wpol",123],"trw":["powoli",384],"lp":[],"rp":[]},"228":{"input":[3,6,7,8],"tlp":["epl",290],"trp":["pel",2439],"trw":["pole",188],"lp":["epl","eplo","eple","eopl","elp"],"rp":["pel","opie","lep","lepi","pole","ple","iepl","iepo","pele","ople","'l","i'l","'ll","i'll","piel"]},"229":{"input":[1,3,6,7,8],"lp":[],"rp":[]},"230":{"input":[2,3,6,7,8],"tlw":["dopoki",198],"trw":["polskie",78],"lp":[],"rp":[]},"231":{"input":[1,2,3,6,7,8],"tlw":["wpadl",182],"trw":["powiedzial",1337],"lp":[],"rp":[]},"232":{"input":[4,6,7,8],"tlp":["tpl",196],"trp":["piot",350],"trw":["plot",40],"lp":["tpl","tpli","topi"],"rp":["piot","pogl","plot","polg","polt","ptio","pito","ipog","pogi"]},"233":{"input":[1,4,6,7,8],"tlw":["filip",38],"lp":[],"rp":[]},"234":{"input":[2,4,6,7,8],"trw":["pociski",37],"lp":[],"rp":[]},"235":{"input":[1,2,4,6,7,8],"tlw":["spotkac",156],"trw":["poczal",800],"lp":[],"rp":[]},"236":{"input":[3,4,6,7,8],"trw":["piotr",231],"lp":[],"rp":[]},"237":{"input":[1,3,4,6,7,8],"trw":["przeto",243],"lp":[],"rp":[]},"238":{"input":[2,3,4,6,7,8],"tlw":["dopiero",1010],"trw":["predko",303],"lp":[],"rp":[]},"239":{"input":[1,2,3,4,6,7,8],"trw":["prosze",860],"lp":[],"rp":[]},"240":{"input":[5,6,7,8],"trp":["mil",4286],"trw":["mimo",629],"lp":[],"rp":["mil","umi","omi","ml","mlo","hlop","oim","pomi","omni","milo","mio","poni","moi","lum","imo","mimo","mion","iom","moim","minu"],"special":"enter"},"241":{"input":[1,5,6,7,8],"trw":["mial",2579],"lp":[],"rp":[]},"242":{"input":[2,5,6,7,8],"tlw":["spokoj",193],"trw":["musi",771],"lp":[],"rp":[]},"243":{"input":[1,2,5,6,7,8],"tlw":["swoim",499],"trw":["mowil",1284],"lp":[],"rp":[]},"244":{"input":[3,5,6,7,8],"trw":["mieli",613],"lp":[],"rp":[]},"245":{"input":[1,3,5,6,7,8],"tlw":["zupelnie",861],"trw":["moze",4134],"lp":[],"rp":[]},"246":{"input":[2,3,5,6,7,8],"tlw":["spokojnie",378],"trw":["lepiej",825],"lp":[],"rp":[]},"247":{"input":[1,2,3,5,6,7,8],"tlw":["widzialem",345],"trw":["pozniej",689],"lp":[],"rp":[]},"248":{"input":[4,5,6,7,8],"tlw":["tlum",312],"trw":["mogl",1899],"lp":[],"rp":[]},"249":{"input":[1,4,5,6,7,8],"tlw":["galima",72],"trw":["mogla",591],"lp":[],"rp":[]},"250":{"input":[2,4,5,6,7,8],"tlw":["chlop",216],"trw":["milosc",470],"lp":[],"rp":[]},"251":{"input":[1,2,4,5,6,7,8],"tlw":["chlopak",251],"trw":["mowic",686],"lp":[],"rp":[]},"252":{"input":[3,4,5,6,7,8],"tlw":["bylem",489],"trw":["moglem",321],"lp":[],"rp":[]},"253":{"input":[1,3,4,5,6,7,8],"tlw":["zapytal",512],"trw":["potrzeba",320],"lp":[],"rp":[]},"254":{"input":[2,3,4,5,6,7,8],"tlw":["glosem",676],"trw":["ktorym",841],"lp":[],"rp":[]},"255":{"input":[1,2,3,4,5,6,7,8],"tlw":["bowiem",669],"trw":["petroniusz",731],"lp":[],"rp":[]}}