{"0":{"value":0,"notes":["Developer : Zack Dennis (zack@asetniop.com)","Date : 12/12/2014","All code (c) 2014 Pointesa, LLC all rights reserved","Abbreviations :    ","tlp = top left partial","lp = left partials","trp = top right partial","rp = right partials","tlw = top left word","lw = left words","trw = top right word","rw = right words"]},"1":{"input":[1],"base":"a","baseshift":"A","tlp":["aa",311],"tlw":["a",279974],"lp":["aa"],"rp":[]},"2":{"input":[2],"base":"s","baseshift":"S","tlp":["ss",199930],"tlw":["s",1267],"lp":["ss"],"rp":[]},"3":{"input":[1,2],"base":"w","baseshift":"W","tlp":["as",403955],"tlw":["as",56128],"lp":["as","sa","ssa","ass","sas","asa","assa","ssas","wa","was","ww","sass","asas","www","aw","awa","sw","swa","ws"],"rp":[]},"4":{"input":[3],"base":"e","baseshift":"E","tlp":["ee",4232],"tlw":["e",282983],"lp":["ee"],"rp":[]},"5":{"input":[1,3],"base":"x","baseshift":"X","tlp":["ex",35539],"tlw":["x",299],"lp":["ex","xa","ea","ae","xe","exe","exa","ax","axa","xx"],"rp":[]},"6":{"input":[2,3],"base":"d","baseshift":"D","tlp":["de",603738],"tlw":["de",316379],"lp":["de","es","se","ess","sse","des","ed","esse","ese","ses","dess","dese","ede","eses","sses","sd","esd","sde","desd","esde"],"rp":[]},"7":{"input":[1,2,3],"tlp":["da",290653],"tlw":["da",79087],"lp":["da","ad","ade","ada","dad","dade","das","essa","esa","ase","sad","asse","eda","ades","adas","ssad","desa","edad","sada","sex"],"rp":[]},"8":{"input":[4],"base":"t","baseshift":"T","tlp":["tt",2738],"tlw":["t",692],"lp":["tt"],"rp":[]},"9":{"input":[1,4],"base":"f","baseshift":"F","tlp":["ta",336586],"tlw":["ta",503],"lp":["ta","at","fa","ata","af","fat","tat","afa","ff","ft","att","tata","taf","atat","ataf","tf","fata","aft","tfa","tta"],"rp":[]},"10":{"input":[2,4],"base":"c","baseshift":"C","tlp":["st",220589],"tlw":["c",936],"lp":["st","sc","ct","tc","cc","ts","cs"],"rp":[]},"11":{"input":[1,2,4],"tlp":["ca",291876],"tlw":["casa",8888],"lp":["ca","sta","ac","aca","cas","tas","casa","ast","fac","stas","sca","tac","asta","sf","cac","sac","taca","caca","asc","fas"],"rp":[]},"12":{"input":[3,4],"base":"r","baseshift":"R","tlp":["er",412432],"tlw":["ter",11405],"lp":["er","te","re","tr","rt","ter","rr","et","tre","ere","ert","rte","err","rre","ret","terr","ete","etr","rer","tere"],"rp":[]},"13":{"input":[1,3,4],"tlp":["ra",489515],"tlw":["era",37427],"lp":["ra","ar","ara","era","tra","fe","tar","are","rta","ate","art","rar","fr","eta","ef","rra","atr","fer","arr","rat"],"rp":[]},"14":{"input":[2,3,4],"tlp":["est",130667],"tlw":["ser",18726],"lp":["est","ce","ec","res","ser","rec","rd","cr","esc","tes","ece","ste","rc","der","cer","str","erd","este","rece","ces"],"rp":[]},"15":{"input":[1,2,3,4],"tlp":["esta",82829],"tlw":["esta",19307],"lp":["esta","car","ras","eca","cad","tad","rac","rad","sar","arec","rda","dar","tras","raca","cada","erda","ard","star","stra","rca"],"rp":[]},"16":{"input":[5],"base":"n","baseshift":"N","trp":["nn",5010],"trw":["n",1260],"lp":[],"rp":["nn"]},"17":{"input":[1,5],"base":"q","baseshift":"Q","tlp":["an",281535],"trp":["na",264338],"tlw":["q",346],"trw":["na",47469],"lp":["an","aq","ana","ann","anq","anna","anan","aan"],"rp":["na","nq","naq","nan","nna"]},"18":{"input":[2,5],"base":"j","baseshift":"J","tlp":["sn",220],"trp":["ns",77600],"trw":["j",385],"lp":["sn","sj"],"rp":["ns","nj"]},"19":{"input":[1,2,5],"tlp":["san",8808],"trp":["ja",39162],"tlw":["san",234],"trw":["ja",13037],"lp":["san","ans","aj","sq","ssan","ansa","anas","anj","aja","anja","ajan","wn"],"rp":["ja","nas","nsa","jan","nsan","jas","nja","nsas"]},"20":{"input":[3,5],"base":"y","baseshift":"Y","tlp":["en",399933],"trp":["ne",63763],"tlw":["en",763],"trw":["y",1207],"lp":["en","ene","een","ey","enn","enny","eyn","eyne","enen","enne"],"rp":["ne","nen","ny","nny","yn","yne","ney","nne","ye","ynn"]},"21":{"input":[1,3,5],"tlp":["ena",18156],"trp":["ya",615],"tlw":["any",171],"lp":["ena","ane","eq","enq","xan","ay","ean","anny","anea","enx","aen","any","enxe","anen"],"rp":["ya","nea","nx","nxe","nex","nexa"]},"22":{"input":[2,3,5],"tlp":["sen",38594],"trp":["nd",184626],"tlw":["eyes",75],"trw":["nesse",1917],"lp":["sen","end","ens","den","ej","ende","sej","esen","esej","send","eend","sens"],"rp":["nd","nde","je","nse","nes","ness","nden","ndes"]},"23":{"input":[1,2,3,5],"tlp":["and",82846],"trp":["nda",26353],"tlw":["seja",3811],"trw":["nada",9040],"lp":["and","ensa","ande","eja","enas","dan","anda","seja","esq","daq","sand","enda","dand","seq"],"rp":["nda","nad","nada","jane","nand","ndan"]},"24":{"input":[4,5],"base":"b","baseshift":"B","tlp":["bt",711],"trp":["nt",380933],"tlw":["b",631],"lp":["bt","bb"],"rp":["nt","nb"]},"25":{"input":[1,4,5],"tlp":["ant",80565],"trp":["nta",60116],"tlw":["tanta",767],"lp":["ant","ab","ba","tan","tant","aba","anta","ban","bat","fan","aban","fant","taq","bata","tab"],"rp":["nta","nf","ntan","nat","ntat"]},"26":{"input":[2,4,5],"tlp":["bs",6193],"trp":["nc",98606],"lp":["bs","bj","cn","bst","sb","bsc","bc"],"rp":["nc","nst","nsc","nts"]},"27":{"input":[1,2,4,5],"tlp":["anc",29762],"trp":["nca",33491],"tlw":["tantas",546],"lp":["anc","sab","cab","anca","can","stan","bas","acab","caba","tanc","bast","cant","sant"],"rp":["nca","ntas","ncas","nsta","nac","nsac","nsf"]},"28":{"input":[3,4,5],"tlp":["ent",207420],"trp":["nte",165647],"tlw":["entre",8275],"trw":["net",250],"lp":["ent","ente","be","br","ten","entr","ren","rn","bre","ber","eb","rent","ern","tent","eren"],"rp":["nte","ntr","ntre","nter","nten"]},"29":{"input":[1,3,4,5],"tlp":["ran",42850],"trp":["ntra",17480],"tlw":["frente",4513],"trw":["nate",648],"lp":["ran","ante","enta","abe","bra","rq","rna","rab","tran","trab","raba","bar","rant","aber","abr","rtan","fren"],"rp":["ntra","ntar","nar"]},"30":{"input":[2,3,4,5],"tlp":["enc",39246],"trp":["ntes",21043],"tlw":["entender",1104],"trw":["neste",1524],"lp":["enc","sent","cen","dent","tend","bec","cent","ceb","tenc","rend","cebe","renc","rceb"],"rp":["ntes","nce","nder","ntec","nec","nece","nstr"]},"31":{"input":[1,2,3,4,5],"tlw":["antes",8436],"trw":["jantar",1170],"lp":[],"rp":[]},"32":{"input":[6],"base":"i","baseshift":"I","trp":["ii",1421],"trw":["i",2965],"lp":[],"rp":["ii","iii"]},"33":{"input":[1,6],"base":"z","baseshift":"Z","tlp":["ai",127585],"trp":["ia",229190],"tlw":["ai",2545],"trw":["ia",3166],"lp":["ai","az","za","zi","zia","azi","azia","aia","aza","zz","aiz","zzi"],"rp":["ia","iz","iza","izi","iai","izia","izz","izzi"]},"34":{"input":[2,6],"base":"k","baseshift":"K","tlp":["si",84867],"trp":["is",248469],"tlw":["si",3658],"trw":["is",409],"lp":["si","ssi","sis","ssis","sk","ski"],"rp":["is","iss","isi","ik","ki","issi","iki","ks"]},"35":{"input":[1,2,6],"tlp":["ais",63939],"trp":["isa",27355],"tlw":["saia",685],"lp":["ais","assi","sai","asi","wi","sia","asia","ak","saia","sias","zas","ssia","aisa"],"rp":["isa","ias","isas","issa","ka","iais","ika"]},"36":{"input":[3,6],"base":",","baseshift":"<","tlp":["ei",135404],"trp":["ie",27112],"tlw":["ei",385],"trw":["ie",93],"lp":["ei"],"rp":["ie","iei"],"special":"punc"},"37":{"input":[1,3,6],"tlp":["ze",41552],"trp":["ix",21958],"tlw":["xia",158],"trw":["ix",103],"lp":["ze","ez","aze","xi","eix","aix","eia","eza","eze","eixa","exi","aixa","eixe","axi","ezi","eai"],"rp":["ix","ize","ixa","ixe"]},"38":{"input":[2,3,6],"tlp":["di",149151],"trp":["id",117035],"tlw":["disse",22191],"lp":["di","dis","diss","dei","edi","sid","sei","eis","did","side","esi","essi"],"rp":["id","isse","ide","ise","idi","idei","ke","ied"]},"39":{"input":[1,2,3,6],"tlp":["dia",31205],"trp":["ida",58061],"tlw":["dia",8588],"trw":["ideia",3049],"lp":["dia","diz","deix","zes","dize","ezes","adei","deia","xis","exis","dez","dias","adi","edia","sida","dida"],"rp":["ida","idad","iad","ieda"]},"40":{"input":[4,6],"base":"v","baseshift":"V","tlp":["ti",136577],"trp":["it",117311],"tlw":["vi",1966],"trw":["it",901],"lp":["ti","vi","tiv","viv","vit","tit","vivi","tivi","viti","tv","vii","viii","vitt"],"rp":["it","iv","iti","ivi","itiv","itt"]},"41":{"input":[1,4,6],"tlp":["va",136327],"trp":["ita",29811],"tlw":["vai",6210],"lp":["va","av","ava","fi","tav","tava","via","faz","avi","avia","ati","vai","tia","ativ","tiva","afi"],"rp":["ita","if","ifi","iva"]},"42":{"input":[2,4,6],"tlp":["ci",126068],"trp":["ic",96581],"tlw":["civis",136],"lp":["ci","sti","tic","vis","cis","sit","siv","sic","vist","stiv","ssiv","sist","sci","ck","visi"],"rp":["ic","ist","ici","isc","isti"]},"43":{"input":[1,2,4,6],"tlp":["cia",40513],"trp":["ica",47187],"tlw":["vista",1644],"lp":["cia","stav","fic","fica","aci","cav","fici","cava","tica","sav","cisa","cai","sava","sica","vas"],"rp":["ica","ista","ific","icia","itas"]},"44":{"input":[3,4,6],"tlp":["ri",197607],"trp":["ir",123977],"tlw":["ver",6812],"trw":["ir",3642],"lp":["ri","ve","eri","ver","ev","eir","eit","eve","rei","tir","rv","rit","tive","teri","vr","rri"],"rp":["ir","ive","ite","ire"]},"45":{"input":[1,3,4,6],"tlp":["ria",65506],"trp":["ira",34560],"tlw":["vez",10904],"trw":["iria",1476],"lp":["ria","ari","eria","vez","eira","zer","ave","faze","rav","azer","aria","eva","fei","feit","var","arti","rava","eita"],"rp":["ira","izer"]},"46":{"input":[2,3,4,6],"tlp":["eci",33622],"trp":["iste",8299],"tlw":["tivesse",3417],"lp":["eci","vid","ves","reci","cid","cri","dir","dev","cie","ris","esti","tid","vess","ecis","rid","verd","dire","seri","deve"],"rp":["iste"]},"47":{"input":[1,2,3,4,6],"tlw":["estava",26264],"lp":[],"rp":[]},"48":{"input":[5,6],"base":"h","baseshift":"H","trp":["in",225142],"trw":["in",1383],"lp":[],"rp":["in","nh","inh","ni","hi","ini","nin","nni","hin","nhi","hn","inin","ninh","hnn"]},"49":{"input":[1,5,6],"tlp":["anh",17458],"trp":["ha",149599],"tlw":["ah",1851],"trw":["ha",7686],"lp":["anh","ain","anha","ani","zin","zinh","ah"],"rp":["ha","nha","inha","ina","ian","han","iq","nia","nz","nina","nai","inz","hia"]},"50":{"input":[2,5,6],"tlp":["sin",6776],"trp":["nsi",8141],"tlw":["sin",78],"trw":["his",425],"lp":["sin","sh","ssin","shi","shin"],"rp":["nsi","ins","his","nis","ij","ji","inis","nsis","insi","nsin","niss","nk","kh","inj","kin"]},"51":{"input":[1,2,5,6],"tlp":["sina",3120],"trp":["has",9127],"tlw":["sinais",487],"trw":["haja",264],"lp":["sina","ansi","wh","ash","ashi","win","sain","anis","wash","siq","ank","wins"],"rp":["has","nhas","inas","nais","iaj","iaja","isq","ija"]},"52":{"input":[3,5,6],"tlp":["enh",22040],"trp":["he",69162],"trw":["he",710],"lp":["enh","eni","enin","ein","enie"],"rp":["he","nhe","ien","hei","nei","nenh","nhei","ine","inhe","nie","hen","nnie","hy","hine","hie"]},"53":{"input":[1,3,5,6],"tlp":["zen",6089],"trp":["izen",1523],"tlw":["annie",302],"lp":["zen","anei","enha","azen","anhe","eina","anie","ezen","xin","xinh"],"rp":["izen","nze","heia","inze","ixan","hae","nzen","hay","ixin","hea"]},"54":{"input":[2,3,5,6],"tlp":["senh",8286],"trp":["ind",27747],"tlw":["she",187],"trw":["keynes",525],"lp":["senh","din","endi","dinh","ensi","eij"],"rp":["ind","ndi","iden","nid","indi","jei","hes","nsid","ndid","nsei","inde","hesi","ines","hid"]},"55":{"input":[1,2,3,5,6],"tlw":["ainda",11235],"trw":["had",467],"lp":[],"rp":[]},"56":{"input":[4,5,6],"tlp":["tin",38604],"trp":["nti",28083],"tlw":["bit",131],"lp":["tin","tinh","bi","th","vin","bit","vinh","bin"],"rp":["nti","int","nv","ntin","ib","niv","inv","nit","nvi","ith","ibi","ht"]},"57":{"input":[1,4,5,6],"tlp":["abi",11269],"trp":["hav",21186],"tlw":["tinha",19974],"trw":["havia",12654],"lp":["abi","fin","bai","van","bia","fina","abia","anti","vant"],"rp":["hav","havi","inf","iant","nfi","hava","nif","nav","ntia","inta","nifi"]},"58":{"input":[2,4,5,6],"tlp":["ch",51196],"trp":["nci",30934],"tlw":["this",245],"trw":["nick",345],"lp":["ch","cin","stin","cinc","chi","sint","sib"],"rp":["nci","inc","nic","hist","inci","inst","inic","nici","nist","nsci","nch","nsti","ich"]},"59":{"input":[1,2,4,5,6],"tlw":["sabia",4759],"trw":["jack",1117],"lp":[],"rp":[]},"60":{"input":[3,4,5,6],"tlp":["enti",15708],"trp":["inte",16818],"tlw":["the",5095],"trw":["neve",796],"lp":["enti","bri","rin","ven","the","tenh","vent","vern","env"],"rp":["inte","her","ient","nve","heir","ntei","neir","nver","here","nive","ntir"]},"61":{"input":[1,3,4,5,6],"tlw":["tenha",2165],"trw":["haver",852],"lp":[],"rp":[]},"62":{"input":[2,3,4,5,6],"tlw":["sentir",1575],"trw":["interesse",884],"lp":[],"rp":[]},"63":{"input":[1,2,3,4,5,6],"tlw":["diante",2499],"trw":["instante",1219],"lp":[],"rp":[]},"64":{"input":[7],"base":"o","baseshift":"O","trp":["oo",2403],"trw":["o",225240],"lp":[],"rp":["oo"]},"65":{"input":[1,7],"base":"(","baseshift":"[","tlp":["ao",290064],"trp":["oa",20855],"tlw":["ao",31621],"lp":["ao","aao"],"rp":["oa","oao"],"special":"punc"},"66":{"input":[2,7],"base":".","baseshift":">","tlp":["so",163724],"trp":["os",421052],"tlw":["so",11721],"trw":["os",73145],"lp":["so","sso","sos","ssos","soo"],"rp":["os","oss","osso","oso","osos","oos"],"special":"punc"},"67":{"input":[1,2,7],"tlp":["sao",23278],"trp":["oas",8168],"tlw":["sao",10362],"lp":["sao","soa","aos","ssoa","soas","aso","ssao","asso","wo","asos","woo","asao"],"rp":["oas","ossa","osa","ow","osas","osao","owa","osw"]},"68":{"input":[3,7],"base":"-","baseshift":"_","tlp":["eo",6725],"trp":["oe",22866],"trw":["-",58877],"lp":["eo","e-","e-o"],"rp":["oe","o-","-e","-o","o-e"],"special":"punc"},"69":{"input":[1,3,7],"tlp":["xo",11510],"trp":["ox",5327],"trw":["-a",77],"lp":["xo","a-","exo","xao","eao","xoe","exao","xa-","xe-","e-a","axo","axoe","exoe","ao-","a-a"],"rp":["ox","-a","oxa","oxo","-a-"]},"70":{"input":[2,3,7],"tlp":["do",416137],"trp":["od",73365],"tlw":["do",90461],"trw":["-se",74],"lp":["do","dos","esso","edo","eso","dedo","edos","soe","soes","doe","do-"],"rp":["od","ode","odo","oes","-s","-se","odos","osse","ose"]},"71":{"input":[1,2,3,7],"tlp":["ado",79015],"trp":["oda",11723],"tlw":["dado",976],"lp":["ado","ados","dado","sado","dao","a-s","a-se","xado","sexo","eado","xos","da-","dosa","adao","xoes","exos"],"rp":["oda","odas","oeda","owe"]},"72":{"input":[4,7],"base":"g","baseshift":"G","tlp":["to",290254],"trp":["ot",25787],"tlw":["to",1894],"lp":["to","go","tot","tto","got","tog","gt","gto","too","gg","goo"],"rp":["ot","og","ogo","oto","ott","otto","otog","ogg"]},"73":{"input":[1,4,7],"tlp":["fo",73193],"trp":["of",13544],"tlw":["tao",9962],"trw":["of",1931],"lp":["fo","ga","ag","tao","ago","ato","aga","fato","fog","tota","gat","fogo","fot","foto","gao","tag","tato"],"rp":["of","ota","oga"]},"74":{"input":[2,4,7],"tlp":["co",405580],"trp":["oc",76923],"tlw":["gosto",1191],"lp":["co","sto","tos","cos","sco","gos","gost","cost","soc","toc","stos","cto","goc","coc","scoc","coco"],"rp":["oc","ost","osto","oco"]},"75":{"input":[1,2,4,7],"tlp":["cao",52031],"trp":["oca",15079],"tlw":["caso",3450],"lp":["cao","acao","aco","fos","foss","stao","caso","gas","sag","acos","sof","atos","sfo","saco","toca","asto"],"rp":["oca","osta","ocas","otas"]},"76":{"input":[3,4,7],"tlp":["ro",189615],"trp":["or",300995],"tlw":["george",652],"trw":["or",278],"lp":["ro","eg","ge","tro","gr","rg","tor","rto","erg","gor","ero","rro","eto","erto"],"rp":["or","ort","orr","ore","orre","orte"]},"77":{"input":[1,3,4,7],"tlp":["for",35880],"trp":["ora",47672],"tlw":["agora",9502],"trw":["ora",1045],"lp":["for","gar","gra","ega","age","aro","fora","agor","gora","arg","egar","rof","arro","rox","rao","rga","fort","agr"],"rp":["ora","orta"]},"78":{"input":[2,3,4,7],"tlp":["ros",31755],"trp":["oce",38021],"tlw":["todos",10399],"lp":["ros","cor","tod","seg","todo","dor","esco","eco","coe","coes","corr","esto","tros","sor","roc"],"rp":["oce","ord","oder","ores","orc"]},"79":{"input":[1,2,3,4,7],"tlw":["fosse",5405],"lp":[],"rp":[]},"80":{"input":[5,7],"base":"u","baseshift":"U","trp":["ou",187963],"trw":["no",51404],"lp":[],"rp":["ou","no","on","un","nu","nun","nou","ono","uo","nuo","uou","nuou","onn","uno","onou","oou","oun","non","oon","unn"]},"81":{"input":[1,5,7],"tlp":["qu",415783],"trp":["ua",141069],"tlw":["ano",2467],"trw":["nao",106447],"lp":["qu","qua","quan","aqu","ano","au","anu","anqu"],"rp":["ua","nao","uan","nqu","ona","nqua","naqu","nua","una","oq","oqu","uq"]},"82":{"input":[2,5,7],"tlp":["su",74848],"trp":["us",60120],"tlw":["sou",2630],"trw":["nos",20778],"lp":["su","sou","son","ssu","sus","ssou","sun"],"rp":["us","nos","ons","jo","ju","noss","uns","oj","jun","nso","uj","uso","nsou"]},"83":{"input":[1,2,5,7],"tlp":["sua",42963],"trp":["uas",22607],"tlw":["sua",31618],"trw":["nossa",3352],"lp":["sua","anos","suas","quas","squ","aus","ausa","aju","assu","sau"],"rp":["uas","usa","nsao","joa","uja","usan","oja","joao","usao","onsa"]},"84":{"input":[3,5,7],"tlp":["eu",147300],"trp":["ue",347032],"tlw":["eu",43591],"trw":["you",709],"lp":["eu","eno","eun","eon","eu-","enou"],"rp":["ue","uen","u-","one","ou-","ueno","n-","yo","oen","you","ueu","nou-","nue","-n"]},"85":{"input":[1,3,5,7],"tlp":["que",325065],"trp":["ux",2970],"tlw":["que",242225],"trw":["-nao",146],"lp":["que","aque","equ","quen","eque","enqu","xou","xu","exu","xua","exua"],"rp":["ux","uena","nque","uxa","oque","uxo","oux","uxe","ouxe"]},"86":{"input":[2,3,5,7],"tlp":["seu",45915],"trp":["ndo",102634],"tlw":["seu",30091],"trw":["onde",9124],"lp":["seu","eus","du","endo","deu","seus","enos","deus"],"rp":["ndo","ud","ond","und","onde","udo","undo","onse","ude","u-s","u-se","ndeu"]},"87":{"input":[1,2,3,5,7],"tlw":["quando",23534],"trw":["usando",884],"lp":[],"rp":[]},"88":{"input":[4,5,7],"tlp":["gu",87969],"trp":["nto",82230],"tlw":["tu",788],"trw":["notou",383],"lp":["gu","tu","bo","tou","gun","gunt"],"rp":["nto","ont","ut","ob","ng","out","unt","ntou","ug","ub","unto","ngu","uto","ong"]},"89":{"input":[1,4,5,7],"tlp":["anto",26539],"trp":["uant",14606],"tlw":["quanto",4990],"trw":["nota",549],"lp":["anto","fu","gua","gan","fun","atu","tua","ang","agu","agua","fon","abo"],"rp":["uant","onta","ntao","uga","uta","onf","unta","nfo"]},"90":{"input":[2,4,5,7],"tlp":["con",88877],"trp":["uc",20930],"tlw":["sob",2880],"trw":["junto",1728],"lp":["con","cu","cont","cons","sob","cou","scu","stou","cob","guns"],"rp":["uc","nco","ntos","ouc","uco","unc","ouco","ncon","ocu","nunc"]},"91":{"input":[1,2,4,5,7],"tlw":["boca",2277],"trw":["nunca",7198],"lp":[],"rp":[]},"92":{"input":[3,4,5,7],"tlp":["ento",36495],"trp":["ur",58598],"tlw":["gente",3137],"trw":["outro",7994],"lp":["ento","egu","ru","gue","rou","tur","rgu","gen","ergu"],"rp":["ur","uer","obr","utr","outr","obre","ontr","utro","onte","ntro","uro"]},"93":{"input":[1,3,4,5,7],"tlw":["entao",11118],"trw":["outra",6635],"lp":[],"rp":[]},"94":{"input":[2,3,4,5,7],"tlw":["sobre",14110],"trw":["outros",5996],"lp":[],"rp":[]},"95":{"input":[1,2,3,4,5,7],"tlw":["grande",7378],"trw":["outras",3514],"lp":[],"rp":[]},"96":{"input":[6,7],"base":"l","baseshift":"L","trp":["io",92146],"trw":["l",496],"lp":[],"rp":["io","lo","ol","li","oi","il","ili","olo","oli","ll","ilo","ill","lio","iol","oll","oio","lli","ilio","loo","illi"]},"97":{"input":[1,6,7],"tlp":["al",200651],"trp":["la",162745],"tlw":["ali",4130],"trw":["la",8495],"lp":["al","ala","ali","aio","alo","zo","alia","zao","azao"],"rp":["la","oz","lia","ial","ola","liz","iao","ilia","ozi","ila","liza"]},"98":{"input":[2,6,7],"tlp":["sol",10331],"trp":["ois",42788],"tlw":["sol",2060],"trw":["isso",18569],"lp":["sol","sil","sio","sl","ssio","soli","solo"],"rp":["ois","isso","ios","los","iso","ossi","osi","ls","lis","lso","ioso","ols","ok"]},"99":{"input":[1,2,6,7],"tlp":["sal",8453],"trp":["oisa",15190],"tlw":["sala",3032],"trw":["las",303],"lp":["sal","sala","asil","wil","will","soz","sozi","soal","alis","alos","alas","als"],"rp":["oisa","las","isao","iosa","lass","lias","lsa","olsa"]},"100":{"input":[3,6,7],"tlp":["el",253859],"trp":["le",167939],"tlw":["ele",53580],"trw":["lei",1081],"lp":["el","ele","elo","eio","eli","e-l","e-lo","ell"],"rp":["le","lei","ole","-l","ile","-lo","leo","lie","ioe","ilei","oel","iole"]},"101":{"input":[1,3,6,7],"tlp":["ela",75025],"trp":["ixo",8660],"tlw":["ela",31605],"trw":["lixo",278],"lp":["ela","ale","eal","aixo","eliz","eixo","eali","a-l","alei","ael","a-lo"],"rp":["ixo","oxi","lex","oze","-la","lez","leza","ia-","lea"]},"102":{"input":[2,3,6,7],"tlp":["del",18683],"trp":["ido",37514],"tlw":["eles",10957],"trw":["ido",578],"lp":["del","eles","dele","doi","dois","elos","sido","dio","dido","sile","sel","dol"],"rp":["ido","les","odi","lid","ld","idos","ilid","old"]},"103":{"input":[1,2,3,6,7],"tlw":["dela",4626],"trw":["lado",7350],"lp":[],"rp":[]},"104":{"input":[4,6,7],"tlp":["vo",89842],"trp":["ito",55627],"tlw":["tio",740],"trw":["logo",3653],"lp":["vo","gi","vol","volt"],"rp":["ito","ig","lt","ov","lg","igo","olt","lv","oit","ovo","lto","liv","log","ivo","lig","lti"]},"105":{"input":[1,4,6,7],"tlp":["alg",28147],"trp":["lta",14607],"tlw":["foi",19254],"lp":["alg","tal","foi","fal","alt","fil","fala","alv","val","agi","alav","talv","fl","voz","gia"],"rp":["lta","iga","ova","olta","lav"]},"106":{"input":[2,4,6,7],"tlp":["voc",35885],"trp":["ico",23673],"tlw":["visto",1856],"trw":["isto",3322],"lp":["voc","coi","cio","cois","cl","col","vos","cil","colo","sig","scol"],"rp":["ico","lic","isto","itos","oci","loc","igos","icio","lc"]},"107":{"input":[1,2,4,6,7],"tlw":["coisa",9623],"trw":["local",1110],"lp":[],"rp":[]},"108":{"input":[3,4,6,7],"tlp":["rio",30701],"trp":["iro",27990],"tlw":["rio",2083],"trw":["livro",2336],"lp":["rio","vel","eiro","eito","tori","rel","rig","erio","tel","rito","rov"],"rp":["iro","ori","ior","lev","ove","lve","ivel","oite","orri"]},"109":{"input":[1,3,4,6,7],"tlw":["talvez",5564],"trw":["levar",1384],"lp":[],"rp":[]},"110":{"input":[2,3,4,6,7],"tlw":["voce",31586],"trw":["livros",1191],"lp":[],"rp":[]},"111":{"input":[1,2,3,4,6,7],"tlw":["claro",3392],"lp":[],"rp":[]},"112":{"input":[5,6,7],"trp":["ho",111008],"trw":["olhou",3514],"lp":[],"rp":["ho","lh","ui","ul","lho","nho","olh","iu","lu","ilh","olho","onh","hu","uni","ulh","inu","ulo","lin","hou","ino"]},"113":{"input":[1,5,6,7],"tlp":["qui",23334],"trp":["lha",27941],"tlw":["aqui",6587],"trw":["luz",3303],"lp":["qui","qual","alh","aqui","alq","alqu","alha"],"rp":["lha","ual","lan","nal","olha","uz","lq","lqu","ualq","ilha","inal","iona","ula"]},"114":{"input":[2,5,6,7],"tlp":["sul",3044],"trp":["hos",17929],"tlw":["sonhos",1378],"trw":["olhos",8588],"lp":["sul","sonh","sion","solu","sui","sino"],"rp":["hos","lhos","uis","onsi","nhos","hoj","usi","ulos","lus","jul","inos","ijo","ku","loj"]},"115":{"input":[1,2,5,6,7],"tlw":["quais",1786],"trw":["loja",754],"lp":[],"rp":[]},"116":{"input":[3,5,6,7],"tlp":["elh",18680],"trp":["lhe",25233],"trw":["lhe",9996],"lp":["elh","elho","enho","enhu","elen"],"rp":["lhe","uel","len","uele","onhe","ulhe","nel","uei","olhe","in-","ilen","ly","-lh","-lhe","nele"]},"117":{"input":[1,3,5,6,7],"tlw":["aquele",3696],"trw":["naquele",1801],"lp":[],"rp":[]},"118":{"input":[2,3,5,6,7],"tlw":["disse-lhe",457],"trw":["hoje",2804],"lp":[],"rp":[]},"119":{"input":[1,2,3,5,6,7],"tlw":["aqueles",1766],"trw":["olhando",2030],"lp":[],"rp":[]},"120":{"input":[4,5,6,7],"tlp":["gui",16504],"trp":["uit",26642],"tlw":["vou",3725],"trw":["novo",4638],"lp":["gui","bl","gin"],"rp":["uit","lgu","uito","uv","nov","ing","ouv","ult","uvi","itu","ouvi","noit","lug","ingu","onti","long","onv"]},"121":{"input":[1,4,5,6,7],"tlw":["filho",2705],"trw":["nova",2638],"lp":[],"rp":[]},"122":{"input":[2,4,5,6,7],"tlw":["cinco",2400],"trw":["unico",1538],"lp":[],"rp":[]},"123":{"input":[1,2,4,5,6,7],"tlw":["alguns",5675],"trw":["unica",1846],"lp":[],"rp":[]},"124":{"input":[3,4,5,6,7],"tlw":["tenho",3664],"trw":["noite",6059],"lp":[],"rp":[]},"125":{"input":[1,3,4,5,6,7],"tlw":["qualquer",7063],"trw":["lugar",5157],"lp":[],"rp":[]},"126":{"input":[2,3,4,5,6,7],"tlw":["senhor",5213],"trw":["jeito",1631],"lp":[],"rp":[]},"127":{"input":[1,2,3,4,5,6,7],"tlw":["fazendo",2599],"trw":["historia",3341],"lp":[],"rp":[]},"128":{"input":[8],"base":"p","baseshift":"P","trp":["pp",1293],"trw":["p",1742],"lp":[],"rp":["pp"]},"129":{"input":[1,8],"base":"?","baseshift":"/","tlp":["ap",54655],"trp":["pa",230757],"trw":["papa",278],"lp":["ap","apa","app"],"rp":["pa","pap","papa"],"special":"punc"},"130":{"input":[2,8],"base":")","baseshift":"]","tlp":["sp",45986],"trp":["ps",1182],"lp":["sp"],"rp":["ps"],"special":"punc"},"131":{"input":[1,2,8],"tlp":["spa",5532],"trp":["pas",19597],"trw":["passa",679],"lp":["spa","sap","sapa","asp","apas","aps","ssap"],"rp":["pas","pass"]},"132":{"input":[3,8],"base":"'","baseshift":"\"","tlp":["ep",29704],"trp":["pe",179445],"trw":["pe",2387],"lp":["ep","epe","e'"],"rp":["pe","pee","''"],"special":"punc"},"133":{"input":[1,3,8],"tlp":["ape",14035],"trp":["pape",2221],"lp":["ape","xp","exp","epa","xpe","expe","xpa","expa","a'"],"rp":["pape","'a","pea","px"]},"134":{"input":[2,3,8],"tlp":["esp",37689],"trp":["pes",22163],"trw":["pes",1833],"lp":["esp","spe","espe","dep","depe","sep","desp","sesp","sped","spes","d'","eps","ssep"],"rp":["pes","pess","ped","pede","pd","'s","'d"]},"135":{"input":[1,2,3,8],"tlp":["espa",4992],"trp":["pad",5872],"tlw":["espada",1207],"trw":["pesada",361],"lp":["espa","apes","esap","spad","aspe","sepa","depa","d'a","xped","epas","spea","spx","aspx"],"rp":["pad","pesa","pada","peda","pade"]},"136":{"input":[4,8],"tlp":["tp",287],"trp":["pt",3485],"trw":["pt",2780],"lp":["tp","ttp"],"rp":["pt"],"special":"bksp","base":"tp"},"137":{"input":[1,4,8],"tlp":["apat",596],"trp":["pat",2789],"tlw":["tapa",93],"lp":["apat","tap","apt","tapa","apta"],"rp":["pat","pata","pta"]},"138":{"input":[2,4,8],"trp":["pc",1162],"lp":[],"rp":["pc"]},"139":{"input":[1,2,4,8],"tlp":["cap",9324],"trp":["pac",6453],"tlw":["capa",572],"trw":["pasta",248],"lp":["cap","capa","spac","apac","scap","capt"],"rp":["pac","pca","paca","past","pact","patc"]},"140":{"input":[3,4,8],"tlp":["rep",8013],"trp":["pr",132035],"trw":["peter",441],"lp":["rep","rp","repe","rpr","rpre","epr","epre","epet","repr","erp"],"rp":["pr","per","pre","pert","pet","pret","pree","prep","pete","pere"]},"141":{"input":[1,3,4,8],"tlp":["apar",7369],"trp":["par",142915],"tlw":["tapete",247],"trw":["para",95245],"lp":["apar","apr","rap","apre","epar","rapa","xper","repa","xpr","expr","xpre","aper"],"rp":["par","para","pare","part","pra","pera","prat","perf"]},"142":{"input":[2,3,4,8],"tlp":["resp",11738],"trp":["pres",18252],"tlw":["espere",312],"trw":["perder",886],"lp":["resp","sper","spec","depr","cep","epc","cepc","spet","rsp"],"rp":["pres","prec","pec","perd","perc","pedr","pect","pers","pesc","pred","pest"]},"143":{"input":[1,2,3,4,8],"tlw":["apesar",1985],"trw":["parece",2731],"lp":[],"rp":[]},"144":{"input":[5,8],"base":"m","baseshift":"M","trp":["mp",67484],"trw":["m",1887],"lp":[],"rp":["mp","mm","pn","mn","nm"]},"145":{"input":[1,5,8],"tlp":["am",185140],"trp":["ma",359934],"tlw":["ama",422],"trw":["ma",502],"lp":["am","ama","amp","aman","ampa","apan"],"rp":["ma","man","mpa","pan","mana","mpan","nam","mam","maq","pam","mama","map","mapa","nama"]},"146":{"input":[2,5,8],"tlp":["sm",24615],"trp":["nsp",908],"lp":["sm"],"rp":["nsp","nsm","ms"]},"147":{"input":[1,2,5,8],"tlp":["sam",7995],"trp":["mas",58930],"tlw":["sam",195],"trw":["mas",44387],"lp":["sam","sma","span","asam","asm","ssam","amas","smas","asma","ansp","ansm"],"rp":["mas","jam","nsam","jama","mass","jap","maj","mans","mpas"]},"148":{"input":[3,5,8],"tlp":["em",283802],"trp":["me",270378],"tlw":["em",82946],"trw":["me",23412],"lp":["em","emp","eme","emen","epen","empe","emm","eem"],"rp":["me","men","pen","mem","nem","mpe","my","mpen","n'","mmy","pene","ym"]},"149":{"input":[1,3,5,8],"tlp":["ame",42844],"trp":["pena",8675],"tlw":["emma",305],"trw":["mae",5046],"lp":["ame","amen","ema","apen","eman","xem","exem","xemp","xam","exam"],"rp":["pena","mae","peq","mane","name","mea","mame","max","pame","nema"]},"150":{"input":[2,3,5,8],"tlp":["sem",29109],"trp":["mes",30950],"tlw":["sem",13046],"trw":["meses",1641],"lp":["sem","esm","dem","semp","ssem","dm","sme","esme","smen","seme"],"rp":["mes","mesm","pens","med","mens","pend","mese","mend","ndep","mped"]},"151":{"input":[1,2,3,5,8],"tlw":["apenas",7324],"trw":["mesma",4037],"lp":[],"rp":[]},"152":{"input":[4,5,8],"tlp":["tm",964],"trp":["mb",32610],"lp":["tm","bm"],"rp":["mb"]},"153":{"input":[1,4,5,8],"tlp":["tam",28816],"trp":["mat",4959],"tlw":["fama",211],"trw":["matt",334],"lp":["tam","amb","tamb","fam","atam","tama","amba","tamp","bam","abam","atm"],"rp":["mat","mant","mba","ntam","mata","pant","mbat","mpat","matt"],"special":"numsym"},"154":{"input":[2,4,5,8],"tlp":["cm",156],"trp":["mc",119],"tlw":["cm",85],"lp":["cm","cmm"],"rp":["mc","mcc"]},"155":{"input":[1,2,4,5,8],"tlw":["cama",2189],"trw":["maca",202],"lp":[],"rp":[]},"156":{"input":[3,4,5,8],"tlp":["rm",41396],"trp":["ment",85913],"tlw":["bem",13447],"trw":["mente",2130],"lp":["rm","tem","bem","temp","emb","rem","empr","erm","rme","embr","term"],"rp":["ment","mpr","mpre","mer","mbr","mbe","mbem","met","ntem"]},"157":{"input":[1,3,4,5,8],"tlw":["tambem",10764],"trw":["mar",1598],"lp":[],"rp":[]},"158":{"input":[2,3,4,5,8],"tlw":["sempre",8109],"trw":["presente",1043],"lp":[],"rp":[]},"159":{"input":[1,2,3,4,5,8],"tlw":["certamente",1039],"trw":["pensar",2492],"lp":[],"rp":[]},"160":{"input":[6,8],"base":"!","baseshift":"!","trp":["pi",24405],"lp":[],"rp":["pi","ip","ipi","pip","ppi","ipp","pipp","ippi"],"special":"punc"},"161":{"input":[1,6,8],"tlp":["api",7700],"trp":["pai",11844],"trw":["pai",5571],"lp":["api","apaz","apai","zap","apia","zip"],"rp":["pai","paz","ipa","pia","ipai","piz","pizz","pazz"]},"162":{"input":[2,6,8],"tlp":["spi",5606],"trp":["isp",2854],"lp":["spi","sip","ssip"],"rp":["isp","pis","psi"]},"163":{"input":[1,2,6,8],"tlp":["apis",171],"trp":["pais",4098],"trw":["pais",2931],"lp":["apis","spia"],"rp":["pais","ispa","pisa","pias"]},"164":{"input":[3,6,8],"tlp":["epi",511],"trp":["pei",5264],"lp":["epi"],"rp":["pei","ipe","i'","pie","pipe"]},"165":{"input":[1,3,6,8],"tlp":["apei",323],"trp":["paix",1055],"trw":["peixe",323],"lp":["apei","a'z","a'za","zipe"],"rp":["paix","paze","peix","pez","peza","'z","'za","peia"]},"166":{"input":[2,3,6,8],"tlp":["espi",3719],"trp":["pedi",4130],"trw":["pedi",235],"lp":["espi","spei","disp","epis"],"rp":["pedi","pid","pide","peis","pied","ipes","i'd","ispe","kesp"]},"167":{"input":[1,2,3,6,8],"tlw":["despedida",129],"trw":["paises",490],"lp":[],"rp":[]},"168":{"input":[4,6,8],"tlp":["tip",3741],"trp":["pit",4493],"lp":["tip","tipi"],"rp":["pit"]},"169":{"input":[1,4,6,8],"tlp":["apit",3841],"trp":["pita",2323],"lp":["apit","vap","apav"],"rp":["pita","pati","pav","pava","pavi"]},"170":{"input":[2,4,6,8],"tlp":["cip",5141],"trp":["pist",660],"lp":["cip","cipi","spit","scip"],"rp":["pist","pisc","psic","icip","pic","ipic","ipc","pci","ipci"]},"171":{"input":[1,2,4,6,8],"tlw":["capaz",1624],"trw":["passava",922],"lp":[],"rp":[]},"172":{"input":[3,4,6,8],"tlp":["rip",238],"trp":["pri",25730],"tlw":["repetir",222],"trw":["piper",124],"lp":["rip","trip","repi","tepi","epit"],"rp":["pri","peri","pir","peit","piri","peti","prie","priv","prev","pire","prir","iper","it'","prei","ptei"]},"173":{"input":[1,3,4,6,8],"tlw":["rapaz",1561],"trw":["partir",1512],"lp":[],"rp":[]},"174":{"input":[2,3,4,6,8],"tlw":["especie",1783],"trw":["pedir",815],"lp":[],"rp":[]},"175":{"input":[1,2,3,4,6,8],"tlw":["esperava",1003],"trw":["parecia",5095],"lp":[],"rp":[]},"176":{"input":[5,6,8],"trp":["im",105296],"trw":["mim",6113],"lp":[],"rp":["im","mi","min","minh","imp","mim","nim","imi","mini","pin","ph","inim","nimi","pini","imin","mpi","hip","phi","imm","him"]},"177":{"input":[1,5,6,8],"tlp":["ami",18005],"trp":["mai",54885],"tlw":["amanha",798],"trw":["minha",12630],"lp":["ami","amin","anim","amai","ziam","aph"],"rp":["mai","ima","iam","ham","nham","mina","manh","hama","panh","nima","mia","impa","inam","imai"]},"178":{"input":[2,5,6,8],"tlp":["sim",20054],"trp":["mis",5228],"tlw":["sim",4845],"trw":["jim",693],"lp":["sim","ssim","simp","smi","spin","smis","sism","simi"],"rp":["mis","miss","jim","ism","mik","nism","insp","jimm","nspi","nsmi","mins","mk"]},"179":{"input":[1,2,5,6,8],"tlw":["assim",9572],"trw":["mais",42140],"lp":[],"rp":[]},"180":{"input":[3,5,6,8],"tlp":["emi",2072],"trp":["ime",24625],"trw":["i'm",90],"lp":["emi","eph","emin","eim"],"rp":["ime","mei","imen","imei","meni","impe","inem","penh","immy","hem","mine","ymi","mie","peni","phie","pime"]},"181":{"input":[1,3,5,6,8],"trw":["menina",1204],"lp":[],"rp":[]},"182":{"input":[2,3,5,6,8],"tlw":["seph",283],"trw":["pensei",1244],"lp":[],"rp":[]},"183":{"input":[1,2,3,5,6,8],"tlw":["demais",2703],"trw":["medida",966],"lp":[],"rp":[]},"184":{"input":[4,5,6,8],"tlp":["tim",10629],"trp":["mit",5096],"tlw":["vim",252],"trw":["http",287],"lp":["tim","vim","timi","thm","bmi"],"rp":["mit","ntim","miti","imit","mbi","itim","imb","pint","itm","mbin","htm","http","mith","mint","himb"]},"185":{"input":[1,4,5,6,8],"tlw":["tinham",4868],"trw":["haviam",2041],"lp":[],"rp":[]},"186":{"input":[2,4,5,6,8],"tlw":["smith",280],"lp":[],"rp":[]},"187":{"input":[1,2,4,5,6,8],"tlw":["cima",3152],"trw":["incapaz",367],"lp":[],"rp":[]},"188":{"input":[3,4,5,6,8],"tlw":["vem",1339],"trw":["permitir",306],"lp":[],"rp":[]},"189":{"input":[1,3,4,5,6,8],"tlw":["fazem",993],"trw":["primeira",3896],"lp":[],"rp":[]},"190":{"input":[2,3,4,5,6,8],"tlw":["devem",852],"trw":["presidente",1153],"lp":[],"rp":[]},"191":{"input":[1,2,3,4,5,6,8],"tlw":["estavam",5892],"trw":["imediatamente",1406],"lp":[],"rp":[]},"192":{"input":[7,8],"base":";","baseshift":":","trp":["po",224923],"trw":["po",410],"lp":[],"rp":["po","op","opo","pop","opp","oop"],"special":"punc"},"193":{"input":[1,7,8],"tlp":["apo",6185],"trp":["opa",1837],"trw":["pao",557],"lp":["apo","apao"],"rp":["opa","pao","papo","popa"]},"194":{"input":[2,7,8],"tlp":["spo",12061],"trp":["pos",28599],"trw":["posso",2774],"lp":["spo","spos","sop"],"rp":["pos","poss","opos","osp","pso","poso"]},"195":{"input":[1,2,7,8],"tlp":["apos",2721],"trp":["posa",1096],"tlw":["apos",1872],"trw":["passo",1318],"lp":["apos","sapo","sopa","apso"],"rp":["posa","opas","pow"]},"196":{"input":[3,7,8],"tlp":["epo",16405],"trp":["ope",1755],"trw":["poe",134],"lp":["epo","eop","eopo","e-p"],"rp":["ope","poe","o'","peo","peop","-p","oope"]},"197":{"input":[1,3,7,8],"tlp":["xpo",537],"trp":["peao",87],"lp":["xpo","expo"],"rp":["peao"]},"198":{"input":[2,3,7,8],"tlp":["depo",14313],"trp":["pod",31617],"tlw":["espesso",79],"trw":["pode",9510],"lp":["depo","espo","epos","spoe"],"rp":["pod","pode","peso","pose","ospe","pos-","poes","osep","opes"]},"199":{"input":[1,2,3,7,8],"tlw":["esposa",847],"trw":["pessoas",7432],"lp":[],"rp":[]},"200":{"input":[4,7,8],"tlp":["top",1854],"trp":["pot",800],"tlw":["topo",438],"lp":["top","topo"],"rp":["pot","opt","pg","pto","ptop"]},"201":{"input":[1,4,7,8],"tlp":["apag",291],"trp":["pag",4975],"trw":["pag",402],"lp":["apag","apg","apto"],"rp":["pag","paga","pato","pago","opag","opat"]},"202":{"input":[2,4,7,8],"tlp":["cop",1332],"trp":["post",6329],"tlw":["copo",522],"trw":["posto",634],"lp":["cop","copo","copt","coop"],"rp":["post","poc","poco","opc","pco","opco","pgc","pgcs"]},"203":{"input":[1,2,4,7,8],"tlw":["sapatos",482],"trw":["opcao",191],"lp":[],"rp":[]},"204":{"input":[3,4,7,8],"tlp":["rop",10909],"trp":["por",83084],"tlw":["reporter",133],"trw":["por",51332],"lp":["rop","ropr","rpo","ropo"],"rp":["por","pro","port","perg","prop","opr","orp","orpo","peg","pore","preo","preg","pero","opor","pego","prot"]},"205":{"input":[1,3,4,7,8],"tlw":["aeroporto",244],"trw":["porta",4885],"lp":[],"rp":[]},"206":{"input":[2,3,4,7,8],"tlw":["corpo",3692],"trw":["poder",3010],"lp":[],"rp":[]},"207":{"input":[1,2,3,4,7,8],"tlw":["resposta",1706],"trw":["professor",1075],"lp":[],"rp":[]},"208":{"input":[5,7,8],"trp":["um",243291],"trw":["um",108193],"lp":[],"rp":["um","om","mo","mu","omo","mpo","omp","pu","num","pon","up","pou","mun","mon","nom","mom","upo","mou","omu","oup"]},"209":{"input":[1,5,7,8],"tlp":["amo",18697],"trp":["uma",107111],"tlw":["amo",321],"trw":["uma",83293],"lp":["amo","ampo","apon","amou","aum"],"rp":["uma","mao","oma","upa","numa","ompa","uman","oman","pau","mano","oupa","onam","maqu","mau","namo"]},"210":{"input":[2,5,7,8],"tlp":["smo",16965],"trp":["mos",29583],"tlw":["som",1252],"trw":["pousou",166],"lp":["smo","spon","som","sup","susp","sum","supo","somo","smos","ssum","spu"],"rp":["mos","mpos","mus","usp","omos","mons","pons","upos","pous"]},"211":{"input":[1,2,5,7,8],"tlw":["soma",177],"trw":["maos",4073],"lp":[],"rp":[]},"212":{"input":[3,5,7,8],"tlp":["emo",14088],"trp":["ome",42557],"trw":["meu",13196],"lp":["emo","empo","emon"],"rp":["ome","meu","uem","omen","meno","omem","ume","mome","nome","nume","upe","umen","-m","-me","ompe","peu","memo"]},"213":{"input":[1,3,5,7,8],"tlw":["quem",7441],"trw":["pequeno",2129],"lp":[],"rp":[]},"214":{"input":[2,3,5,7,8],"trw":["mesmo",14794],"lp":[],"rp":[]},"215":{"input":[1,2,3,5,7,8],"tlw":["damon",277],"trw":["pensando",1275],"lp":[],"rp":[]},"216":{"input":[4,5,7,8],"tlp":["gum",14061],"trp":["mbo",6406],"tlw":["bom",4344],"trw":["ponto",2616],"lp":["gum","tom","bom","tum","ttom","tomo","tmo","gm"],"rp":["mbo","pont","omb","mot","mont","pub","put","pob","mput","moto","umb","utom"]},"217":{"input":[1,4,5,7,8],"tlw":["apontou",487],"trw":["ponta",807],"lp":[],"rp":[]},"218":{"input":[2,4,5,7,8],"tlw":["com",79743],"trw":["pouco",7236],"lp":[],"rp":[]},"219":{"input":[1,2,4,5,7,8],"tlw":["campo",1321],"trw":["moca",1091],"lp":[],"rp":[]},"220":{"input":[3,4,5,7,8],"tlw":["tempo",10746],"trw":["momento",4691],"lp":[],"rp":[]},"221":{"input":[1,3,4,5,7,8],"tlw":["forma",4643],"trw":["porque",9040],"lp":[],"rp":[]},"222":{"input":[2,3,4,5,7,8],"tlw":["comecou",3483],"trw":["ombros",1499],"lp":[],"rp":[]},"223":{"input":[1,2,3,4,5,7,8],"tlw":["estamos",1849],"trw":["pensamentos",1108],"lp":[],"rp":[]},"224":{"input":[6,7,8],"trp":["pl",22248],"trw":["polo",95],"lp":[],"rp":["pl","poi","pol","pli","ipo","plo","poli","lp","pio","opi","ipio","pil","olp","ppl","poio","lop","pilo","ipl","lip","ipli"]},"225":{"input":[1,6,7,8],"tlp":["apoi",894],"trp":["pal",9950],"tlw":["apoio",472],"trw":["paola",89],"lp":["apoi","alp","appl","apl","apli","apol","apla","alpa"],"rp":["pal","pla","pala","ipal","lpa","pali","lap","poia","opia","pila","lapi","palp"]},"226":{"input":[2,6,7,8],"tlp":["spio",144],"trp":["pois",18374],"trw":["pois",4416],"lp":["spio","spl"],"rp":["pois","posi","ispo","plos","ospi","piso","ipos","pios","psl"]},"227":{"input":[1,2,6,7,8],"trw":["lapis",171],"lp":[],"rp":[]},"228":{"input":[3,6,7,8],"tlp":["epoi",14052],"trp":["pel",32898],"trw":["pelo",11997],"lp":["epoi","epl","epli","elop","elip","eple"],"rp":["pel","pelo","ple","pele","lpe","olpe","pple","pole","lope","poei","lipe","leop","l'","peli"]},"229":{"input":[1,3,6,7,8],"tlw":["apple",759],"trw":["pela",10602],"lp":[],"rp":[]},"230":{"input":[2,3,6,7,8],"tlw":["depois",13958],"trw":["pelos",3503],"lp":[],"rp":[]},"231":{"input":[1,2,3,6,7,8],"tlw":["explosao",225],"trw":["podia",5600],"lp":[],"rp":[]},"232":{"input":[4,6,7,8],"tlp":["tipo",3460],"trp":["pov",1630],"tlw":["tipo",3053],"trw":["povo",1274],"lp":["tipo","golp","gip","tipl"],"rp":["pov","povo","ipot","polt","pito","polv","pig","ltip"]},"233":{"input":[1,4,6,7,8],"tlw":["galpao",98],"trw":["patio",409],"lp":[],"rp":[]},"234":{"input":[2,4,6,7,8],"tlw":["tipos",407],"trw":["politico",317],"lp":[],"rp":[]},"235":{"input":[1,2,4,6,7,8],"tlw":["capitao",887],"trw":["policia",1169],"lp":[],"rp":[]},"236":{"input":[3,4,6,7,8],"tlw":["golpe",619],"trw":["proprio",2614],"lp":[],"rp":[]},"237":{"input":[1,3,4,6,7,8],"trw":["propria",2409],"lp":[],"rp":[]},"238":{"input":[2,3,4,6,7,8],"tlw":["respeito",2148],"trw":["possivel",2464],"lp":[],"rp":[]},"239":{"input":[1,2,3,4,6,7,8],"tlw":["rapido",1145],"trw":["poderia",4184],"lp":[],"rp":[]},"240":{"input":[5,6,7,8],"trp":["mui",26105],"trw":["mil",1923],"lp":[],"rp":["mui","lm","hom","mpl","mil","hum","mul","imo","mulh","omi","impo","nhum","mili","impl","lim","minu","ompl","pul","mplo","umi"],"special":"enter"},"241":{"input":[1,5,6,7,8],"tlw":["alma",1095],"trw":["mal",2849],"lp":[],"rp":[]},"242":{"input":[2,5,6,7,8],"tlw":["suponho",319],"trw":["possui",298],"lp":[],"rp":[]},"243":{"input":[1,2,5,6,7,8],"tlw":["almas",218],"trw":["humanos",876],"lp":[],"rp":[]},"244":{"input":[3,5,6,7,8],"tlw":["elmo",138],"trw":["homem",8542],"lp":[],"rp":[]},"245":{"input":[1,3,5,6,7,8],"tlw":["alem",3586],"trw":["nenhuma",2224],"lp":[],"rp":[]},"246":{"input":[2,3,5,6,7,8],"tlw":["simples",1787],"trw":["homens",5348],"lp":[],"rp":[]},"247":{"input":[1,2,3,5,6,7,8],"tlw":["zaphod",507],"trw":["podiam",1009],"lp":[],"rp":[]},"248":{"input":[4,5,6,7,8],"tlw":["tumulo",138],"trw":["muito",18767],"lp":[],"rp":[]},"249":{"input":[1,4,5,6,7,8],"tlw":["alguma",5734],"trw":["ultima",1690],"lp":[],"rp":[]},"250":{"input":[2,4,5,6,7,8],"tlw":["comigo",1864],"trw":["muitos",2820],"lp":[],"rp":[]},"251":{"input":[1,2,4,5,6,7,8],"tlw":["algumas",3503],"trw":["muitas",2792],"lp":[],"rp":[]},"252":{"input":[3,4,5,6,7,8],"tlw":["vermelho",829],"trw":["melhor",5197],"lp":[],"rp":[]},"253":{"input":[1,3,4,5,6,7,8],"tlw":["alguem",4202],"trw":["maior",3758],"lp":[],"rp":[]},"254":{"input":[2,3,4,5,6,7,8],"tlw":["simplesmente",1695],"trw":["mulheres",2796],"lp":[],"rp":[]},"255":{"input":[1,2,3,4,5,6,7,8],"tlw":["completamente",1313],"trw":["marido",1424],"lp":[],"rp":[]}}