{"0":{"value":0,"notes":["Developer : Zack Dennis (zack@asetniop.com)","Date : 12/12/2014","All code (c) 2014 Pointesa, LLC all rights reserved","Abbreviations :    ","tlp = top left partial","lp = left partials","trp = top right partial","rp = right partials","tlw = top left word","lw = left words","trw = top right word","rw = right words"]},"1":{"input":[1],"base":"a","baseshift":"A","tlp":["aa",511],"tlw":["a",83146],"lp":["aa","aaa"],"rp":[]},"2":{"input":[2],"base":"s","baseshift":"S","tlp":["ss",3507],"tlw":["s",933],"lp":["ss"],"rp":[]},"3":{"input":[1,2],"base":"w","baseshift":"W","tlp":["sa",334071],"tlw":["sa",168486],"lp":["sa","as","asa","sas","ssa","asas","wa","aw","sw","ass","ws","was"],"rp":[]},"4":{"input":[3],"base":"e","baseshift":"E","tlp":["ee",21380],"tlw":["e",25573],"lp":["ee"],"rp":[]},"5":{"input":[1,3],"base":"x","baseshift":"X","tlp":["ea",331408],"tlw":["ea",17717],"lp":["ea","ex","eea","ae","xa","exa","xe","exe","ax"],"rp":[]},"6":{"input":[2,3],"base":"d","baseshift":"D","tlp":["de",474727],"tlw":["de",299045],"lp":["de","se","es","ed","des","ese","ede","ses","sese","dee","sed","dese","sse","ess","edes","esed","sede","dd","eed","eses"],"rp":[]},"7":{"input":[1,2,3],"tlp":["da",156223],"tlw":["da",10448],"lp":["da","ad","ase","eas","dea","sea","ada","ade","dad","esa","edea","deas","ases","adea","asea","esea","sase","eeas","dade","ew"],"rp":[]},"8":{"input":[4],"base":"t","baseshift":"T","tlp":["tt",3013],"tlw":["t",835],"lp":["tt"],"rp":[]},"9":{"input":[1,4],"base":"f","baseshift":"F","tlp":["at",414820],"tlw":["fata",15507],"lp":["at","ta","ata","fa","tat","af","fat","atat","fata","tf","afa","tata","ft","afat","fta","ff","att","tta","ftat","atf"],"rp":[]},"10":{"input":[2,4],"base":"c","baseshift":"C","tlp":["st",311126],"tlw":["c",706],"lp":["st","sc","ct","cc","tc","ts"],"rp":[]},"11":{"input":[1,2,4],"tlp":["ca",523509],"tlw":["ca",133317],"lp":["ca","ac","sta","ast","cat","aca","fac","asta","sca","asc","cas","asca","act","sf","stat","sat","casa","sfa","tac","faca"],"rp":[]},"12":{"input":[3,4],"base":"r","baseshift":"R","tlp":["re",521801],"tlw":["te",15374],"lp":["re","te","er","tr","tre","et","rt","ere","rte","ter","ete","ret","tere","etr","ert","rer","tet","etre","rere","eret"],"rp":[]},"13":{"input":[1,3,4],"tlp":["ar",509043],"tlw":["era",39299],"lp":["ar","ra","are","ate","era","rea","ara","tea","fe","tra","art","rat","arte","tar","tate","far","rta","area","fara","fr"],"rp":[]},"14":{"input":[2,3,4],"tlp":["ce",303452],"tlw":["ce",59249],"lp":["ce","ec","est","ste","este","cr","str","ces","dr","rec","cest","rc","rs","cre","res","cer","dec","esc","rd","cee"],"rp":[]},"15":{"input":[1,2,3,4],"tlp":["car",108000],"tlw":["care",72655],"lp":["car","care","ace","dar","cea","dat","eca","ras","aces","dac","daca","stra","data","acea","ecat","ceea","face","rca","east","astr"],"rp":[]},"16":{"input":[5],"base":"n","baseshift":"N","trp":["nn",3834],"trw":["n",1145],"lp":[],"rp":["nn"]},"17":{"input":[1,5],"base":"q","baseshift":"Q","tlp":["an",216706],"trp":["na",142605],"tlw":["an",1202],"trw":["na",594],"lp":["an","ana","ann","anan","anna","aq","anaq"],"rp":["na","nan","nna","naq"]},"18":{"input":[2,5],"base":"j","baseshift":"J","tlp":["sn",3093],"trp":["ns",69609],"trw":["j",435],"lp":["sn"],"rp":["ns","nj"]},"19":{"input":[1,2,5],"tlp":["aj",20324],"trp":["nsa",12265],"tlw":["sansa",539],"trw":["nas",518],"lp":["aj","ans","san","ansa","anj","sana","aja","saj","sans","anja","asan","wn","anas","awn"],"rp":["nsa","ja","nas","nja","nsas","jan"]},"20":{"input":[3,5],"base":"y","baseshift":"Y","tlp":["en",157322],"trp":["ne",182563],"tlw":["en",86],"trw":["ne",11044],"lp":["en","ene","ey","eyn","enn","eye","een","enen","eyne","enny","enne"],"rp":["ne","yn","nen","nne","ny","nee","ye","nny","yne"]},"21":{"input":[1,3,5],"tlp":["ane",10158],"trp":["nea",30604],"tlw":["anne",526],"trw":["nea",342],"lp":["ane","enea","ena","ean","anee","ay","anne","anea","anen","xan","exan","eann","aye","eane","anx"],"rp":["nea","ya","nay","yx","nx"]},"22":{"input":[2,3,5],"tlp":["ej",6230],"trp":["nd",131965],"tlw":["sens",684],"trw":["je",103],"lp":["ej","sen","den","ens","dej","end","dy","sens","sey","ssey","seyn"],"rp":["nd","nde","nse","je","nes","ndes","nses","jd","ys"]},"23":{"input":[1,2,3,5],"tlp":["and",65203],"trp":["nda",9766],"tlw":["deja",3062],"trw":["new",498],"lp":["and","dan","anda","ande","eja","deja","adan","anse","dane","dans","esan","esaj","eaj"],"rp":["nda","ndea","nsea","neas","nand","new","jea"]},"24":{"input":[4,5],"base":"b","baseshift":"B","tlp":["bt",2355],"trp":["nt",306047],"tlw":["b",322],"lp":["bt","bb"],"rp":["nt","nb"]},"25":{"input":[1,4,5],"tlp":["ba",71864],"trp":["nta",47119],"tlw":["ba",2052],"trw":["nat",115],"lp":["ba","ant","ab","tan","bat","anta","aba","ban","tant","bab","tana","bata","anat","fan","tab"],"rp":["nta","nat","nf","ntat","nata"]},"26":{"input":[2,4,5],"tlp":["bs",4364],"trp":["nc",92637],"lp":["bs","cn","bc","bst","sb","tj"],"rp":["nc","nst","nct","jb"]},"27":{"input":[1,2,4,5],"tlp":["can",32837],"trp":["nca",22051],"tlw":["banca",519],"trw":["nasca",92],"lp":["can","anc","stan","anca","cant","bas","abs","bast","cab","taj","tanc","acan","banc","sab"],"rp":["nca","ncat","nsta","nast","nanc","nsf"]},"28":{"input":[3,4,5],"tlp":["ent",84157],"trp":["ntr",104253],"tlw":["brett",483],"trw":["nr",169],"lp":["ent","entr","eb","reb","treb","be","rb","br","rn","ten","ren","ern","rbe","tent"],"rp":["ntr","nte","ntre","ner","nter","net"]},"29":{"input":[1,3,4,5],"tlp":["ran",24100],"trp":["ntra",6602],"tlw":["barbat",1660],"lp":["ran","enta","bar","eba","reba","rba","bra","tran","arb","rab","arba","bea","barb","rbat","rant","ante"],"rp":["ntra","nar","ntea","neat"]},"30":{"input":[2,3,4,5],"tlp":["cen",5052],"trp":["nce",27047],"tlw":["recent",181],"trw":["jerry",121],"lp":["cen","dent","bes","cent","rbes","bse","sten","sent","bser","best"],"rp":["nce","ncer","ndr","nec","ndre","ncet","ncr","ndc","ncre","nstr"]},"31":{"input":[1,2,3,4,5],"tlw":["cand",24121],"trw":["jeff",677],"lp":[],"rp":[]},"32":{"input":[6],"base":"i","baseshift":"I","trp":["ii",110946],"trw":["ii",23134],"lp":[],"rp":["ii","iii"]},"33":{"input":[1,6],"base":"z","baseshift":"Z","tlp":["ai",175637],"trp":["ia",127873],"tlw":["ai",14411],"trw":["ia",3588],"lp":["ai","zi","az","za","aza","aia","azi","zia","zii","azia","aii","aiz","azii"],"rp":["ia","iz","iza","izi","iaz","iaza","izii"]},"34":{"input":[2,6],"base":"k","baseshift":"K","tlp":["si",392768],"trp":["is",116257],"tlw":["si",229731],"trw":["isi",19173],"lp":["si","sis","sii","sk","ski","ssi","sisi","siss"],"rp":["is","isi","ki","ik","ks","iis","isk","iss","iki","kik","kiki","isis"]},"35":{"input":[1,2,6],"tlp":["asi",21012],"trp":["isa",3757],"tlw":["zis",2561],"trw":["iasa",754],"lp":["asi","zis","sai","sia","ak","wi","asis","sasi","wis","ais","aias","saiz","asii","zas","zias"],"rp":["isa","ias","ka","iasa","iasi"]},"36":{"input":[3,6],"base":",","baseshift":"<","tlp":["ei",94946],"trp":["ie",135041],"tlw":["ei",24160],"trw":["iei",524],"lp":["ei","eie","eii"],"rp":["ie","iei"],"special":"punc"},"37":{"input":[1,3,6],"tlp":["ez",32829],"trp":["ize",3487],"tlw":["zeii",292],"trw":["izea",421],"lp":["ez","ze","eze","ezi","xi","exi","aie","eza","eia","eaz","eaza","aze","zea","zie","zei","eai","eiz","eize"],"rp":["ize","ix"]},"38":{"input":[2,3,6],"tlp":["di",145395],"trp":["id",28001],"tlw":["desi",3541],"trw":["iesi",1561],"lp":["di","esi","edi","dis","desi","sie","sid","side","die","sise","sei","sedi"],"rp":["id","ise","ide","ies","idi","iesi","ke","idee"]},"39":{"input":[1,2,3,6],"tlp":["zise",7538],"trp":["ida",1906],"tlw":["zise",6592],"trw":["ideea",1322],"lp":["zise","xis","exis","adi","dia","sez","asez","edia","seza","easi","dai","zid","esia","aies","dez","aid","ezis","aide","ake"],"rp":["ida"]},"40":{"input":[4,6],"base":"v","baseshift":"V","tlp":["ti",295163],"trp":["it",151806],"tlw":["ti",1335],"trw":["iti",3989],"lp":["ti","vi","tii","tit","tiv","vit","vii","titi","viit","tivi","tv"],"rp":["it","iv","iti","ivi","ivit","iit","itii","itiv","itit"]},"41":{"input":[1,4,6],"tlp":["va",110914],"trp":["ita",36266],"tlw":["fi",38843],"trw":["iata",1833],"lp":["va","fi","ati","av","tia","fii","vaz","zit","via","viat","ava","tai","tati","atii"],"rp":["ita","iat","itat","iata","iva","if"]},"42":{"input":[2,4,6],"tlp":["ci",156406],"trp":["ic",148028],"tlw":["ci",3836],"trw":["ici",186],"lp":["ci","sti","sit","cit","cti","tic","stii","stit","tis","vic","ctiv","vis","cii","sist"],"rp":["ic","ici","ist","isc","isti","itic"]},"43":{"input":[1,2,4,6],"tlp":["aci",11683],"trp":["ica",34598],"tlw":["aici",9541],"lp":["aci","aic","aici","caz","stia","acti","zic","fic","cati","caci","cia","asti","tica","faci","cai"],"rp":["ica","ista","icat","isca","ific"]},"44":{"input":[3,4,6],"tlp":["ri",261934],"trp":["ir",38667],"tlw":["trei",5142],"trw":["ieri",560],"lp":["ri","ve","ev","eri","vr","vre","tie","riv","tri","eti","rie","rei","rit","rivi","rti"],"rp":["ir","ire","ite","ier","iet"]},"45":{"input":[1,3,4,6],"tlp":["eva",33520],"trp":["iar",32094],"tlw":["avea",12237],"trw":["iar",16087],"lp":["eva","ari","ave","vea","fie","avea","rez","var","ria","evar","arti","reze","feri","vrea","vara","teva","rai","raz"],"rp":["iar","irea"]},"46":{"input":[2,3,4,6],"tlp":["ric",22696],"trp":["ice",14452],"tlw":["cei",7477],"trw":["iesit",918],"lp":["ric","eci","esti","dev","dic","cev","cei","ris","cri","ved","vede","rid","ves","ridi","eric","scri"],"rp":["ice","iste","iec","idic"]},"47":{"input":[1,2,3,4,6],"tlw":["ceva",11423],"lp":[],"rp":[]},"48":{"input":[5,6],"base":"h","baseshift":"H","trp":["in",750933],"trw":["in",184145],"lp":[],"rp":["in","ni","hi","ini","nii","iin","hii","nin","ih","hn","inii","nni","ihn","iini","hin","inn","ihi","nh","hni","inin"]},"49":{"input":[1,5,6],"tlp":["ani",21231],"trp":["ina",49485],"tlw":["ani",6375],"trw":["hai",1393],"lp":["ani","ain","aini","ah","aha","anii","zin","zan"],"rp":["ina","ha","hia","nai","inai","nain","nz","hai","nia","han","ian","nza"]},"50":{"input":[2,5,6],"tlp":["sin",18411],"trp":["ins",33866],"tlw":["sin",190],"trw":["jh",411],"lp":["sin","sh","sih","sini","sni"],"rp":["ins","nis","ij","his","nsi","inis","ji","isn","iji","insi","jin","ijin","nsis","nk","nik"]},"51":{"input":[1,2,5,6],"tlp":["asin",3239],"trp":["insa",9893],"tlw":["ash",252],"trw":["insa",7993],"lp":["asin","sina","aji","ank","siha","sha","ash","ansi","ajii","anis","asni"],"rp":["insa","ija","hisa","hans","jak","kan","jah","ijah","hka"]},"52":{"input":[3,5,6],"tlp":["eni",33619],"trp":["ine",65502],"tlw":["eh",87],"trw":["hei",371],"lp":["eni","enii","ein","enin","eh","enie"],"rp":["ine","he","nei","ien","nie","hei","nein","inei","hen","heie","nnie","niei","hne","hie"]},"53":{"input":[1,3,5,6],"tlp":["aine",3733],"trp":["inea",7586],"trw":["haine",380],"lp":["aine","zen","ezen","enz","anie","ezin","enza","zne","azne","ezn","ezna","enzi"],"rp":["inea","nez","neze","hea","iena","nze","heia","neaz"]},"54":{"input":[2,3,5,6],"tlp":["din",90282],"trp":["ind",36487],"tlw":["din",67566],"trw":["iesind",261],"lp":["din","sine","dine","edin","enis","ensi"],"rp":["ind","ndi","inse","inde","iind","indi","hise","iden","nsid","hid","nise","hes","hide","nind"]},"55":{"input":[1,2,3,5,6],"tlw":["sinea",401],"trw":["jake",478],"lp":[],"rp":[]},"56":{"input":[4,5,6],"tlp":["bi",58255],"trp":["int",156160],"tlw":["vin",1566],"trw":["intii",232],"lp":["bi","tin","bin","vin","th","bit","vint","tint"],"rp":["int","nti","ib","nit","inti","ntin","nv","ibi","iint","inv","nvi","ntii"]},"57":{"input":[1,4,5,6],"tlp":["abi",11731],"trp":["inta",22656],"tlw":["abia",2225],"trw":["nava",1620],"lp":["abi","aint","van","fiin","zb","tina","vant","bia","atin","bai","abia","babi","vina","bati","aib"],"rp":["inta","inf","nav","iba","inat"]},"58":{"input":[2,4,5,6],"tlp":["ch",61576],"trp":["inc",60349],"tlw":["cinci",2724],"trw":["nici",22847],"lp":["ch","chi","cin","sch","schi","chii","chis","stin","cinc","bis"],"rp":["inc","nic","nici","nci","nist","inci","nch","nchi","inch","nsti"]},"59":{"input":[1,2,4,5,6],"tlw":["stiinta",654],"trw":["inca",8005],"lp":[],"rp":[]},"60":{"input":[3,4,5,6],"tlp":["rin",33243],"trp":["intr",61098],"tlw":["bine",14803],"trw":["intre",5472],"lp":["rin","bine","ven","veni","tine","rint","enti","rni","enit","rbi","even","bir","bie"],"rp":["intr","inte","nev","ient","inev","ibe","iber"]},"61":{"input":[1,3,4,5,6],"tlw":["tinea",1218],"trw":["inainte",6948],"lp":[],"rp":[]},"62":{"input":[2,3,4,5,6],"tlw":["dintre",7665],"trw":["niste",5419],"lp":[],"rp":[]},"63":{"input":[1,2,3,4,5,6],"tlw":["chiar",12228],"trw":["incerca",1941],"lp":[],"rp":[]},"64":{"input":[7],"base":"o","baseshift":"O","trp":["oo",1200],"trw":["o",113236],"lp":[],"rp":["oo"]},"65":{"input":[1,7],"base":"(","baseshift":"[","tlp":["ao",642],"trp":["oa",151490],"trw":["oa",179],"lp":["ao"],"rp":["oa"],"special":"punc"},"66":{"input":[2,7],"base":".","baseshift":">","tlp":["so",36626],"trp":["os",73956],"tlw":["so",137],"trw":["os",129],"lp":["so","sos","sso"],"rp":["os","oss","oso","oos"],"special":"punc"},"67":{"input":[1,2,7],"tlp":["soa",8768],"trp":["oas",22126],"lp":["soa","aso","wo","swo","sow","woo","asoa","sowa","asso","ssow","aos"],"rp":["oas","oasa","ow","osa","ossa","owa","oass","ows"]},"68":{"input":[3,7],"base":"-","baseshift":"_","tlp":["e-",29604],"trp":["-o",27659],"trw":["-",97955],"lp":["e-","eo","e-o"],"rp":["-o","oe","-e","o-","-o-"],"special":"punc"},"69":{"input":[1,3,7],"tlp":["a-",46041],"trp":["-a",104204],"tlw":["a-",97],"trw":["-a",320],"lp":["a-","e-a","eoa","a-a","a-o"],"rp":["-a","ox","-a-"]},"70":{"input":[2,3,7],"tlp":["do",69536],"trp":["od",23024],"tlw":["s-o",6502],"lp":["do","s-","s-o","de-","deo","eod","deod","eso","eos","deos","eose","e-s"],"rp":["od","-s","ose","-se","ode","odo","oses","osse"]},"71":{"input":[1,2,3,7],"tlp":["sa-",34714],"trp":["oda",11577],"tlw":["s-a",12787],"trw":["oase",184],"lp":["sa-","s-a","doa","a-s","sa-s","de-a","eoda","deoa","ado","asa-","da-"],"rp":["oda","oase","-as","-ad","-ade","osea","oad","oada","odea"]},"72":{"input":[4,7],"base":"g","baseshift":"G","tlp":["to",107166],"trp":["ot",74165],"tlw":["tot",13553],"trw":["otto",232],"lp":["to","tot","go","tog","tto","toto","gg","got","gt","gto","togo","tg"],"rp":["ot","og","oto","ott","otog","ogo","otto","oog"]},"73":{"input":[1,4,7],"tlp":["ga",71011],"trp":["oat",31855],"tlw":["toata",5023],"trw":["ofta",463],"lp":["ga","fo","toa","ag","toat","gat","ato","foa","aga","atoa","gata","ago","goa"],"rp":["oat","of","oata","ota","oga","oft","ogat"]},"74":{"input":[2,4,7],"tlp":["co",95698],"trp":["oc",55455],"tlw":["scos",703],"lp":["co","sco","sto","cto","cot","sot","soc","toc","gos","cos","gost","scot","goss"],"rp":["oc","ost","osc","oct","octo","oco","ocot"]},"75":{"input":[1,2,4,7],"tlp":["fos",18330],"trp":["oast",12711],"tlw":["fost",18063],"trw":["ostas",97],"lp":["fos","fost","aco","gas","coa","scoa","foc","coas","agos","coat","asto","sato","cato","sfo"],"rp":["oast","oca","oac","osta","ocat","oasc"]},"76":{"input":[3,4,7],"tlp":["ro",71384],"trp":["or",188766],"tlw":["rog",1945],"trw":["ore",1272],"lp":["ro","ge","eg","tor","gr","r-","tr-","rg","reg","ege","r-o","tr-o","gre","erg","reo"],"rp":["or","ort","-t","ore","ote"]},"77":{"input":[1,3,4,7],"tlp":["foar",10466],"trp":["oar",59190],"tlw":["toate",11462],"trw":["oare",2672],"lp":["foar","toar","for","roa","rag","ega","ator","gra","egat","a-t","arg","gea"],"rp":["oar","oare","oate","oart","ora","-ar","orta","oara"]},"78":{"input":[2,3,4,7],"tlp":["dor",9727],"trp":["ord",7233],"tlw":["rost",832],"lp":["dor","ros","cor","ce-","sor","rost","rso","ctor","deg","erso","stor","dege","roc","totd","doc"],"rp":["ord","oce","ostr","otd","otde"]},"79":{"input":[1,2,3,4,7],"tlw":["doar",7637],"trw":["oras",1618],"lp":[],"rp":[]},"80":{"input":[5,7],"base":"u","baseshift":"U","trp":["un",291116],"trw":["nu",113453],"lp":[],"rp":["un","nu","on","no","ou","unu","uno","nou","nun","onu","ono","onn","non","oon","oun","uu","nuu","nno","onun","onon"]},"81":{"input":[1,5,7],"tlp":["au",127814],"trp":["ua",38098],"tlw":["au",14003],"trw":["una",3763],"lp":["au","anu","aun","auna","qu","anun","ano"],"rp":["ua","una","oua","noa","ona","nua","oan","noua","unoa","oana","nau","naun","nuna"]},"82":{"input":[2,5,7],"tlp":["su",87996],"trp":["us",98070],"tlw":["sus",2880],"trw":["jos",3880],"lp":["su","sun","sus","son","snu"],"rp":["us","ju","uns","jo","jun","nos","ons","unos","jos","juns","nsu","uso","nus","osu","nsus"]},"83":{"input":[1,2,5,7],"tlp":["sau",22053],"trp":["noas",7379],"tlw":["sau",21799],"trw":["usa",4343],"lp":["sau","asu","aju","ajun","soan","suna","sona","aus","ajo","anus","asun","ason","saju"],"rp":["noas","usa","joa","uas","usoa","nasu","ouas"]},"84":{"input":[3,5,7],"tlp":["eu",42582],"trp":["une",33961],"tlw":["eu",16688],"trw":["n-o",3069],"lp":["eu","enu","eun","enun","eno"],"rp":["une","n-","u-","nu-","-u","-un","ne-","ue","n-o","neo","one","uneo","-n","ony","une-"]},"85":{"input":[1,3,5,7],"tlp":["eau",24032],"trp":["n-a",17307],"trw":["n-a",2864],"lp":["eau","eaun","euna","que","xu","exu","e-au","eaua","xua","exua"],"rp":["n-a","-au","unea","ne-a","oane","neau","n-au","uque","ux","onea"]},"86":{"input":[2,3,5,7],"tlp":["du",82602],"trp":["use",37853],"tlw":["dus",2022],"trw":["unde",9415],"lp":["du","dou","dus","duse","eus","du-","esu","du-s"],"rp":["use","und","unde","ud","ndu","uses","unse","ond","u-s","ndo","ndu-","ude"]},"87":{"input":[1,2,3,5,7],"tlw":["doua",9678],"trw":["n-as",944],"lp":[],"rp":[]},"88":{"input":[4,5,7],"tlp":["tu",124429],"trp":["ut",118950],"tlw":["tu",6631],"trw":["unt",87],"lp":["tu","bu","gu","bo","tun","bun","totu"],"rp":["ut","ng","unt","ob","ub","ntu","otu","nto","ont","ung","ngu","utu","ug"]},"89":{"input":[1,4,5,7],"tlp":["atu",33704],"trp":["uta",13540],"tlw":["buna",3510],"trw":["nota",476],"lp":["atu","fu","gan","atun","ang","aut","anga","tau","buna","antu","fun","gatu","tua"],"rp":["uta","nga","uf","uat","ntoa","uga","oba"]},"90":{"input":[2,4,5,7],"tlp":["cu",251869],"trp":["uc",41800],"tlw":["cu",107724],"trw":["joc",840],"lp":["cu","con","cut","sunt","scu","cun","tunc","stu","cont","cuno","sub","cons","scut","tus"],"rp":["uc","unc","ocu","onst","ust","nost"]},"91":{"input":[1,2,4,5,7],"tlw":["facut",6146],"lp":[],"rp":[]},"92":{"input":[3,4,5,7],"tlp":["ru",139075],"trp":["ur",142738],"tlw":["greu",2486],"trw":["unor",2218],"lp":["ru","tru","ebu","tur","gur","rebu","reu","rob","run","r-u","tr-u","r-un","eru"],"rp":["ur","ntru","ute","ntr-","orb","oru","ngur"]},"93":{"input":[1,3,4,5,7],"tlw":["erau",9639],"trw":["n-ar",2738],"lp":[],"rp":[]},"94":{"input":[2,3,4,5,7],"tlw":["trecut",2015],"trw":["usor",3025],"lp":[],"rp":[]},"95":{"input":[1,2,3,4,5,7],"tlw":["fusese",5088],"trw":["noastra",2596],"lp":[],"rp":[]},"96":{"input":[6,7],"base":"l","baseshift":"L","trp":["il",100912],"trw":["il",17933],"lp":[],"rp":["il","lo","li","oi","ol","io","olo","ilo","ili","oli","ll","iil","ill","lio","lii","oil","ilio","iol","lli","iilo"]},"97":{"input":[1,6,7],"tlp":["al",157962],"trp":["la",223904],"tlw":["al",17061],"trw":["la",103939],"lp":["al","ala","ali","zil","zo","alal"],"rp":["la","ioa","lal","ial","ila","oz","oia","loa","ozi","oal","ola","lia","iala","ilal"]},"98":{"input":[2,6,7],"tlp":["sol",5524],"trp":["osi",9398],"tlw":["sol",477],"trw":["ok",68],"lp":["sol","sl","sil","sosi","sio","sili"],"rp":["osi","los","olos","iso","ios","losi","ko","ls","lis","osii","ois","kil","kilo","iko"]},"99":{"input":[1,2,6,7],"tlp":["sal",9118],"trp":["las",16180],"tlw":["sala",1335],"trw":["lasa",3143],"lp":["sal","sla","sala","sola","alis","salo","wil","sall","als","sali","will"],"rp":["las","lasa","lasi","isoa","ioas","olas","llas","law","low"]},"100":{"input":[3,6,7],"tlp":["el",182428],"trp":["le",217374],"tlw":["el",30829],"trw":["le",16173],"lp":["el","ele","elo","eli","e-i","eil"],"rp":["le","ile","i-","-i","-l","l-","oie","lie","iile","lel","le-","ole","i-l","i-o"]},"101":{"input":[1,3,6,7],"tlp":["ale",32820],"trp":["i-a",24465],"tlw":["ale",8429],"trw":["i-a",2798],"lp":["ale","a-i","ela","a-l","eal","zile","eala","e-ai","elea","elal","eila","alea","zel","eali"],"rp":["i-a","-ai","lea","l-a","le-a","i-ai"]},"102":{"input":[2,3,6,7],"tlp":["si-",10078],"trp":["-si",12424],"tlw":["doi",4637],"trw":["ideile",361],"lp":["si-","doi","sel","eles","del","sele","delo","si-l","dio","si-i","esel"],"rp":["-si","les","iod","ld","lose","odi","old","lid","i-s"]},"103":{"input":[1,2,3,6,7],"tlw":["sa-i",9425],"trw":["lase",794],"lp":[],"rp":[]},"104":{"input":[4,6,7],"tlp":["vo",55302],"trp":["lt",70688],"tlw":["voi",6798],"trw":["lovi",446],"lp":["vo","gi","voi","toti","til","gl","tio"],"rp":["lt","ig","oti","ov","lti","lit","ito","ovi","olit","liti","lov","lig","lv"]},"105":{"input":[1,4,6,7],"tlp":["alt",31331],"trp":["lta",15965],"tlw":["afla",4776],"lp":["alt","fl","tal","fla","afl","afla","alta","voa","alti","val","avo","fol","folo","alat"],"rp":["lta","lat","lalt","iga","lita","lati"]},"106":{"input":[2,4,6,7],"tlp":["col",18912],"trp":["loc",16849],"tlw":["colt",621],"trw":["loc",5973],"lp":["col","cl","sig","cio","colo","cli","voc","cil","soci","soti"],"rp":["loc","icio","lic","osti","oci","ico","ltc","lc","osit","isto"]},"107":{"input":[1,2,4,6,7],"tlw":["acolo",7879],"trw":["lasat",1202],"lp":[],"rp":[]},"108":{"input":[3,4,6,7],"tlp":["tel",33441],"trp":["ori",36339],"tlw":["vor",6208],"trw":["lor",11526],"lp":["tel","tele","vor","ril","rile","rel","tori","rio","elor","rele","evo","egi","erio","evoi"],"rp":["ori","lor","leg","lte","ilor","-ti"]},"109":{"input":[1,3,4,6,7],"tlw":["fel",7250],"trw":["i-ar",1059],"lp":[],"rp":[]},"110":{"input":[2,3,4,6,7],"tlw":["cel",9164],"trw":["orice",4726],"lp":[],"rp":[]},"111":{"input":[1,2,3,4,6,7],"tlw":["astfel",4825],"lp":[],"rp":[]},"112":{"input":[5,6,7],"trp":["ul",257995],"trw":["lui",42818],"lp":[],"rp":["ul","lu","ui","lui","iu","nul","ulu","ului","lin","lul","inu","nui","uni","noi","iul","lun","iun","ho","unul","unui"]},"113":{"input":[1,5,6,7],"tlp":["zu",17502],"trp":["uz",18000],"tlw":["ziua",2202],"trw":["lua",3594],"lp":["zu","azu","auz","alu","anul","auzi","ziu","zul","alul"],"rp":["uz","lan","lua","nal","uzi","uia","inua","uza","inal","ula","onal"]},"114":{"input":[2,5,6,7],"tlp":["sul",13027],"trp":["usi",13886],"tlw":["solul",203],"trw":["insusi",1408],"lp":["sul","solu","snui","siu","siun","sulu"],"rp":["usi","insu","jul","onsi","jl","ijl","jlo","ijlo","nsul","isnu","lus","ius","isu","niso"]},"115":{"input":[1,2,5,6,7],"tlw":["salon",359],"trw":["nasul",473],"lp":[],"rp":[]},"116":{"input":[3,5,6,7],"tlp":["elu",10235],"trp":["uie",12750],"trw":["nu-i",6710],"lp":["elu","elul","elui","enul"],"rp":["uie","u-i","nu-i","nel","unei","ule","iune","nele","nile","nule","ley","u-l","len","nu-l","inel","unel"]},"117":{"input":[1,3,5,6,7],"tlw":["auzea",594],"trw":["n-ai",1802],"lp":[],"rp":[]},"118":{"input":[2,3,5,6,7],"tlw":["seldon",899],"trw":["nu-si",1718],"lp":[],"rp":[]},"119":{"input":[1,2,3,5,6,7],"tlw":["daneel",945],"trw":["indoiala",1534],"lp":[],"rp":[]},"120":{"input":[4,5,6,7],"tlp":["tul",54201],"trp":["ult",36980],"tlw":["totul",5658],"trw":["lungul",1158],"lp":["tul","bui","bil","tiu","bl","gin","tinu"],"rp":["ult","ing","uti","uit","into","ntul","utin","igu","ingu","uv","otul","itu","ulti"]},"121":{"input":[1,4,5,6,7],"tlw":["vazut",3775],"trw":["langa",4102],"lp":[],"rp":[]},"122":{"input":[2,4,5,6,7],"tlw":["stiu",5950],"trw":["ochii",6711],"lp":[],"rp":[]},"123":{"input":[1,2,4,5,6,7],"tlw":["atunci",10484],"lp":[],"rp":[]},"124":{"input":[3,4,5,6,7],"tlw":["trebuie",10427],"trw":["intr-o",7901],"lp":[],"rp":[]},"125":{"input":[1,3,4,5,6,7],"tlw":["vorba",4095],"trw":["legatura",2214],"lp":[],"rp":[]},"126":{"input":[2,3,4,5,6,7],"tlw":["sigur",2888],"trw":["lucru",5287],"lp":[],"rp":[]},"127":{"input":[1,2,3,4,5,6,7],"tlw":["singura",2707],"trw":["niciodata",5038],"lp":[],"rp":[]},"128":{"input":[8],"base":"p","baseshift":"P","trp":["pp",639],"trw":["p",1061],"lp":[],"rp":["pp"]},"129":{"input":[1,8],"base":"?","baseshift":"/","tlp":["ap",93968],"trp":["pa",161658],"tlw":["apa",3245],"trw":["pa",666],"lp":["ap","apa"],"rp":["pa","pap","papa"],"special":"punc"},"130":{"input":[2,8],"base":")","baseshift":"]","tlp":["sp",103043],"trp":["ps",4877],"lp":["sp"],"rp":["ps"],"special":"punc"},"131":{"input":[1,2,8],"tlp":["asp",12078],"trp":["pas",8637],"tlw":["apasa",575],"trw":["pas",1350],"lp":["asp","spa","sap","apas","aspa","aps","apsa","sapa"],"rp":["pas","pasa","psa"]},"132":{"input":[3,8],"base":"'","baseshift":"\"","tlp":["ep",52344],"trp":["pe",216440],"trw":["pe",110407],"lp":["ep","epe"],"rp":["pe"],"special":"punc"},"133":{"input":[1,3,8],"tlp":["ape",10151],"trp":["pea",1505],"tlw":["ape",142],"lp":["ape","epa","xp","exp","eap","xpe","expe","eapa","epea","a'","apea"],"rp":["pea","'a","pape"]},"134":{"input":[2,3,8],"tlp":["esp",14229],"trp":["pes",7355],"tlw":["spe",120],"trw":["pese",104],"lp":["esp","desp","spe","dep","eped","espe","d'","sep","depe","eps","edep","deps"],"rp":["pes","ped","pede","pse","pese","pses","'d"]},"135":{"input":[1,2,3,8],"tlp":["depa",6164],"trp":["pad",2363],"tlw":["da'",470],"trw":["pedeapsa",277],"lp":["depa","aspe","epas","d'a","dap","apad","adap","da'","espa","deap","spad","sepa","xped","eaps","dape","apes"],"rp":["pad","pada","pase","psea"]},"136":{"input":[4,8],"trp":["pt",44775],"lp":[],"rp":["pt"],"special":"bksp","base":"tp"},"137":{"input":[1,4,8],"tlp":["apt",16520],"trp":["pat",19529],"tlw":["fapt",2580],"trw":["pat",1592],"lp":["apt","fap","fapt","apta","tap","apat","tapa"],"rp":["pat","pta","ptat","pata"]},"138":{"input":[2,4,8],"tlp":["tsp",179],"trp":["pc",487],"lp":["tsp"],"rp":["pc","pts","ptsp"]},"139":{"input":[1,2,4,8],"tlp":["cap",19242],"trp":["pac",5660],"tlw":["cap",4694],"trw":["pacat",460],"lp":["cap","spat","capa","stap","sapt","scap","apac","apc","capc","apca"],"rp":["pac","past","paca","ptas","pca"]},"140":{"input":[3,4,8],"tlp":["ept",20779],"trp":["pr",175984],"tlw":["trepte",244],"trw":["perete",698],"lp":["ept","rep","rept","tep","tept","repe","rp","epte","rpr","epet","epr"],"rp":["pr","pre","per","pte","pet","pere","petr","pret","pete"]},"141":{"input":[1,3,4,8],"tlp":["apr",12184],"trp":["par",57159],"tlw":["repeta",897],"trw":["prea",8562],"lp":["apr","epta","apar","epar","apte","eapt","rap","reap","xper","xpr"],"rp":["par","part","pra","pare","prea","para","patr","pate","pera","ptea"]},"142":{"input":[2,3,4,8],"tlp":["spr",29330],"trp":["pest",6829],"tlw":["spre",12456],"trw":["peste",6431],"lp":["spr","spre","cep","espr","drep","step","spec","sper","resp","cept","cepe","ccep","spet","ecep"],"rp":["pest","pres","pec","pers","pect","prec"]},"143":{"input":[1,2,3,4,8],"tlw":["departe",3651],"trw":["parca",3176],"lp":[],"rp":[]},"144":{"input":[5,8],"base":"m","baseshift":"M","trp":["mp",55904],"trw":["m",611],"lp":[],"rp":["mp","mn","mm","pn","nm"]},"145":{"input":[1,5,8],"tlp":["am",164027],"trp":["ma",278091],"tlw":["am",32990],"trw":["ma",23028],"lp":["am","ama","aman","amn","amp","amna","apan"],"rp":["ma","man","pan","mana","pana","mna","pam","pama","mpa","mam","nap","mama","mpan"]},"146":{"input":[2,5,8],"tlp":["sm",3780],"trp":["nsp",2667],"lp":["sm"],"rp":["nsp","ms","nsm","jm"]},"147":{"input":[1,2,5,8],"tlp":["amas",5157],"trp":["mas",15541],"tlw":["sam",974],"trw":["masa",3415],"lp":["amas","sam","sma","sman","wm","wma","wman","ansp","ansm","ajm","ajma","asm","asam"],"rp":["mas","masa","maj","nspa","jma","paj","msw"]},"148":{"input":[3,5,8],"tlp":["em",62631],"trp":["me",133398],"tlw":["emmy",120],"trw":["pen",562],"lp":["em","eme","emn","emen","emp","emne","epen"],"rp":["me","pen","men","mne","mene","mpe","mem","nem","nep","my","mey","meye","meme"]},"149":{"input":[1,3,5,8],"tlp":["ame",19413],"trp":["mea",17220],"tlw":["amy",498],"trw":["mea",8040],"lp":["ame","eam","amen","eama","ema","emna","eamn","emea","eman","amne","xem","exem","xemp"],"rp":["mea","mnea","mane","max","pane","neam","mame"]},"150":{"input":[2,3,5,8],"tlp":["sem",11901],"trp":["med",6644],"tlw":["semn",1590],"trw":["mese",274],"lp":["sem","semn","seme","dem","dm","edem","demn","esem"],"rp":["med","mes","ndep","nsem","mese","mens","md","mped","mej","mejd","ndem","pend"]},"151":{"input":[1,2,3,5,8],"tlw":["seama",5586],"trw":["newman",723],"lp":[],"rp":[]},"152":{"input":[4,5,8],"tlp":["tm",1176],"trp":["mb",18560],"lp":["tm"],"rp":["mb","mt","mpt","ntm"]},"153":{"input":[1,4,5,8],"tlp":["tam",11107],"trp":["mat",12972],"tlw":["tam",65],"trw":["pamant",2358],"lp":["tam","tamp","amb","fam","tama","apab","atm","amba"],"rp":["mat","ntam","mba","mant","mata","ptam","pant","mnat","pab","mbat","mta","ptan"],"special":"numsym"},"154":{"input":[2,4,5,8],"tlp":["cm",3183],"trp":["mc",201],"lp":["cm"],"rp":["mc","mcn"]},"155":{"input":[1,2,4,5,8],"tlw":["cam",2462],"trw":["manca",317],"lp":[],"rp":[]},"156":{"input":[3,4,5,8],"tlp":["rm",42362],"trp":["pent",38307],"tlw":["tem",615],"trw":["merry",352],"lp":["rm","rem","tem","erm","reme","rme","term","trem"],"rp":["pent","mer","ment","mbr","mpr","mpre","met","mte","mbe","mere","ntem","perm"]},"157":{"input":[1,3,4,5,8],"tlw":["eram",2315],"trw":["mare",9405],"lp":[],"rp":[]},"158":{"input":[2,3,4,5,8],"tlw":["cemp",522],"trw":["mers",716],"lp":[],"rp":[]},"159":{"input":[1,2,3,4,5,8],"tlw":["camera",2871],"trw":["macar",2850],"lp":[],"rp":[]},"160":{"input":[6,8],"base":"!","baseshift":"|","trp":["pi",47365],"trw":["pi",147],"lp":[],"rp":["pi","ip","pii","ipi","pip","piii","ipp","ppi","pipp","ippi","ipii"],"special":"punc"},"161":{"input":[1,6,8],"tlp":["api",2966],"trp":["ipa",7902],"trw":["pai",991],"lp":["api","zap","zapa","aip"],"rp":["ipa","pia","pai","paz","paza","pipa","paia","ipai"]},"162":{"input":[2,6,8],"tlp":["spi",4099],"trp":["isp",6275],"lp":["spi","sip","sipi"],"rp":["isp","ips","psi","ipsi","pis","isip","pisi"]},"163":{"input":[1,2,6,8],"tlp":["spai",782],"trp":["ispa",2264],"trw":["pasi",1282],"lp":["spai","wisp","aisp"],"rp":["ispa","pasi","ipsa","pais","pias"]},"164":{"input":[3,6,8],"tlp":["epi",929],"trp":["pie",11267],"lp":["epi"],"rp":["pie","ipe","iep","piep","pipe","pei","ipei"]},"165":{"input":[1,3,6,8],"tlp":["epez",640],"trp":["pez",756],"tlw":["apei",412],"trw":["paie",113],"lp":["epez","apei"],"rp":["pez","pezi","paie","piez"]},"166":{"input":[2,3,6,8],"tlp":["disp",4472],"trp":["pid",1040],"trw":["piese",120],"lp":["disp","espi","depi","epis","eisp","dip","edip","epsi"],"rp":["pid","pied","ipse","ispe","pedi","pies","peis","pide","psei"]},"167":{"input":[1,2,3,6,8],"tlw":["zapada",443],"trw":["piesa",219],"lp":[],"rp":[]},"168":{"input":[4,6,8],"tlp":["tip",2064],"trp":["pit",3627],"tlw":["tip",589],"lp":["tip","tipi"],"rp":["pit","pti","ptii","ipit","piti","ipt","piv","ptit"]},"169":{"input":[1,4,6,8],"tlp":["apit",1785],"trp":["piat",2890],"tlw":["tipa",384],"trw":["piata",623],"lp":["apit","tipa","fip","fipt","tapi"],"rp":["piat","pita","pati","pav","ptia","ipat","pavi","ptz"]},"170":{"input":[2,4,6,8],"tlp":["cip",1891],"trp":["pic",7270],"tlw":["tipic",72],"trw":["pic",662],"lp":["cip","spit","cipi","cisp","scip","spic"],"rp":["pic","pici","psit","pist","pci","pisc","icip","pict","ipic"]},"171":{"input":[1,2,4,6,8],"tlw":["twisp",358],"trw":["pisica",266],"lp":[],"rp":[]},"172":{"input":[3,4,6,8],"tlp":["rip",1804],"trp":["pri",68428],"trw":["privi",2867],"lp":["rip","rpri","epti","ripi","tipe"],"rp":["pri","priv","peri","pier","prie","pir","iept","piri","iper","prii","prit","piet","ptie","prir","peti"]},"173":{"input":[1,3,4,6,8],"tlw":["aparitia",471],"trw":["privirea",2009],"lp":[],"rp":[]},"174":{"input":[2,3,4,6,8],"tlw":["spirit",395],"trw":["priveste",1176],"lp":[],"rp":[]},"175":{"input":[1,2,3,4,6,8],"tlw":["expresie",605],"trw":["paris",654],"lp":[],"rp":[]},"176":{"input":[5,6,8],"trp":["mi",133805],"trw":["imi",6836],"lp":[],"rp":["mi","im","min","imp","imi","nim","nimi","pin","him","hip","mii","mni","inim","mpi","imin","mini","impi","mpin","imii","hm"]},"177":{"input":[1,5,6,8],"tlp":["ami",12341],"trp":["mai",98477],"tlw":["amiaza",160],"trw":["mai",80029],"lp":["ami","amin","zam","anim","aim","aima"],"rp":["mai","ima","mina","main","nima","pina","mani","inap","pani","iam","impa","mia","miaz","hipa"]},"178":{"input":[2,5,6,8],"tlp":["sim",14730],"trp":["mis",9725],"tlw":["sim",169],"trw":["nisip",353],"lp":["sim","simp","smi","spin","smin","smis"],"rp":["mis","mij","imis","insp","mnis","psih","misi","pins","ism","nsmi","jim","nism","nspi","mik"]},"179":{"input":[1,2,5,6,8],"tlw":["spaima",491],"trw":["masina",2136],"lp":[],"rp":[]},"180":{"input":[3,5,6,8],"tlp":["emei",6102],"trp":["ime",17305],"trw":["mine",8864],"lp":["emei","emi","enim","emni","epin"],"rp":["ime","meni","mine","mei","imen","nime","mie","meie","impe","hem","mpie","hme","nemi","mnei","hmey"]},"181":{"input":[1,3,5,6,8],"tlw":["examina",267],"trw":["maine",960],"lp":[],"rp":[]},"182":{"input":[2,3,5,6,8],"tlw":["depinde",317],"trw":["mesei",432],"lp":[],"rp":[]},"183":{"input":[1,2,3,5,6,8],"tlw":["asemeni",170],"trw":["inseamna",2064],"lp":[],"rp":[]},"184":{"input":[4,5,6,8],"tlp":["tim",26063],"trp":["mit",11574],"tlw":["timp",11216],"trw":["mintii",377],"lp":["tim","timp","timi","bim"],"rp":["mit","mint","imt","imb","mti","imti","himb","imit","ntim","mbi","mv","mtit","imbi","miti","mbin","mnit"]},"185":{"input":[1,4,5,6,8],"tlw":["zambi",959],"trw":["pamint",327],"lp":[],"rp":[]},"186":{"input":[2,4,5,6,8],"tlw":["simti",2661],"trw":["nimic",9112],"lp":[],"rp":[]},"187":{"input":[1,2,4,5,6,8],"tlw":["stiam",937],"trw":["mica",2010],"lp":[],"rp":[]},"188":{"input":[3,4,5,6,8],"tlw":["vreme",4271],"trw":["prin",13288],"lp":[],"rp":[]},"189":{"input":[1,3,4,5,6,8],"tlw":["femeie",2003],"trw":["prima",3179],"lp":[],"rp":[]},"190":{"input":[2,3,4,5,6,8],"tlw":["trimis",946],"trw":["incepe",1001],"lp":[],"rp":[]},"191":{"input":[1,2,3,4,5,6,8],"tlw":["dimineata",2070],"trw":["imediat",2866],"lp":[],"rp":[]},"192":{"input":[7,8],"base":";","baseshift":":","trp":["po",78466],"trw":["po",250],"lp":[],"rp":["po","op","opo","pop","popo","ppo"],"special":"punc"},"193":{"input":[1,7,8],"tlp":["apo",15763],"trp":["poa",16012],"lp":["apo","apoa"],"rp":["poa","oap","opa","oapa","opoa"]},"194":{"input":[2,7,8],"tlp":["spo",1393],"trp":["pos",4845],"lp":["spo","sop"],"rp":["pos","osp","ppos","poso"]},"195":{"input":[1,2,7,8],"tlp":["apos",506],"trp":["oasp",820],"lp":["apos","soap"],"rp":["oasp","pow"]},"196":{"input":[3,7,8],"tlp":["eop",544],"trp":["ope",5829],"trw":["pe-o",124],"lp":["eop","epo","eopo"],"rp":["ope","pe-","poe","o'","pe-o","oep","-p","-po"]},"197":{"input":[1,3,7,8],"tlp":["eopa",329],"trp":["oape",5724],"lp":["eopa","eoap"],"rp":["oape","pa-","pa-a","pe-a","-ap","-apo"]},"198":{"input":[2,3,7,8],"tlp":["deop",448],"trp":["pod",1174],"trw":["pod",151],"lp":["deop","espo","depo"],"rp":["pod","pode","oped","o'd","'do","o'do","pose","podo","ospe"]},"199":{"input":[1,2,3,7,8],"trw":["podea",484],"lp":[],"rp":[]},"200":{"input":[4,7,8],"tlp":["top",280],"trp":["pot",14753],"trw":["pot",6200],"lp":["top","topo"],"rp":["pot","opt","pto","poto","opot"]},"201":{"input":[1,4,7,8],"trp":["poat",13885],"trw":["poata",1395],"lp":[],"rp":["poat","oapt","pof","pag","poft","opat","opag","paga"]},"202":{"input":[2,4,7,8],"tlp":["cop",12351],"trp":["post",1578],"tlw":["scop",481],"trw":["post",334],"lp":["cop","scop","sopt","stop"],"rp":["post","poc","opts"]},"203":{"input":[1,2,4,7,8],"tlw":["soapta",372],"trw":["ostap",497],"lp":[],"rp":[]},"204":{"input":[3,4,7,8],"tlp":["rop",9845],"trp":["pro",33227],"trw":["pro",584],"lp":["rop","ropr","torp","ropo"],"rp":["pro","por","prop","port","opr","oper","potr","orp","preg","opor","prot","preo","opre","pote","prog","poet"]},"205":{"input":[1,3,4,7,8],"tlw":["aproape",5419],"trw":["poate",12490],"lp":[],"rp":[]},"206":{"input":[2,3,4,7,8],"tlw":["corp",515],"trw":["prost",652],"lp":[],"rp":[]},"207":{"input":[1,2,3,4,7,8],"tlw":["castorp",852],"trw":["profesor",467],"lp":[],"rp":[]},"208":{"input":[5,7,8],"trp":["pu",141518],"trw":["om",4434],"lp":[],"rp":["pu","um","mu","om","up","mo","pun","num","omn","mun","mnu","umn","omnu","mpo","mpu","mom","omu","upu","omp","umu"]},"209":{"input":[1,5,7,8],"tlp":["apu",6837],"trp":["upa",22884],"trw":["puna",1094],"lp":["apu","anum","amu"],"rp":["upa","uma","oam","numa","moa","oma","oamn","noap","puna","oman","manu","napo","uman","umoa","ompa","mau","umpa"]},"210":{"input":[2,5,7,8],"tlp":["spu",46684],"trp":["pus",30635],"tlw":["spus",7687],"trw":["pus",1846],"lp":["spu","spun","spus","sup","supu","smu","sum","som","somn"],"rp":["pus","puns","mos","jum","mus","umos","mons","usm","opus","mpos","upus"]},"211":{"input":[1,2,5,7,8],"tlw":["spuna",1588],"trw":["pusa",270],"lp":[],"rp":[]},"212":{"input":[3,5,7,8],"tlp":["epu",10511],"trp":["ume",17000],"trw":["meu",6128],"lp":["epu","emu","emo","e-m"],"rp":["ume","pune","-m","m-","ome","omen","umne","nume","meu","mome","u-m","nu-m","upe","umen","unem","pome"]},"213":{"input":[1,3,5,7,8],"tlw":["anume",1489],"trw":["m-am",5385],"lp":[],"rp":[]},"214":{"input":[2,3,5,7,8],"tlw":["spuse",11543],"trw":["mod",2741],"lp":[],"rp":[]},"215":{"input":[1,2,3,5,7,8],"tlw":["dupa",19290],"trw":["m-as",588],"lp":[],"rp":[]},"216":{"input":[4,5,7,8],"tlp":["gm",4573],"trp":["put",44011],"tlw":["tom",831],"trw":["putut",3710],"lp":["gm","gmu","gmun","tum","tom","gom","gomo"],"rp":["put","ptu","putu","mot","upt","mpot","umb","pub","munt","omot","nopt","mut","omb"]},"217":{"input":[1,4,5,7,8],"tlw":["fum",415],"trw":["muta",298],"lp":[],"rp":[]},"218":{"input":[2,4,5,7,8],"tlw":["cum",21263],"trw":["punct",1203],"lp":[],"rp":[]},"219":{"input":[1,2,4,5,7,8],"tlw":["acum",14119],"trw":["munca",1233],"lp":[],"rp":[]},"220":{"input":[3,4,5,7,8],"tlw":["grup",794],"trw":["pentru",38307],"lp":[],"rp":[]},"221":{"input":[1,3,4,5,7,8],"tlw":["forma",2036],"trw":["putea",12961],"lp":[],"rp":[]},"222":{"input":[2,3,4,5,7,8],"tlw":["drum",2045],"trw":["precum",1277],"lp":[],"rp":[]},"223":{"input":[1,2,3,4,5,7,8],"tlw":["asupra",4961],"trw":["jumatate",2548],"lp":[],"rp":[]},"224":{"input":[6,7,8],"trp":["pl",51269],"trw":["lipi",125],"lp":[],"rp":["pl","poi","pli","opi","lip","pil","pol","poli","opii","opil","plo","ipl","lipi","lop","piil","ilip","ipo","lp","opol","ipil"]},"225":{"input":[1,6,7,8],"tlp":["apoi",14490],"trp":["pla",21202],"tlw":["apoi",11964],"trw":["ploaia",308],"lp":["apoi","apl","alp","apli","alpi","aipo"],"rp":["pla","lipa","pal","poz","pozi","opia","pala","ipal","pali","ploa","pila","lap","poal","ploz"]},"226":{"input":[2,6,7,8],"tlp":["spl",128],"trp":["posi",2885],"trw":["lipsi",96],"lp":["spl","spio"],"rp":["posi","lips","ispo","oisp","ipos"]},"227":{"input":[1,2,6,7,8],"tlw":["spala",165],"trw":["lipsa",702],"lp":[],"rp":[]},"228":{"input":[3,6,7,8],"tlp":["epl",2223],"trp":["ple",12048],"trw":["piele",586],"lp":["epl","epli","elep"],"rp":["ple","opie","pel","piel","iple","lep","lipe","pele","lope","pile","pelo","ipel","pleo","ople","lpe","opei","i-p"]},"229":{"input":[1,3,6,7,8],"tlw":["apele",237],"trw":["pielea",663],"lp":[],"rp":[]},"230":{"input":[2,3,6,7,8],"tlw":["spele",82],"trw":["leopold",96],"lp":[],"rp":[]},"231":{"input":[1,2,3,6,7,8],"tlw":["deplasa",142],"trw":["pilda",452],"lp":[],"rp":[]},"232":{"input":[4,6,7,8],"tlp":["topi",144],"trp":["poti",3337],"tlw":["topi",76],"trw":["poti",3337],"lp":["topi","gip","gipt"],"rp":["poti","pov","opti","plit","pito","ptil","ipot","opit","poit"]},"233":{"input":[1,4,6,7,8],"tlw":["filip",379],"trw":["pozitia",504],"lp":[],"rp":[]},"234":{"input":[2,4,6,7,8],"tlw":["copii",1305],"trw":["lipsit",548],"lp":[],"rp":[]},"235":{"input":[1,2,4,6,7,8],"tlw":["clipa",4697],"trw":["politica",737],"lp":[],"rp":[]},"236":{"input":[3,4,6,7,8],"trw":["opri",1970],"lp":[],"rp":[]},"237":{"input":[1,3,4,6,7,8],"tlw":["apropie",1375],"trw":["propria",852],"lp":[],"rp":[]},"238":{"input":[2,3,4,6,7,8],"tlw":["clipe",748],"trw":["plece",755],"lp":[],"rp":[]},"239":{"input":[1,2,3,4,6,7,8],"tlw":["spatele",2337],"trw":["picioare",2645],"lp":[],"rp":[]},"240":{"input":[5,6,7,8],"trp":["mul",40796],"trw":["omul",2345],"lp":[],"rp":["mul","pul","mpl","lum","umi","mnul","lumi","impo","mil","umin","plu","impu","impl","plin","mpul","lim","mili","imu","mplu","imul"],"special":"enter"},"241":{"input":[1,5,6,7,8],"trw":["numai",8412],"lp":[],"rp":[]},"242":{"input":[2,5,6,7,8],"tlw":["simplu",2223],"trw":["plus",1041],"lp":[],"rp":[]},"243":{"input":[1,2,5,6,7,8],"tlw":["simpla",704],"trw":["psihanaliza",445],"lp":[],"rp":[]},"244":{"input":[3,5,6,7,8],"trw":["mele",3338],"lp":[],"rp":[]},"245":{"input":[1,3,5,6,7,8],"tlw":["exemplu",767],"trw":["oameni",4178],"lp":[],"rp":[]},"246":{"input":[2,3,5,6,7,8],"tlw":["domnule",3620],"trw":["limpede",719],"lp":[],"rp":[]},"247":{"input":[1,2,3,5,6,7,8],"tlw":["sa-mi",4566],"trw":["mesajul",279],"lp":[],"rp":[]},"248":{"input":[4,5,6,7,8],"tlw":["timpul",4000],"trw":["mult",13114],"lp":[],"rp":[]},"249":{"input":[1,4,5,6,7,8],"tlw":["faptul",2300],"trw":["multa",2401],"lp":[],"rp":[]},"250":{"input":[2,4,5,6,7,8],"tlw":["chipul",1320],"trw":["mijlocul",1212],"lp":[],"rp":[]},"251":{"input":[1,2,4,5,6,7,8],"tlw":["capul",3813],"trw":["placut",782],"lp":[],"rp":[]},"252":{"input":[3,4,5,6,7,8],"tlw":["trupul",1201],"trw":["multe",4923],"lp":[],"rp":[]},"253":{"input":[1,3,4,5,6,7,8],"tlw":["ti-am",981],"trw":["probabil",2719],"lp":[],"rp":[]},"254":{"input":[2,3,4,5,6,7,8],"tlw":["sigmund",4378],"trw":["inceput",3590],"lp":[],"rp":[]},"255":{"input":[1,2,3,4,5,6,7,8],"tlw":["dumneavoastra",3116],"trw":["pardaillan",1106],"lp":[],"rp":[]}}