{"0":{"value":0,"notes":["Developer : Zack Dennis (zack@asetniop.com)","Date : 12/12/2014","All code (c) 2014 Pointesa, LLC all rights reserved","Abbreviations :    ","tlp = top left partial","lp = left partials","trp = top right partial","rp = right partials","tlw = top left word","lw = left words","trw = top right word","rw = right words"]},"1":{"input":[1],"base":"a","baseshift":"A","tlp":["aa",697],"tlw":["a",9529],"lp":["aa"],"rp":[]},"2":{"input":[2],"base":"s","baseshift":"S","tlp":["ss",67011],"tlw":["s",3622],"lp":["ss"],"rp":[]},"3":{"input":[1,2],"base":"w","baseshift":"W","tlp":["sa",278948],"tlw":["sa",80180],"lp":["sa","as","ssa","ass","wa","assa","asa","was","sas","aw","ww","awa","sw","www","ws","swa","swas","wass","sass","saa"],"rp":[]},"4":{"input":[3],"base":"e","baseshift":"E","tlp":["ee",6371],"tlw":["e",4153],"lp":["ee"],"rp":[]},"5":{"input":[1,3],"base":"x","baseshift":"X","tlp":["ex",11230],"tlw":["ae",267],"lp":["ex","ea","ax","ae","xe","xa","exe","exa","axe","axa"],"rp":[]},"6":{"input":[2,3],"base":"d","baseshift":"D","tlp":["de",849873],"tlw":["de",70970],"lp":["de","ed","se","es","des","dd","ess","sed","dde","ds","sse","dess","ede","edd","esse","edde","ese","see","eds","ses"],"rp":[]},"7":{"input":[1,2,3],"tlp":["ad",298347],"tlw":["da",17349],"lp":["ad","ade","da","eda","sad","ada","seda","sade","ades","add","sada","dda","dad","we","essa","dade","ase","sex","ew","esa"],"rp":[]},"8":{"input":[4],"base":"t","baseshift":"T","tlp":["tt",430036],"tlw":["t",873],"lp":["tt"],"rp":[]},"9":{"input":[1,4],"base":"f","baseshift":"F","tlp":["at",420129],"tlw":["att",208516],"lp":["at","ta","att","fa","ft","tta","atta","af","ff","ata","tat","fat","fatt","aff","ffa","affa","aft","tf","fta","tfa"],"rp":[]},"10":{"input":[2,4],"base":"c","baseshift":"C","tlp":["st",283811],"tlw":["c",718],"lp":["st","ts","sst","sc","ct","cc","tst","tc","tts","cts","cs","sts","tss","css","stst","stt"],"rp":[]},"11":{"input":[1,2,4],"tlp":["sta",95542],"tlw":["satt",11381],"lp":["sta","ast","sat","ac","satt","tsa","asta","ats","ca","tsat","tac","fas","fast","stat","tas","ssta","stas","tast","sats","stac"],"rp":[]},"12":{"input":[3,4],"base":"r","baseshift":"R","tlp":["et",462362],"tlw":["ett",56585],"lp":["et","er","te","re","ter","rt","tr","ett","tte","rr","tre","ete","ret","tet","rre","tter","ert","eter","ere","ttr"],"rp":[]},"13":{"input":[1,3,4],"tlp":["ar",760793],"tlw":["ar",85841],"lp":["ar","ra","fr","ara","fra","are","era","ef","rat","fte","art","fter","tar","eft","efte","far","tra","ratt","fe","atte"],"rp":[]},"14":{"input":[2,3,4],"tlp":["det",223222],"tlw":["det",200915],"lp":["det","rs","dr","rd","der","ste","rde","rst","ers","est","res","red","str","ser","ec","ce","set","ster","rts","ters"],"rp":[]},"15":{"input":[1,2,3,4],"tlp":["dar",44203],"tlw":["dar",26310],"lp":["dar","rad","dra","tad","tade","rade","aste","rsta","ars","ttad","ras","erad","ard","star","sar","esta","reda","dare","stra","dera"],"rp":[]},"16":{"input":[5],"base":"n","baseshift":"N","trp":["nn",152794],"trw":["n",1184],"lp":[],"rp":["nn"]},"17":{"input":[1,5],"base":"q","baseshift":"Q","tlp":["an",778026],"trp":["na",315512],"tlw":["an",15455],"trw":["nan",1595],"lp":["an","ann","anna","ana","anan","aan","aana","aq"],"rp":["na","nna","nan","nnan","nq","nana"]},"18":{"input":[2,5],"base":"j","baseshift":"J","tlp":["sj",21534],"trp":["ns",134271],"trw":["j",959],"lp":["sj","sn","ssn","sjn"],"rp":["ns","nns","nss","nj","jn","js"]},"19":{"input":[1,2,5],"tlp":["ans",66128],"trp":["ja",200724],"tlw":["san",954],"trw":["ja",6931],"lp":["ans","san","sja","sna","anns","sann","ssna","ansa","anss","aj","ssan"],"rp":["ja","nas","nsa","jan","nnas","jans","jana","nja","nans"]},"20":{"input":[3,5],"base":"y","baseshift":"Y","tlp":["en",686772],"trp":["ne",122568],"tlw":["en",141247],"trw":["ny",2216],"lp":["en","enn","enne","ene","een","ey","enen","enny"],"rp":["ne","nne","nen","ny","yn","nnen","ye","yne","nny","ynn","ynen","ynne"]},"21":{"input":[1,3,5],"tlp":["ena",17736],"trp":["ya",3990],"tlw":["ena",2504],"trw":["nya",3694],"lp":["ena","anne","ane","enna","ay","aen","any","anen","xan","exan","ean","xen","xn","xna","enq"],"rp":["ya","nya","yx","yea","nea"]},"22":{"input":[2,3,5],"tlp":["den",113774],"trp":["nd",217577],"tlw":["den",78914],"trw":["nej",5908],"lp":["den","sen","ens","ej","end","sy","dn","ende","dj"],"rp":["nd","nde","je","ys","nes","nnes","yd","nden","nej","jd","nse"]},"23":{"input":[1,2,3,5],"tlp":["and",132309],"trp":["nda",24974],"tlw":["sedan",13315],"trw":["new",1697],"lp":["and","ande","dan","edan","anda","sena","adan","enda","aden","anad","ensa","enas","aend","anse"],"rp":["nda","nad","nade","jad","jade","ndan"]},"24":{"input":[4,5],"base":"b","baseshift":"B","tlp":["bb",13062],"trp":["nt",180386],"tlw":["b",734],"lp":["bb","tn","ttn","bt","bbt","tb"],"rp":["nt","nb","ntn","ntb"]},"25":{"input":[1,4,5],"tlp":["ba",80692],"trp":["nat",22606],"tlw":["annat",5472],"trw":["nat",1860],"lp":["ba","tan","ant","fan","anta","fann","ab","ban","abb","anf","bat","bba","tna"],"rp":["nat","nta","nf","nnat","nab","nabb","natt"]},"26":{"input":[2,4,5],"tlp":["tj",8505],"trp":["nst",17861],"tlw":["bbc",225],"lp":["tj","bj","bs","stn","sb","sjt","stj","sjtj","tsn","ttj","bc","bbc","stb"],"rp":["nst","nc","jt","nts","jtj","nsc","nstn"]},"27":{"input":[1,2,4,5],"tlp":["stan",20169],"trp":["nast",10284],"tlw":["fanns",8575],"trw":["nastan",4851],"lp":["stan","bas","snab","anst","sant","bast","tja","tans","stna","tjan","bac","can","abs","snac"],"rp":["nast","nsta","jat","nac","jac","ntas"]},"28":{"input":[3,4,5],"tlp":["be",75593],"trp":["nte",109829],"tlw":["be",2398],"trw":["ner",9674],"lp":["be","rn","ten","br","ty","ent","ren","ry","ern","ber","bet","rb"],"rp":["nte","ner","yt","ytt","yr","nner","ntr","net"]},"29":{"input":[1,3,4,5],"tlp":["ran",60950],"trp":["nar",65863],"tlw":["fran",27093],"trw":["nar",38189],"lp":["ran","rna","bar","fran","arn","bara","arna","erna","bra","aran","aren","enar","barn","bera","arb","fy","arbe","beta"],"rp":["nar","nare"]},"30":{"input":[2,3,4,5],"tlp":["rj",17958],"trp":["yc",35067],"tlw":["tyst",1977],"lp":["rj","bes","tyc","sten","tys","tyd","dern","ryc","tryc","best","tyst","rden","rje","cen"],"rp":["yc","nder","ndr","yst","ndet","jer"]},"31":{"input":[1,2,3,4,5],"tlw":["andra",13622],"lp":[],"rp":[]},"32":{"input":[6],"base":"i","baseshift":"I","trp":["ii",1872],"trw":["i",182908],"lp":[],"rp":["ii","iii"]},"33":{"input":[1,6],"base":"z","baseshift":"Z","tlp":["ai",2800],"trp":["ia",13569],"tlw":["ai",142],"trw":["ia",109],"lp":["ai","za","zi","az","zia","azi","zz","zzi","zza"],"rp":["ia","iz","iza","izz","izza","izi"]},"34":{"input":[2,6],"base":"k","baseshift":"K","tlp":["sk",180550],"trp":["is",102522],"trw":["is",3657],"lp":["sk","si","ski","sik","sis","ssi","sisk","ssis"],"rp":["is","ik","isk","ks","ki","iss","iks","kis","isi","iki","kisk","kss"]},"35":{"input":[1,2,6],"tlp":["ak",74294],"trp":["ka",235111],"tlw":["ska",12542],"trw":["kaka",73],"lp":["ak","ska","sak","aka","wi","ask","skak","asi","aska","aks","aki"],"rp":["ka","ika","ksa","iska","isa","kas","issa","kak","kaka"]},"36":{"input":[3,6],"base":",","baseshift":"<","tlp":["ei",3018],"trp":["ie",21160],"tlw":["ei",236],"trw":["ie",545],"lp":["ei","eii","eiie"],"rp":["ie","iie"],"special":"punc"},"37":{"input":[1,3,6],"tlp":["xi",1347],"trp":["ix",677],"tlw":["xii",198],"trw":["iae",103],"lp":["xi","ez","axi","exi","ezi","ezia","eiz","ze","xii","eza","aie","zie","zzie","eizi"],"rp":["ix","ixa","iae"]},"38":{"input":[2,3,6],"tlp":["di",49953],"trp":["ke",99121],"tlw":["skedde",390],"trw":["ide",614],"lp":["di","ek","ske","sid","dis","disk","sek","edi","esk","dsk","die"],"rp":["ke","id","ide","idi","ike","ise","idd","isse","iske"]},"39":{"input":[1,2,3,6],"tlp":["ake",15029],"trp":["kad",24793],"tlw":["sida",1628],"trw":["kikade",168],"lp":["ake","sake","sida","eka","skad","adi","akad","ekad","dska","xak","exak"],"rp":["kad","kade","ida","isad","idda","kada","kae","ikae","ikad"]},"40":{"input":[4,6],"base":"v","baseshift":"V","tlp":["ti",221703],"trp":["it",120245],"tlw":["vi",40006],"trw":["it",2563],"lp":["ti","vi","tv","vit","tit","titt","tvi","vt","tiv","tti","vitt","tivt","viv"],"rp":["it","itt","iv","ivi","iti","ivit","ivt"]},"41":{"input":[1,4,6],"tlp":["va",353292],"trp":["itta",13428],"tlw":["av",76117],"trw":["if",757],"lp":["va","av","fi","ati","tva","vat","vatt","ava","avi","tav","ativ","vita","via","tia","tati"],"rp":["itta","if","iva","ita","ift"]},"42":{"input":[2,4,6],"tlp":["ck",135164],"trp":["kt",95132],"tlw":["sitt",8546],"trw":["its",666],"lp":["ck","sv","vis","sit","cks","ci","sti","sitt","viss","tis","ckt","tisk"],"rp":["kt","ic","ick","kv","ikt","kti","ist","isst"]},"43":{"input":[1,2,4,6],"tlp":["cka",27505],"trp":["kva",11609],"tlw":["fick",13643],"lp":["cka","sva","akt","ack","fic","fick","cksa","akti","tack","visa","acka","avs","tak","akta","fak"],"rp":["kva","icka","kta","kat","ista"]},"44":{"input":[3,4,6],"tlp":["ri",112888],"trp":["ite",18519],"tlw":["vet",9572],"trw":["iver",119],"lp":["ri","ve","ver","ev","vet","rit","eri","rv","riv","rti","rev","eve","erv","vr","rie","tri"],"rp":["ite","ir","ive","ivet"]},"45":{"input":[1,3,4,6],"tlp":["var",212597],"trp":["ifr",5093],"tlw":["var",117709],"lp":["var","vara","ari","vari","ave","arit","vart","rva","varf","vare","arti","rav","ria","veta","fri","eva","rati","riva"],"rp":["ifr","ifra"]},"46":{"input":[2,3,4,6],"tlp":["rk",39613],"trp":["kr",38960],"tlw":["vid",15758],"lp":["rk","tid","cke","vid","rik","cket","skr","erk","dri","verk","sve","ckte","tidi","ris","ekt"],"rp":["kr","kte","ker","ket","kri"]},"47":{"input":[1,2,3,4,6],"tlw":["vad",23975],"trw":["kvar",4233],"lp":[],"rp":[]},"48":{"input":[5,6],"base":"h","baseshift":"H","trp":["in",374950],"trw":["in",24928],"lp":[],"rp":["in","ni","inn","nin","hi","nni","ih","nh","hin","ini","nnin","hn","hinn","hnn","inni","ninn","inh","nih","ihi","nihi"]},"49":{"input":[1,5,6],"tlp":["anni",10319],"trp":["ha",405073],"tlw":["ah",652],"trw":["han",135757],"lp":["anni","ani","anin","ah","anh","ain","aha","anha"],"rp":["ha","han","ina","inna","hann","ian","nha","iha","nhan","nina","naz","nazi"]},"50":{"input":[2,5,6],"tlp":["sin",33457],"trp":["nk",33920],"tlw":["sin",19809],"trw":["his",717],"lp":["sin","sh"],"rp":["nk","nsk","kn","ins","nis","nsi","inns","hj","nisk","nnis","his","nsik","nik","kni","kh","kin","nnik","kj"]},"51":{"input":[1,2,5,6],"tlp":["ank",24052],"trp":["kan",66516],"tlw":["sina",10070],"trw":["hans",21333],"lp":["ank","ansk","sina","anka","ansi","zj","akn","akna","wh","skan"],"rp":["kan","hans","kans","nska","kna","kann","nka","hja","has","nika"]},"52":{"input":[3,5,6],"tlp":["eh",10650],"trp":["he",119485],"tlw":["eh",118],"trw":["henne",15609],"lp":["eh","enh","enhe","eni","enin","enni"],"rp":["he","hen","henn","inne","ien","nhe","ine","hy","nie","hey","neh","nneh","hei","nnie"]},"53":{"input":[1,3,5,6],"tlp":["eha",2865],"trp":["neha",654],"tlw":["annie",246],"lp":["eha","anie","ehan","anhe","enha","xin","axin","eani"],"rp":["neha","hea","hay","iane","hae","ynha","hane"]},"54":{"input":[2,3,5,6],"tlp":["dni",7195],"trp":["ken",21208],"tlw":["din",3500],"trw":["hennes",10942],"lp":["dni","dnin","ensk","din","sky","enk","edni","enke"],"rp":["ken","nske","nke","ind","iden","ky","ysk","ndi","isen","yk","iken","inde"]},"55":{"input":[1,2,3,5,6],"tlw":["sidan",3037],"trw":["hade",75973],"lp":[],"rp":[]},"56":{"input":[4,5,6],"tlp":["th",42119],"trp":["int",110738],"tlw":["bit",873],"trw":["hit",1552],"lp":["th","bi","vin","tin","vinn","tni","tnin","thi","vb","ttni"],"rp":["int","nti","hit","ntin","nv","hitt","ib","nit","ith","nnit"]},"57":{"input":[1,4,5,6],"tlp":["van",36400],"trp":["hat",6563],"tlw":["that",4254],"trw":["haft",3590],"lp":["van","fin","finn","vant","tha","that","vann","anv","anva","vana","vani"],"rp":["hat","nva","haf","haft","inf","nvan","hav","hant","nati"]},"58":{"input":[2,4,5,6],"tlp":["ch",278681],"trp":["nkt",10498],"tlw":["this",1111],"trw":["nick",290],"lp":["ch","vj","ckh","sch","stin","ckn","this","svin","tch"],"rp":["nkt","kvin","inst","nic","nick","hist","nsv","nist","nsti","ich","nsiv"]},"59":{"input":[1,2,4,5,6],"tlw":["finns",6035],"trw":["kvinna",2323],"lp":[],"rp":[]},"60":{"input":[3,4,5,6],"tlp":["the",26354],"trp":["inte",103570],"tlw":["the",18662],"trw":["inte",98723],"lp":["the","rin","ven","beh","rh","enti","bri","ther","erh","rhe","rhet","erin"],"rp":["inte","het","hete","her","intr","iten","nhet","hr"]},"61":{"input":[1,3,4,5,6],"tlw":["aven",6437],"trw":["har",67488],"lp":[],"rp":[]},"62":{"input":[2,3,4,5,6],"tlw":["tiden",4874],"lp":[],"rp":[]},"63":{"input":[1,2,3,4,5,6],"tlw":["tankte",6155],"trw":["kanner",3200],"lp":[],"rp":[]},"64":{"input":[7],"base":"o","baseshift":"O","trp":["oo",2318],"trw":["o",784],"lp":[],"rp":["oo"]},"65":{"input":[1,7],"base":"(","baseshift":"[","tlp":["ao",454],"trp":["oa",4643],"lp":["ao"],"rp":["oa"],"special":"punc"},"66":{"input":[2,7],"base":".","baseshift":">","tlp":["so",206463],"trp":["os",36642],"tlw":["so",864],"trw":["oss",8697],"lp":["so","sso","soo"],"rp":["os","oss","oso","osso"],"special":"punc"},"67":{"input":[1,2,7],"tlp":["wo",2187],"trp":["ow",2946],"tlw":["wow",58],"lp":["wo","aso","asso","saso","aos","woo","wow","sao"],"rp":["ow","osa","ossa","ows","owa"]},"68":{"input":[3,7],"base":"-","baseshift":"_","tlp":["eo",2376],"trp":["oe",2841],"trw":["-",1201],"lp":["eo"],"rp":["oe","-o","-e"],"special":"punc"},"69":{"input":[1,3,7],"tlp":["xo",397],"trp":["ox",399],"lp":["xo","a-"],"rp":["ox","-a","oxe"]},"70":{"input":[2,3,7],"tlp":["do",35235],"trp":["od",40189],"tlw":["dod",2129],"trw":["ode",316],"lp":["do","dod","eso","edo","sod","sode","esso","dode","doe","does","dsso","dods"],"rp":["od","ode","odd","odde","ose","ods","ood","oes"]},"71":{"input":[1,2,3,7],"tlp":["doda",2068],"trp":["oda",5346],"tlw":["doda",1277],"lp":["doda","ado","sado","dow","easo","dosa","wood"],"rp":["oda","oad","odad","owe","oade","odda"]},"72":{"input":[4,7],"base":"g","baseshift":"G","tlp":["to",90775],"trp":["ot",87066],"tlw":["tog",9006],"trw":["otto",257],"lp":["to","go","gt","got","gg","tog","gott","tto","tot","tg","tott"],"rp":["ot","og","ott","ogo","oto","ogt","otto","otog","ogg"]},"73":{"input":[1,4,7],"tlp":["ag",317285],"trp":["of",22543],"tlw":["ga",7744],"trw":["of",10904],"lp":["ag","fo","ga","ago","aga","agot","tag","gat","agg","agt","gga","gatt","fot","agga"],"rp":["of","oft","off","ota","ofta","oga"]},"74":{"input":[2,4,7],"tlp":["sto",40954],"trp":["oc",289376],"tlw":["sot",305],"trw":["ost",163],"lp":["sto","gs","co","gst","toc","stoc","soc","stot","sog","sot","sogo","togs","gts"],"rp":["oc","ost","ots","ogs","ogst","otst","osc"]},"75":{"input":[1,2,4,7],"tlp":["sag",35425],"trp":["osta",1492],"tlw":["sag",13608],"trw":["oftast",553],"lp":["sag","saga","ags","sagt","gas","gast","gsa","sof","aco","soff","asto","sags","gsta","stag","ggas","agas","two"],"rp":["osta","otsa","osca"]},"76":{"input":[3,4,7],"tlp":["ge",165737],"trp":["or",421801],"tlw":["gor",5705],"trw":["or",1673],"lp":["ge","ro","gr","ger","tor","eg","tro","gor","rg","get","ror","ege","gre","rot"],"rp":["or","ort","ore","orr","org","orre"]},"77":{"input":[1,3,4,7],"tlp":["for",206825],"trp":["ora",29125],"tlw":["for",86020],"lp":["for","gar","age","gra","rag","fort","frag","agr","raga","agra","gora","ager","rfo","rfor","fore","arfo","gare","agar","tora"],"rp":["ora"]},"78":{"input":[2,3,4,7],"tlp":["rso",20201],"trp":["ors",42598],"tlw":["stod",7497],"trw":["ord",2401],"lp":["rso","stor","erso","tod","stod","gd","dor","rod","gde","ros","dro","dorr","rost","sor"],"rp":["ors","ord","orde","orst","orso","orts"]},"79":{"input":[1,2,3,4,7],"tlw":["sager",8656],"lp":[],"rp":[]},"80":{"input":[5,7],"base":"u","baseshift":"U","trp":["on",215270],"trw":["nu",20433],"lp":[],"rp":["on","un","no","nu","ono","unn","ou","nno","nnu","onn","non","oun","oon","onnu","nou"]},"81":{"input":[1,5,7],"tlp":["au",4722],"trp":["unna",7691],"tlw":["annu",3706],"lp":["au","annu","anno","ano","qu","anu","anua","anon","aou"],"rp":["unna","ua","ona","oan","nua","onna","una","oona","nqu","oann","uan"]},"82":{"input":[2,5,7],"tlp":["son",18325],"trp":["ju",46060],"tlw":["son",1353],"trw":["ju",10993],"lp":["son","su","sson","sju","ssu","sjo","sjon","sjun"],"rp":["ju","jo","us","oj","ons","jus","jon","nsso","uss","jun","jou","noj"]},"83":{"input":[1,2,5,7],"tlp":["aus",996],"trp":["usa",2823],"tlw":["sonja",276],"trw":["usa",1340],"lp":["aus","sona","wou","susa","ajo","ason"],"rp":["usa","oja","now","joa","own","janu","usan","onsa","onja","jua","jusa","ojan","nown","joan"]},"84":{"input":[3,5,7],"tlp":["eno",11644],"trp":["one",21213],"tlw":["eu",207],"trw":["you",1411],"lp":["eno","eu","eun","enou","enu"],"rp":["one","onen","yo","ue","you","unne","oen","une","n-","ony","oy","neu","y-","yon","nony"]},"85":{"input":[1,3,5,7],"tlp":["xu",643],"trp":["ux",939],"tlw":["anyone",56],"lp":["xu","exu","xue","exue","enqu","que","xua","exua","ann-","anyo"],"rp":["ux","uxn","uxna","yxo","uxe","uxen","na-","nna-","oxen","oya"]},"86":{"input":[2,3,5,7],"tlp":["du",45128],"trp":["und",57348],"tlw":["du",40597],"trw":["nojd",538],"lp":["du","essu","sone","dju","esu","don"],"rp":["und","unde","ud","use","ude","jud","ond","ojd","ojde","ndo","jude","nod","usen","oend"]},"87":{"input":[1,2,3,5,7],"tlw":["down",202],"trw":["undan",1747],"lp":[],"rp":[]},"88":{"input":[4,5,7],"tlp":["bo",46434],"trp":["ng",167442],"tlw":["but",1259],"trw":["ut",23705],"lp":["bo","gon","tu","gn","ton","tun","gu","bu"],"rp":["ng","ut","ob","ung","ont","ug","ogon","ngt","unt","obb","uto","nog"]},"89":{"input":[1,4,5,7],"tlp":["ang",59439],"trp":["nag",48054],"tlw":["gang",6284],"trw":["nagot",17486],"lp":["ang","gan","agon","gang","anga","fu","gna","fon","angt","anfo","fun","atu"],"rp":["nag","nago","nga","uta","utan","nfo","natu","uf"]},"90":{"input":[2,4,5,7],"tlp":["gj",14385],"trp":["ust",11850],"tlw":["tjugo",984],"trw":["just",6345],"lp":["gj","gjo","stu","sut","stun","ssut","suto","gons","ston","bjo"],"rp":["ust","job","onst","just","ngs","jobb","uc","uts","jut","jug"]},"91":{"input":[1,2,4,5,7],"tlw":["sang",726],"trw":["jag",133333],"lp":[],"rp":[]},"92":{"input":[3,4,5,7],"tlp":["gen",96318],"trp":["nge",54194],"tlw":["bort",5520],"trw":["ur",6494],"lp":["gen","ru","bor","geno","run","bort","bro","egen","gent","tur"],"rp":["nge","ur","ngen","yg","ngr","ute","nor","orn","nger","unge"]},"93":{"input":[1,3,4,5,7],"tlw":["gangen",3207],"trw":["nagra",10760],"lp":[],"rp":[]},"94":{"input":[2,3,4,5,7],"tlw":["gjorde",8777],"trw":["under",14292],"lp":[],"rp":[]},"95":{"input":[1,2,3,4,5,7],"tlw":["borjade",6021],"trw":["undrade",1668],"lp":[],"rp":[]},"96":{"input":[6,7],"base":"l","baseshift":"L","trp":["ll",353262],"trw":["ol",691],"lp":[],"rp":["ll","li","il","ill","ol","lo","io","oli","oll","lli","ili","lil","lill","olo","illi","ilo","llo","oi","lio","ool"]},"97":{"input":[1,6,7],"tlp":["al",238639],"trp":["la",255368],"tlw":["alla",16475],"trw":["lilla",2283],"lp":["al","all","alla","ala","ali","alli","zl","zla","zo"],"rp":["la","lla","illa","ola","ial","lia","ila","olla","ilia","oal","oz"]},"98":{"input":[2,6,7],"tlp":["sl",40951],"trp":["ko",98099],"tlw":["sol",152],"trw":["loss",451],"lp":["sl","sok","sko","slo","skil","sli"],"rp":["ko","kl","ls","ok","lk","lik","kli","lls","lis","kil","ilk","olis","ills","kol"]},"99":{"input":[1,2,6,7],"tlp":["sla",15876],"trp":["kla",20340],"tlw":["alls",1882],"trw":["lika",4448],"lp":["sla","als","sal","ako","skal","alls","soka","alsk","wal"],"rp":["kla","las","kal","kall","lika","oka","lsa","lska","llsa","lak","lka"]},"100":{"input":[3,6,7],"tlp":["el",123518],"trp":["le",182809],"tlw":["el",140],"trw":["le",410],"lp":["el","ell","elle","ele","eli","elo","elie"],"rp":["le","lle","ille","ile","olle","ole","lie","iel","lee","iell","lei","ilie","leo"]},"101":{"input":[1,3,6,7],"tlp":["ela",19365],"trp":["lex",1360],"tlw":["alex",558],"trw":["ozzie",67],"lp":["ela","alle","ale","ella","alex","ael","xl","axl","xla","axla","alie","xel","axel","eal","zoe","elal"],"rp":["lex","lexa","lea","oale"]},"102":{"input":[2,3,6,7],"tlp":["del",18169],"trp":["ld",45006],"tlw":["del",4570],"trw":["ledde",906],"lp":["del","els","dl","else","dli","dele"],"rp":["ld","lde","lld","led","lse","llde","lke","oke","ild","ilke","les","kel","lise","lek"]},"103":{"input":[1,2,3,6,7],"tlw":["alldeles",2595],"trw":["lade",1957],"lp":[],"rp":[]},"104":{"input":[4,6,7],"tlp":["til",104652],"trp":["ig",244414],"tlw":["till",78901],"trw":["liv",4044],"lp":["til","till","gi","vil","vill","tio","tig","gl","tl"],"rp":["ig","lig","lt","ov","igt","llt","ligt","lv","lit","liv","log"]},"105":{"input":[1,4,6,7],"tlp":["tal",36626],"trp":["lat",26260],"tlw":["allt",11228],"trw":["lag",5318],"lp":["tal","allt","val","fl","alv","vag","tall","fal","fol","fall","atio","tala","alt","gla"],"rp":["lat","lag","iga","liga","ova","lva"]},"106":{"input":[2,4,6,7],"tlp":["sig",64325],"trp":["ock",24775],"tlw":["sig",62876],"trw":["likt",416],"lp":["sig","gic","gick","vilk","sokt","sov","ckl"],"rp":["ock","ocks","lic","ktig","lick","klig","okt","loc","lock","lst","kov","lts","llts"]},"107":{"input":[1,2,4,6,7],"tlw":["alltsa",3917],"trw":["ocksa",11852],"lp":[],"rp":[]},"108":{"input":[3,4,6,7],"tlp":["rl",28320],"trp":["ler",39552],"tlw":["eller",21635],"trw":["over",17755],"lp":["rl","rig","rli","elt","rlig","tel","rol","erl","rige"],"rp":["ler","ige","ller","ove","over","lev","lige","let","lite","llet","lir"]},"109":{"input":[1,3,4,6,7],"tlw":["varfor",5432],"trw":["later",1516],"lp":[],"rp":[]},"110":{"input":[2,3,4,6,7],"tlw":["dig",9388],"trw":["kort",3076],"lp":[],"rp":[]},"111":{"input":[1,2,3,4,6,7],"tlw":["aldrig",8974],"trw":["klart",1941],"lp":[],"rp":[]},"112":{"input":[5,6,7],"trp":["ho",156427],"trw":["hon",71785],"lp":[],"rp":["ho","hon","ul","ull","hu","lu","hono","ion","nl","lin","nli","hol","ln","holl","oh","iho","uni","hun","lun","ino"]},"113":{"input":[1,5,6,7],"tlp":["anl",7509],"trp":["lan",56925],"tlw":["quinn",114],"trw":["halla",3206],"lp":["anl","anli","alin","alln","alan"],"rp":["lan","hal","hall","llan","nal","oha","ohan","ula","nali","olan","lina","ulla","lna","nla","inal"]},"114":{"input":[2,5,6,7],"tlp":["sku",43264],"trp":["ku",78375],"tlw":["skull",1127],"trw":["hos",4276],"lp":["sku","skul","slu"],"rp":["ku","kul","kull","kun","lj","uk","kon","hus","ilj","juk","kunn","olj","jl","ojl","jli","ojli","hos"]},"115":{"input":[1,2,5,6,7],"tlw":["skolan",1295],"trw":["kunna",5127],"lp":[],"rp":[]},"116":{"input":[3,5,6,7],"tlp":["eho",7167],"trp":["ulle",40111],"tlw":["elin",222],"trw":["hel",1084],"lp":["eho","eln","enl","enli"],"rp":["ulle","hel","len","ly","ione","llen","yl","hell","ilen","yll","olen","nle","uel","uell","leen","nel"]},"117":{"input":[1,3,5,6,7],"tlw":["elina",933],"trw":["hela",8378],"lp":[],"rp":[]},"118":{"input":[2,3,5,6,7],"tlw":["skulle",39287],"trw":["kunde",19109],"lp":[],"rp":[]},"119":{"input":[1,2,3,5,6,7],"tlw":["skillnad",573],"trw":["handlade",1198],"lp":[],"rp":[]},"120":{"input":[4,5,6,7],"tlp":["bl",59992],"trp":["ing",86010],"tlw":["bli",9179],"trw":["hogt",1449],"lp":["bl","bli","tion","bil","vu","ting","gh"],"rp":["ing","ning","lut","lb","nlig","llb","illb","hog","uv","hov","huv","uvu","huvu"]},"121":{"input":[1,4,5,6,7],"tlw":["vanligt",1746],"trw":["inga",3339],"lp":[],"rp":[]},"122":{"input":[2,4,5,6,7],"tlw":["slut",3258],"trw":["och",261930],"lp":[],"rp":[]},"123":{"input":[1,2,4,5,6,7],"tlw":["sjalv",9343],"trw":["klockan",2663],"lp":[],"rp":[]},"124":{"input":[3,4,5,6,7],"tlw":["blev",11880],"trw":["hur",18534],"lp":[],"rp":[]},"125":{"input":[1,3,4,5,6,7],"tlw":["vagen",2479],"trw":["langre",3962],"lp":[],"rp":[]},"126":{"input":[2,3,4,5,6,7],"tlw":["verkligen",3128],"trw":["huvudet",3819],"lp":[],"rp":[]},"127":{"input":[1,2,3,4,5,6,7],"tlw":["bland",3152],"trw":["ibland",2952],"lp":[],"rp":[]},"128":{"input":[8],"base":"p","baseshift":"P","trp":["pp",78667],"trw":["p",2050],"lp":[],"rp":["pp"]},"129":{"input":[1,8],"base":"?","baseshift":"/","tlp":["ap",29927],"trp":["pa",207370],"trw":["pa",144323],"lp":["ap","app","appa","apa"],"rp":["pa","ppa","pap","papp"],"special":"punc"},"130":{"input":[2,8],"base":")","baseshift":"]","tlp":["sp",19698],"trp":["ps",3998],"lp":["sp"],"rp":["ps","pps","psp","ppsp"],"special":"punc"},"131":{"input":[1,2,8],"tlp":["spa",4537],"trp":["pas",7949],"tlw":["asp",86],"trw":["pass",549],"lp":["spa","sap","asp","aps","spas","aspa"],"rp":["pas","pass","ppas","psa","ppsa","pspa","pasa"]},"132":{"input":[3,8],"base":"'","baseshift":"\"","tlp":["ep",6152],"trp":["pe",48173],"trw":["'",472],"lp":["ep","epp","e'","eppe","e'e","eep"],"rp":["pe","ppe","'e","pee","pep","pepp"],"special":"punc"},"133":{"input":[1,3,8],"tlp":["ape",3130],"trp":["pape",411],"lp":["ape","appe","xp","exp","epa","xpe","expe","eap","eape","eppa"],"rp":["pape","'a"]},"134":{"input":[2,3,8],"tlp":["spe",8127],"trp":["pd",798],"tlw":["esp",72],"trw":["'de",96],"lp":["spe","esp","espe","sep","desp","dp","dsp","eps","dspe","dep","e's","d'","d'e"],"rp":["pd","ppd","'s","'d","'de","pse","'es"]},"135":{"input":[1,2,3,8],"tlp":["apad",573],"trp":["pad",4572],"trw":["passade",486],"lp":["apad","epad","dap","adap","spad","aspe","we'"],"rp":["pad","pade","ppad","pase","pesa"]},"136":{"input":[4,8],"tlp":["tp",509],"trp":["pt",11645],"trw":["pt",359],"lp":["tp","ttp"],"rp":["pt","ppt"],"special":"bksp","base":"tp"},"137":{"input":[1,4,8],"tlp":["appt",2622],"trp":["pat",2945],"tlw":["tappa",242],"trw":["pat",56],"lp":["appt","tap","tapp","apt","apat","tpa","apta"],"rp":["pat","pf","ppf","pta","ppta","pfa","ppfa","pfat","ppat","ptat","pata","paf","patt"]},"138":{"input":[2,4,8],"tlp":["tsp",635],"trp":["pst",539],"lp":["tsp","stp","ttsp"],"rp":["pst","ppst"]},"139":{"input":[1,2,4,8],"tlp":["stpa",148],"trp":["past",2465],"trw":["pasta",175],"lp":["stpa","cap","astp","tpas","spac"],"rp":["past","ptac","pac","psta","psat","pats"]},"140":{"input":[3,4,8],"tlp":["rep",3339],"trp":["pr",31793],"tlw":["rep",90],"trw":["per",1755],"lp":["rep","ept","rp","epte","repp"],"rp":["pr","per","pre","pet","pte","pper","ppr","pete","ppte","'t","ppet","pter","petr","ppre","prep"]},"141":{"input":[1,3,4,8],"tlp":["rap",2854],"trp":["par",13633],"tlw":["trappa",178],"trw":["par",3758],"lp":["rap","rapp","trap","arp","rpa","arpa","apet","xper","repa","apr"],"rp":["par","pra","prat","part","pera","ppar","patr","pare","perf","para"]},"142":{"input":[2,3,4,8],"tlp":["spr",4496],"trp":["pers",6327],"tlw":["spred",228],"trw":["press",442],"lp":["spr","spec","cep","cept","resp","ccep","sept","t's","rsp","spre","etsp","sper","rspr","ecep"],"rp":["pers","prec","pres","pec","pdr","ppdr"]},"143":{"input":[1,2,3,4,8],"tlw":["spar",785],"trw":["pratade",1339],"lp":[],"rp":[]},"144":{"input":[5,8],"base":"m","baseshift":"M","trp":["mm",66159],"trw":["m",1599],"lp":[],"rp":["mm","mn","mp","pn","ppn","pm","ppm","nm","np"]},"145":{"input":[1,5,8],"tlp":["am",108972],"trp":["ma",166775],"tlw":["am",93],"trw":["man",29921],"lp":["am","amm","amma","amn","amna"],"rp":["ma","man","mma","mann","mna","mman","pan","nam","mam","mamm","pna","namn","ppna","nap","napp"]},"146":{"input":[2,5,8],"tlp":["sm",12954],"trp":["ms",5095],"tlw":["sms",163],"trw":["jp",57],"lp":["sm","sms","spj","ssm"],"rp":["ms","mj","nsp","nsm","pj","jp"]},"147":{"input":[1,2,5,8],"tlp":["sam",33659],"trp":["mas",17101],"tlw":["samma",6340],"trw":["massa",827],"lp":["sam","samm","sma","span","ams","sman","asm","smas","sama"],"rp":["mas","mans","nsam","jam","mass","maj","mmas","jap","japa","pans","jamn"]},"148":{"input":[3,5,8],"tlp":["em",51088],"trp":["me",242113],"tlw":["e'en",102],"trw":["men",54243],"lp":["em","eme","emm","emp","empe","emen"],"rp":["me","men","mme","my","pen","ppen","ym","mpe","mne","yp","mmen","n'","mnen","ymm"]},"149":{"input":[1,3,5,8],"tlp":["ame",4829],"trp":["mena",3740],"tlw":["amy",218],"trw":["mannen",4191],"lp":["ame","emma","amne","xem","exem","xemp","amme","ema","apen","eman","amen","an'","apne"],"rp":["mena","mea","yma","yman","many","may","pany"]},"150":{"input":[2,3,5,8],"tlp":["dem",15113],"trp":["med",110013],"tlw":["dem",13812],"trw":["med",97131],"lp":["dem","ems","sme","smy","sem","seme","emes"],"rp":["med","mes","md","mde","mede","psy","mej","mens","medd","mnd","pens","mnde","mynd"]},"151":{"input":[1,2,3,5,8],"tlw":["ensam",1863],"trw":["medan",4549],"lp":[],"rp":[]},"152":{"input":[4,5,8],"tlp":["tm",3262],"trp":["mt",19904],"lp":["tm","bm"],"rp":["mt","mb","mnt","pb"]},"153":{"input":[1,4,5,8],"tlp":["amt",15300],"trp":["mat",7731],"tlw":["famn",168],"trw":["mat",1157],"lp":["amt","tam","amf","amta","fam","amb","atm","tamm","amba","amat","tamt","tma"],"rp":["mat","mf","mta","mba","matt","mnat","mban","mfa"],"special":"numsym"},"154":{"input":[2,4,5,8],"tlp":["tsm",656],"trp":["mst",2612],"lp":["tsm","ttsm"],"rp":["mst","mts"]},"155":{"input":[1,2,4,5,8],"tlw":["samt",1065],"trw":["mats",293],"lp":[],"rp":[]},"156":{"input":[3,4,5,8],"tlp":["rm",23979],"trp":["mer",31601],"tlw":["typ",630],"trw":["mer",11323],"lp":["rm","rme","rmen","tem","rem","emb","embe","erm","typ","emt"],"rp":["mer","mmer","met","mmet","mr","ment","mbe","mber","mete","penb"]},"157":{"input":[1,3,4,5,8],"tlw":["fram",10772],"trw":["menar",2322],"lp":[],"rp":[]},"158":{"input":[2,3,4,5,8],"tlw":["september",636],"trw":["mest",3296],"lp":[],"rp":[]},"159":{"input":[1,2,3,4,5,8],"tlw":["bestamde",1009],"trw":["maste",10840],"lp":[],"rp":[]},"160":{"input":[6,8],"base":"!","baseshift":"!","trp":["pi",5476],"lp":[],"rp":["pi","ip","ipp","pip","ppi"],"special":"punc"},"161":{"input":[1,6,8],"tlp":["api",1326],"trp":["ippa",1060],"trw":["pia",366],"lp":["api"],"rp":["ippa","ipa","pia","pipa","piz","pizz"]},"162":{"input":[2,6,8],"tlp":["spi",447],"trp":["pis",1842],"tlw":["skip",66],"lp":["spi","spis","spik","skip"],"rp":["pis","ips","psk","ppsk","pisk","isp","ksp","pik","psi","ppsi","psik","pk","ppk","kip"]},"163":{"input":[1,2,6,8],"tlp":["skap",4614],"trp":["kap",6395],"tlw":["skapa",567],"trw":["kapp",67],"lp":["skap"],"rp":["kap","kapi","kapa","pska","pisa","pak","kapp","ispa","ipas","ikap"]},"164":{"input":[3,6,8],"trp":["ipe",417],"lp":[],"rp":["ipe","pie","pei","ippe","i'"]},"165":{"input":[1,3,6,8],"lp":[],"rp":[]},"166":{"input":[2,3,6,8],"tlp":["spek",1307],"trp":["pek",3334],"tlw":["skepp",67],"trw":["keep",74],"lp":["spek","skep","disp","dip","espi"],"rp":["pek","idp","kep","pise","peis","kspe","pike","keep","ipse","kepp","keps","kesp"]},"167":{"input":[1,2,3,6,8],"tlw":["skapade",297],"trw":["pekade",973],"lp":[],"rp":[]},"168":{"input":[4,6,8],"tlp":["tip",162],"trp":["pit",1381],"lp":["tip"],"rp":["pit","pti","ippt","pv","ppv"]},"169":{"input":[1,4,6,8],"tlp":["vap",1525],"trp":["pav",1648],"lp":["vap","apit"],"rp":["pav","pati","pita","pva","ppva","pif","ppif"]},"170":{"input":[2,4,6,8],"tlp":["cip",532],"trp":["pist",342],"tlw":["tips",162],"lp":["cip","tips","cksp","visp","scip","spit"],"rp":["pist","ptis","istp","pic"]},"171":{"input":[1,2,4,6,8],"tlw":["skapat",225],"trw":["packa",130],"lp":[],"rp":[]},"172":{"input":[3,4,6,8],"tlp":["rip",1494],"trp":["pri",4672],"trw":["pierre",295],"lp":["rip","epti","vep","ripe","vept","epri"],"rp":["pri","peri","pite","priv","it'","prit","pier","iper","ppri","'ti"]},"173":{"input":[1,3,4,6,8],"tlw":["varpa",108],"trw":["partiet",469],"lp":[],"rp":[]},"174":{"input":[2,3,4,6,8],"tlw":["respekt",485],"trw":["precis",3817],"lp":[],"rp":[]},"175":{"input":[1,2,3,4,6,8],"tlw":["sprak",390],"trw":["patrik",492],"lp":[],"rp":[]},"176":{"input":[5,6,8],"trp":["mi",102861],"trw":["min",13506],"lp":[],"rp":["mi","min","im","mmi","imm","minn","mh","ph","him","mpi","mini","pph","imi","imp","hm","imin","mni","mnin","pni","ppni"]},"177":{"input":[1,5,6,8],"tlp":["ami",5806],"trp":["mina",5578],"trw":["mina",5090],"lp":["ami","amh","amin","amha","amni","ahm"],"rp":["mina","ham","imma","hamn","manh","mha","pami","pani","ima","hap","hami","mani","mia","iam"]},"178":{"input":[2,5,6,8],"tlp":["smi",1160],"trp":["mis",5636],"tlw":["smink",63],"trw":["minns",1738],"lp":["smi","smin","sim","simp","simm"],"rp":["mis","miss","mins","mk","mik","ism","mpis","mmis","misk","msk","kim","msi","insp","jim","km"]},"179":{"input":[1,2,5,6,8],"tlw":["smak",323],"trw":["manniska",1359],"lp":[],"rp":[]},"180":{"input":[3,5,6,8],"tlp":["emi",765],"trp":["hem",10392],"trw":["hem",4760],"lp":["emi","ehm"],"rp":["hem","hemm","ime","mhe","imme","meni","mine","phy","ypi","imen","iem","phe","hemi","iemi","hym","meh","hme","mehm"]},"181":{"input":[1,3,5,6,8],"trw":["hemma",2590],"lp":[],"rp":[]},"182":{"input":[2,3,5,6,8],"tlw":["spisen",158],"trw":["mindes",642],"lp":[],"rp":[]},"183":{"input":[1,2,3,5,6,8],"tlw":["spanien",197],"trw":["make",607],"lp":[],"rp":[]},"184":{"input":[4,5,6,8],"tlp":["tim",4993],"trp":["mit",12022],"tlw":["bmi",74],"trw":["mitt",7427],"lp":["tim","timm","tmi","tmin","vtim","vm"],"rp":["mit","mitt","mti","mmit","mv","ntim","http","mbi","mith","pbi","mbin","imb","imt","htm"]},"185":{"input":[1,4,5,6,8],"tlw":["fatima",168],"trw":["hamta",775],"lp":[],"rp":[]},"186":{"input":[2,4,5,6,8],"tlw":["smith",142],"trw":["minst",1383],"lp":[],"rp":[]},"187":{"input":[1,2,4,5,6,8],"tlw":["skamt",390],"trw":["knappt",1332],"lp":[],"rp":[]},"188":{"input":[3,4,5,6,8],"tlw":["vem",3834],"trw":["mitten",567],"lp":[],"rp":[]},"189":{"input":[1,3,4,5,6,8],"tlw":["timmar",1675],"trw":["paven",682],"lp":[],"rp":[]},"190":{"input":[2,3,4,5,6,8],"tlw":["centimeter",252],"trw":["mycket",13594],"lp":[],"rp":[]},"191":{"input":[1,2,3,4,5,6,8],"tlw":["amerikanska",1014],"trw":["marken",865],"lp":[],"rp":[]},"192":{"input":[7,8],"base":";","baseshift":":","trp":["op",29076],"lp":[],"rp":["op","po","opp","ppo","pop","poo"],"special":"punc"},"193":{"input":[1,7,8],"tlp":["appo",1452],"trp":["oppa",4532],"lp":["appo","apo"],"rp":["oppa","opa","poa"]},"194":{"input":[2,7,8],"tlp":["spo",1053],"trp":["pos",1604],"tlw":["sop",69],"lp":["spo","sop","sopp"],"rp":["pos","poss","osp","osop","opps"]},"195":{"input":[1,2,7,8],"tlp":["sapo",311],"trp":["pow",123],"tlw":["sapo",311],"lp":["sapo","apos"],"rp":["pow","opas"]},"196":{"input":[3,7,8],"tlp":["epo",584],"trp":["oppe",3306],"trw":["o'",107],"lp":["epo","eop"],"rp":["oppe","ope","peo","peop","o'","poe","o'e"]},"197":{"input":[1,3,7,8],"tlp":["xpo",151],"tlw":["expo",95],"lp":["xpo","expo"],"rp":[]},"198":{"input":[2,3,7,8],"tlp":["dop",66],"trp":["pose",156],"lp":["dop","espo"],"rp":["pose","ospe","osep","pod"]},"199":{"input":[1,2,3,7,8],"lp":[],"rp":[]},"200":{"input":[4,7,8],"tlp":["top",2236],"trp":["pg",2205],"tlw":["topp",124],"lp":["top","topp","gp"],"rp":["pg","ppg","opt","pot","pott","pto"]},"201":{"input":[1,4,7,8],"tlp":["gap",69],"trp":["pag",1136],"trw":["pagatt",71],"lp":["gap","gapa"],"rp":["pag","pfo","ppfo","paga","ptag","pota","pga","ppga","opag"]},"202":{"input":[2,4,7,8],"tlp":["stop",1589],"trp":["post",535],"tlw":["stopp",156],"trw":["post",266],"lp":["stop","gsp","tspo","spot"],"rp":["post","psto"]},"203":{"input":[1,2,4,7,8],"tlw":["stoppa",368],"lp":[],"rp":[]},"204":{"input":[3,4,7,8],"tlp":["rop",6174],"trp":["pro",9288],"tlw":["grepp",356],"trw":["oppet",450],"lp":["rop","ropp","grep","repo","epor","rope","rpo","rrop"],"rp":["pro","por","port","oper","ppor","opte","prog","ppro","pror","prot","peg","pege"]},"205":{"input":[1,3,4,7,8],"tlw":["rapport",324],"trw":["page",231],"lp":[],"rp":[]},"206":{"input":[2,3,4,7,8],"tlw":["greps",172],"trw":["process",250],"lp":[],"rp":[]},"207":{"input":[1,2,3,4,7,8],"tlw":["ropade",806],"trw":["pastod",364],"lp":[],"rp":[]},"208":{"input":[5,7,8],"trp":["om",354658],"trw":["om",75959],"lp":[],"rp":["om","mo","up","upp","nom","omm","onom","um","mu","umm","oppn","pu","mun","num","omp","mon","pon","omn","munn","pun"]},"209":{"input":[1,5,7,8],"tlp":["amo",397],"trp":["omma",9507],"trw":["oppna",1197],"lp":["amo","amu","ampo","amon","ammo"],"rp":["omma","oma","pau","omna","upa","umma","uma","uman","ompa","uppa","moa","oman","poan","mona","ooma"]},"210":{"input":[2,5,7,8],"tlp":["som",155381],"trp":["moj",5297],"tlw":["som",144609],"trw":["puss",75],"lp":["som","somm","somn","smu","smo","sum","summ"],"rp":["moj","jup","mos","upps","poj","mus","oms","omoj","mju","mons","mjo","mso","omso"]},"211":{"input":[1,2,5,7,8],"tlw":["somna",238],"trw":["paus",417],"lp":[],"rp":[]},"212":{"input":[3,5,7,8],"tlp":["enom",10795],"trp":["omme",12449],"trw":["uppe",1318],"lp":["enom","emo","emon"],"rp":["omme","umme","ome","uppe","ume","omen","nume","umen","pone","memo","meu","open","-m","on'","upe","onem","mue"]},"213":{"input":[1,3,5,7,8],"tlw":["anonym",71],"trw":["umea",222],"lp":[],"rp":[]},"214":{"input":[2,3,5,7,8],"tlw":["dom",4177],"trw":["mod",240],"lp":[],"rp":[]},"215":{"input":[1,2,3,5,7,8],"tlw":["djupa",306],"trw":["oppnade",1540],"lp":[],"rp":[]},"216":{"input":[4,5,7,8],"tlp":["tom",8905],"trp":["mot",29248],"tlw":["tom",739],"trw":["mot",18572],"lp":["tom","gom","tum","tomm"],"rp":["mot","utom","mg","uppg","uppt","omt","mob","upt","pub","mott","utm","omg","omb","mog","mut","moto"]},"217":{"input":[1,4,5,7,8],"tlw":["tomma",544],"trw":["manga",6574],"lp":[],"rp":[]},"218":{"input":[2,4,5,7,8],"tlw":["com",216],"trw":["most",517],"lp":[],"rp":[]},"219":{"input":[1,2,4,5,7,8],"tlw":["tomas",242],"trw":["magnus",263],"lp":[],"rp":[]},"220":{"input":[3,4,5,7,8],"tlw":["genom",7651],"trw":["mor",2097],"lp":[],"rp":[]},"221":{"input":[1,3,4,5,7,8],"tlw":["framfor",3779],"trw":["pengar",2420],"lp":[],"rp":[]},"222":{"input":[2,3,4,5,7,8],"tlw":["dessutom",3021],"trw":["person",1635],"lp":[],"rp":[]},"223":{"input":[1,2,3,4,5,7,8],"tlw":["eftersom",5237],"trw":["omradet",633],"lp":[],"rp":[]},"224":{"input":[6,7,8],"trp":["pl",19160],"trw":["lopp",92],"lp":[],"rp":["pl","pol","poli","plo","lp","ppl","lip","lipp","pli","lop","ilip","opl","oppl","opi","lopp","ipl","llop","ipli","pio","ppli"]},"225":{"input":[1,6,7,8],"tlp":["alp",4565],"trp":["pla",9629],"trw":["lapp",124],"lp":["alp","alpa","appl","apl","apli","apol"],"rp":["pla","lap","lapp","lpa","pal","ppla","lapa","pala","pola","lopa","opia","plai","pall"]},"226":{"input":[2,6,7,8],"tlp":["slip",785],"trp":["kop",4334],"tlw":["slips",162],"trw":["polis",999],"lp":["slip","spl","spol","skop","spok","spio"],"rp":["kop","kopp","posi","klip","kopi","lips","plik","lsp","llsp","pok","ispl","pols","psl","ppsl"]},"227":{"input":[1,2,6,7,8],"tlw":["sallskap",673],"trw":["kopa",928],"lp":[],"rp":[]},"228":{"input":[3,6,7,8],"tlp":["eopl",483],"trp":["pel",7276],"trw":["people",483],"lp":["eopl","elop","elp","e'l","e'll"],"rp":["pel","ple","pple","ople","lpe","pole","pell","lope","opei","pele","ppel","'l","'ll","opie"]},"229":{"input":[1,3,6,7,8],"tlw":["apple",405],"trw":["pela",641],"lp":[],"rp":[]},"230":{"input":[2,3,6,7,8],"tlw":["spel",332],"lp":[],"rp":[]},"231":{"input":[1,2,3,6,7,8],"tlw":["spelade",1035],"trw":["klappade",170],"lp":[],"rp":[]},"232":{"input":[4,6,7,8],"tlp":["gpl",562],"trp":["plot",3391],"trw":["pigg",86],"lp":["gpl","gip","tiop"],"rp":["plot","pgi","ppgi","lpt","plig","ptio","pig","lopt","pgiv","pitl","pigg","pigt"]},"233":{"input":[1,4,6,7,8],"tlw":["filippa",520],"trw":["pavliga",154],"lp":[],"rp":[]},"234":{"input":[2,4,6,7,8],"trw":["plotsligt",3109],"lp":[],"rp":[]},"235":{"input":[1,2,4,6,7,8],"tlw":["slappt",216],"trw":["plats",2333],"lp":[],"rp":[]},"236":{"input":[3,4,6,7,8],"tlw":["grip",561],"trw":["prov",161],"lp":[],"rp":[]},"237":{"input":[1,3,4,6,7,8],"tlw":["april",550],"trw":["lappar",380],"lp":[],"rp":[]},"238":{"input":[2,3,4,6,7,8],"tlw":["speciellt",540],"trw":["kropp",1211],"lp":[],"rp":[]},"239":{"input":[1,2,3,4,6,7,8],"tlw":["slappte",734],"trw":["kapitel",1031],"lp":[],"rp":[]},"240":{"input":[5,6,7,8],"trp":["ml",11059],"trw":["honom",25475],"lp":[],"rp":["ml","mil","hop","lm","ommi","mli","ihop","hopp","inom","minu","lom","olm","holm","mill","uppl","mili","iml","ilm","omi","oml"],"special":"enter"},"241":{"input":[1,5,6,7,8],"tlw":["allihop",335],"trw":["lamna",1453],"lp":[],"rp":[]},"242":{"input":[2,5,6,7,8],"tlw":["slump",168],"trw":["kom",13274],"lp":[],"rp":[]},"243":{"input":[1,2,5,6,7,8],"tlw":["smala",395],"trw":["komma",5926],"lp":[],"rp":[]},"244":{"input":[3,5,6,7,8],"trw":["mille",982],"lp":[],"rp":[]},"245":{"input":[1,3,5,6,7,8],"tlw":["exempel",1422],"trw":["mellan",5596],"lp":[],"rp":[]},"246":{"input":[2,3,5,6,7,8],"tlw":["ekonomi",202],"trw":["polisen",2473],"lp":[],"rp":[]},"247":{"input":[1,2,3,5,6,7,8],"tlw":["samlade",437],"trw":["lamnade",1603],"lp":[],"rp":[]},"248":{"input":[4,5,6,7,8],"tlw":["glomt",566],"trw":["mig",33025],"lp":[],"rp":[]},"249":{"input":[1,4,5,6,7,8],"tlw":["gamla",2772],"trw":["lamnat",936],"lp":[],"rp":[]},"250":{"input":[2,4,5,6,7,8],"tlw":["stockholm",1670],"trw":["kommit",3251],"lp":[],"rp":[]},"251":{"input":[1,2,4,5,6,7,8],"tlw":["bakom",3858],"trw":["langsamt",1192],"lp":[],"rp":[]},"252":{"input":[3,4,5,6,7,8],"trw":["igenom",2222],"lp":[],"rp":[]},"253":{"input":[1,3,4,5,6,7,8],"tlw":["tvartom",521],"trw":["information",924],"lp":[],"rp":[]},"254":{"input":[2,3,4,5,6,7,8],"tlw":["emellertid",640],"trw":["kommer",10071],"lp":[],"rp":[]},"255":{"input":[1,2,3,4,5,6,7,8],"tlw":["samtidigt",3340],"trw":["manniskor",3295],"lp":[],"rp":[]}}