{"0":{"value":0,"notes":["Developer : Zack Dennis (zack@asetniop.com)","Date : 12/12/2014","All code (c) 2014 Pointesa, LLC all rights reserved","Abbreviations :    ","tlp = top left partial","lp = left partials","trp = top right partial","rp = right partials","tlw = top left word","lw = left words","trw = top right word","rw = right words"]},"1":{"input":[1],"base":"a","baseshift":"A","tlp":["aa",4698],"tlw":["a",3554],"lp":["aa"],"rp":[]},"2":{"input":[2],"base":"s","baseshift":"S","tlp":["ss",4821],"tlw":["s",2414],"lp":["ss"],"rp":[]},"3":{"input":[1,2],"base":"w","baseshift":"W","tlp":["as",119382],"tlw":["www",328],"lp":["as","sa","asa","saa","sas","asas","ww","ssa","ass","www","assa","aw","ssas","wa","was","aas"],"rp":[]},"4":{"input":[3],"base":"e","baseshift":"E","tlp":["ee",787],"tlw":["e",2415],"lp":["ee","eee"],"rp":[]},"5":{"input":[1,3],"base":"x","baseshift":"X","tlp":["ea",1611],"tlw":["x",136],"lp":["ea","ax","ex","ae"],"rp":[]},"6":{"input":[2,3],"base":"d","baseshift":"D","tlp":["de",225606],"tlw":["de",36223],"lp":["de","se","ed","es","ede","ded","ses","ese","dd","des","ess","dde","sed","sse","sess","ds","ssed","sede","dede","ddes"],"rp":[]},"7":{"input":[1,2,3],"tlp":["da",206254],"tlw":["da",34321],"lp":["da","ad","ada","ade","sad","das","sade","adas","esa","dad","add","we","asad","adde","dea","dada","eda","ew","esas","ades"],"rp":[]},"8":{"input":[4],"base":"t","baseshift":"T","tlp":["tt",24695],"tlw":["t",1015],"lp":["tt"],"rp":[]},"9":{"input":[1,4],"base":"f","baseshift":"F","tlp":["ta",77585],"tlw":["ta",701],"lp":["ta","at","fa","af","att","ata","aat","afa","tta","atta","ft","tat","fta","aft","afta","tf","taf","tafa","fat","tfa"],"rp":[]},"10":{"input":[2,4],"base":"c","baseshift":"C","tlp":["st",68030],"tlw":["c",1161],"lp":["st","ct","ts","tc","sc","cs","cc","stc"],"rp":[]},"11":{"input":[1,2,4],"tlp":["ca",58921],"tlw":["saat",1953],"lp":["ca","ac","aca","sta","ast","tas","saat","asta","sac","cas","sat","fas","afas","act","ats","saf","tsa","fac","cat","staf"],"rp":[]},"12":{"input":[3,4],"base":"r","baseshift":"R","tlp":["er",226224],"tlw":["r",1919],"lp":["er","re","te","et","ere","rt","ter","ett","ret","tr","rr","ete","rer","ert","etr","tte","eter","tre","tere","ette"],"rp":[]},"13":{"input":[1,3,4],"tlp":["ar",265101],"tlw":["ara",805],"lp":["ar","ra","ara","tar","ef","fe","art","rar","are","rta","raf","tara","efe","ate","far","araf","arar","era","aret","rat"],"rp":[]},"14":{"input":[2,3,4],"tlp":["rd",94145],"tlw":["eder",1592],"lp":["rd","ce","ec","rs","ece","ste","der","erd","rc","rde","erc","rce","erce","tes","ster","erde","eder","cer","dec","dece"],"rp":[]},"15":{"input":[1,2,3,4],"tlp":["ard",24858],"tlw":["sadece",3474],"lp":["ard","dar","adar","rad","rada","sar","ars","ras","aras","rda","arda","rsa","adec","car","arc","rca","arca","sara","arad","ates"],"rp":[]},"16":{"input":[5],"base":"n","baseshift":"N","trp":["nn",4449],"trw":["n",2786],"lp":[],"rp":["nn"]},"17":{"input":[1,5],"base":"q","baseshift":"Q","tlp":["an",238539],"trp":["na",72648],"tlw":["an",2138],"trw":["na",265],"lp":["an","ana","ann","anan","anna","anaa"],"rp":["na","nan","nana","nna","naa"]},"18":{"input":[2,5],"base":"j","baseshift":"J","tlp":["sn",731],"trp":["ns",19851],"trw":["j",258],"lp":["sn","sj"],"rp":["ns"]},"19":{"input":[1,2,5],"tlp":["san",27441],"trp":["nsa",12550],"tlw":["sana",3065],"trw":["jan",70],"lp":["san","sana","ans","asan","aj","sans","anas","sna","ansa","saj","wn","snas","aja","ajan"],"rp":["nsa","nsan","nas","ja","jan","jas"]},"20":{"input":[3,5],"base":"y","baseshift":"Y","tlp":["en",210551],"trp":["ne",100917],"tlw":["en",11061],"trw":["ne",21701],"lp":["en","ey","eye","ene","eyen","enn","enen","enne","eyn","eney"],"rp":["ne","ye","yen","yn","ny","nne","ney","nen","neye","yey"]},"21":{"input":[1,3,5],"tlp":["ay",82752],"trp":["ya",146697],"tlw":["ay",1315],"trw":["ya",9294],"lp":["ay","aya","ayn","ayan","eya","aye","anne","ane","ena","ean","ayna"],"rp":["ya","yan","nya","yana","yay","yna","nyan","nyay","nay"]},"22":{"input":[2,3,5],"tlp":["den",42341],"trp":["nd",145890],"tlw":["sey",11559],"trw":["neden",3186],"lp":["den","end","sey","sen","eden","eyd","sy","ende","eys","eyse","dey"],"rp":["nd","nde","yd","nden","ned","nede","nes","ys","yse"]},"23":{"input":[1,2,3,5],"tlp":["dan",31876],"trp":["nda",59116],"tlw":["anda",2147],"trw":["yandan",1000],"lp":["dan","and","anda","adan","say","ayd","day","sya","daya","saya"],"rp":["nda","ndan","yas","yasa","yda","yad","yand","yada","ydan","nyad"]},"24":{"input":[4,5],"base":"b","baseshift":"B","tlp":["bb",403],"trp":["nt",8039],"tlw":["b",1063],"lp":["bb","bn","tn"],"rp":["nt","nb","ntt"]},"25":{"input":[1,4,5],"tlp":["ba",93513],"trp":["nat",1344],"tlw":["bana",7207],"lp":["ba","ab","tan","aba","ban","bana","bab","baba","tab","aban","ant","bat","anb","tanb","atan","anat","anta","taba"],"rp":["nat","nta"]},"26":{"input":[2,4,5],"tlp":["cb",5912],"trp":["nc",43318],"lp":["cb","sb","bs"],"rp":["nc","nst","nts","nct","ncs"]},"27":{"input":[1,2,4,5],"tlp":["bas",33680],"trp":["nca",9555],"tlw":["bas",1003],"lp":["bas","anc","anca","can","sab","stan","saba","cab","abas","basa","banc","caba","bast","acab","bac","baca","acan"],"rp":["nca","jac","nanc"]},"28":{"input":[3,4,5],"tlp":["be",64335],"trp":["nr",22775],"tlw":["ben",11408],"trw":["yere",2638],"lp":["be","ben","ren","ten","ber","rb","bey","eb","ry","rn","rey","rry","bet"],"rp":["nr","yer","yet","ner","yr","yere","nere"]},"29":{"input":[1,3,4,5],"tlp":["ran",8536],"trp":["nra",19010],"tlw":["bay",1366],"trw":["nefret",613],"lp":["ran","ray","ayr","bay","ayat","rab","fen","anr","tanr","raya","abe","aber","bar","tay","aran","efen"],"rp":["nra","yar","yat","yara"]},"30":{"input":[2,3,4,5],"tlp":["enc",7430],"trp":["nce",17802],"tlw":["bes",2395],"trw":["yerde",2084],"lp":["enc","rden","bes","cen","ence","ecen","bend","bed","eyec","seb","sebe","cey","bede","denb","renc"],"rp":["nce","yerd","yec","ncer","yece"]},"31":{"input":[1,2,3,4,5],"tlw":["cay",353],"trw":["nefes",591],"lp":[],"rp":[]},"32":{"input":[6],"base":"i","baseshift":"I","trp":["ii",3027],"trw":["i",6002],"lp":[],"rp":["ii","iii"]},"33":{"input":[1,6],"base":"z","baseshift":"Z","tlp":["az",37543],"trp":["iz",67417],"tlw":["az",2781],"trw":["iz",185],"lp":["az","zi","za","azi","ai","aza","zz","zza","ziz","aziz","azz","azza","aiz","zizi"],"rp":["iz","izi","ia","iza","izz","izza"]},"34":{"input":[2,6],"base":"k","baseshift":"K","tlp":["si",195648],"trp":["is",144843],"tlw":["sik",1643],"trw":["ki",13823],"lp":["si","sk","sik","ski","sis"],"rp":["is","ki","ik","isi","iki","kis","ks","kisi","kk","kki","ksi","isik","isk","iss","ikk"]},"35":{"input":[1,2,6],"tlp":["ak",120301],"trp":["ka",146870],"tlw":["siz",2295],"trw":["kiz",2838],"lp":["ak","asi","aki","siz","ask","aka","ska","aska","aks","sizi","akk","sak"],"rp":["ka","ika","isa","kiz","ksa","kas","kasi","kka"]},"36":{"input":[3,6],"base":",","baseshift":"<","tlp":["ei",1119],"trp":["ie",1447],"lp":["ei"],"rp":["ie"],"special":"punc"},"37":{"input":[1,3,6],"tlp":["ze",32460],"trp":["ize",5154],"lp":["ze","ez","aze","eza","ezi","eze","xi","axi","zize","ezz","zze","ezze"],"rp":["ize","ix"]},"38":{"input":[2,3,6],"tlp":["di",240613],"trp":["ke",66794],"tlw":["dedi",14715],"trw":["ise",4856],"lp":["di","ek","edi","esi","dedi","eki","dis","disi","dik","sek","eke","esk","dek","eski"],"rp":["ke","id","ide","ise","kes","idi"]},"39":{"input":[1,2,3,6],"tlp":["adi",32039],"trp":["kad",29760],"tlw":["size",2133],"trw":["kez",2647],"lp":["adi","dak","zd","daki","zde","dasi","disa","size","dai","zdi","diz","aske","azd"],"rp":["kad","kada","kadi","ida","kez","izd","izde"]},"40":{"input":[4,6],"base":"v","baseshift":"V","tlp":["ti",111166],"trp":["it",25283],"tlw":["v",314],"trw":["iv",158],"lp":["ti","tti","vi","vv","tit","vit","tv","vitt","vvi","titi"],"rp":["it","itt","itti","iti","iv","ivi"]},"41":{"input":[1,4,6],"tlp":["va",43131],"trp":["if",8297],"tlw":["atti",862],"trw":["itaat",146],"lp":["va","av","ati","fi","ava","afi","faz","atti","zat","avi","fif","afif","tav","ait","zav","zava"],"rp":["if","ita","ifa","ift"]},"42":{"input":[2,4,6],"tlp":["ci",93762],"trp":["ic",75936],"tlw":["cikti",1490],"trw":["ic",1182],"lp":["ci","sti","cik","tik","cti","sit","cikt","tk","tki","cis"],"rp":["ic","ici","kt","ist","isti","kti","ikt","kit","ikti","kc"]},"43":{"input":[1,2,4,6],"tlp":["cak",14208],"trp":["kat",11273],"tlw":["fakat",5422],"trw":["kac",836],"lp":["cak","aci","akt","fak","akti","acak","cika","akat","faka","vas","tak","avas","acik","zc"],"rp":["kat","kta","kac","ica","izc","kita"]},"44":{"input":[3,4,6],"tlp":["ri",163641],"trp":["ir",286103],"tlw":["ve",81408],"trw":["iri",579],"lp":["ri","ve","eri","ev","ver","tir","etti","eti","rti","evi","eve","vet","vr","veri","evet","etir","evr"],"rp":["ir","iri","ire"]},"45":{"input":[1,3,4,6],"tlp":["ari",56898],"trp":["ira",15785],"tlw":["var",7891],"trw":["itiraf",311],"lp":["ari","var","zer","zeri","arti","raz","eva","rafi","zar","tari","avr","zate","zir","zere","air","fir","azir","atir"],"rp":["ira","iraz"]},"46":{"input":[2,3,4,6],"tlp":["rk",38427],"trp":["iste",14557],"tlw":["tek",4748],"trw":["iste",3907],"lp":["rk","rdi","rek","cek","dir","erek","rke","rsi","ekt","tek","erk","sir","erke","erdi","ris"],"rp":["iste","ird","irdi","kte","kir"]},"47":{"input":[1,2,3,4,6],"tlw":["vardi",6467],"trw":["kadar",16753],"lp":[],"rp":[]},"48":{"input":[5,6],"base":"h","baseshift":"H","trp":["in",370626],"trw":["in",526],"lp":[],"rp":["in","ni","ini","nin","hi","inin","ih","hin","ihi","nini","nih","hn","ihin","ihn","hni","ihni","hini","hnin","nni","hnn"]},"49":{"input":[1,5,6],"tlp":["ah",50091],"trp":["ha",92564],"tlw":["ah",1397],"trw":["izin",1006],"lp":["ah","ani","aha","anin","zin","ahi","zan"],"rp":["ha","ina","niz","han","izin","iniz","hiz","nz","haz","inan","hani","nina","hazi"]},"50":{"input":[2,5,6],"tlp":["sin",65670],"trp":["isin",17912],"tlw":["sinsi",110],"trw":["isin",932],"lp":["sin","sini","skin","sh"],"rp":["isin","kin","ins","nk","nki","ikin","his","kkin","nis","nsi","hs","nik","hiss","ji","hk","hik"]},"51":{"input":[1,2,5,6],"tlp":["asin",26353],"trp":["insa",12256],"tlw":["sanki",2615],"trw":["insan",3805],"lp":["asin","sina","akin","sah","sani","ank","sahi","anki","sank","ansi","akan"],"rp":["insa","kan","nasi","hak","hakk","has","kah","ikan","nsiz"]},"52":{"input":[3,5,6],"tlp":["eni",37090],"trp":["iy",103444],"tlw":["eh",335],"trw":["iyi",7728],"lp":["eni","eyi","enin","eh","eyin","ehi"],"rp":["iy","yi","he","ine","iye","iyi","yin","yeni","yni","niy","yine","niye","hen","hey"]},"53":{"input":[1,3,5,6],"tlp":["ayi",16661],"trp":["hay",12548],"tlw":["ayni",4770],"trw":["yani",4094],"lp":["ayi","ayni","zen","enz","aniy","ziy","ayin","enze","eniz","eyaz"],"rp":["hay","yani","iya","yaz","haya","hayi","yazi","yah","nze","iyan"]},"54":{"input":[2,3,5,6],"tlp":["endi",29457],"trp":["ind",72325],"tlw":["diye",15017],"trw":["kendi",7334],"lp":["endi","diy","din","sind","diye","esin","dini","siy","seni","sine","ediy"],"rp":["ind","ken","ndi","inde","kend","ydi","ndis","ndin","kiy"]},"55":{"input":[1,2,3,5,6],"tlw":["daha",20490],"trw":["kadin",3728],"lp":[],"rp":[]},"56":{"input":[4,5,6],"tlp":["bi",275568],"trp":["ib",28649],"tlw":["bin",1281],"trw":["hint",87],"lp":["bi","tin","bin","vin","th","tini","bit","bii"],"rp":["ib","ibi","ht","iht","hti","ihti","nti","nit","int","hib","hibi","inti"]},"57":{"input":[1,4,5,6],"tlp":["biz",10055],"trp":["hat",6156],"tlw":["biz",2560],"trw":["hatta",2528],"lp":["biz","abi","bizi","baz","fin","afin","bah","atin","tabi","bazi","tani","van","ahat","abah"],"rp":["hat","haf","hav","hava","hatt","hab"]},"58":{"input":[2,4,5,6],"tlp":["cin",41998],"trp":["icin",39248],"tlw":["cin",367],"trw":["icin",25984],"lp":["cin","cbi","bic","ch","bici","cini","vinc"],"rp":["icin","hic","inc","nci","icb","hicb","icbi","inci","kinc","nic","hc","nici","ich"]},"59":{"input":[1,2,4,5,6],"tlw":["baska",6795],"lp":[],"rp":[]},"60":{"input":[3,4,5,6],"tlp":["bir",195972],"trp":["her",22311],"tlw":["bir",148963],"trw":["her",15822],"lp":["bir","rin","erin","rini","beni","biri","rine","tiy","riy","evin","rh","rbi","birb"],"rp":["her","irin","yeri","yir","nri","yri","irb"]},"61":{"input":[1,3,4,5,6],"tlw":["biraz",4474],"trw":["hayir",2604],"lp":[],"rp":[]},"62":{"input":[2,3,4,5,6],"tlw":["birden",2181],"trw":["icinde",7275],"lp":[],"rp":[]},"63":{"input":[1,2,3,4,5,6],"tlw":["arasinda",3496],"trw":["yavas",1614],"lp":[],"rp":[]},"64":{"input":[7],"base":"o","baseshift":"O","trp":["oo",542],"trw":["o",25996],"lp":[],"rp":["oo"]},"65":{"input":[1,7],"base":"(","baseshift":"[","trp":["oa",60],"lp":[],"rp":["oa"],"special":"punc"},"66":{"input":[2,7],"base":".","baseshift":">","tlp":["so",67268],"trp":["os",16832],"tlw":["so",92],"lp":["so","sos"],"rp":["os","oso","oss"],"special":"punc"},"67":{"input":[1,2,7],"tlp":["wo",188],"trp":["osa",584],"lp":["wo","woo"],"rp":["osa","ow"]},"68":{"input":[3,7],"base":"-","baseshift":"_","tlp":["eo",1196],"trp":["oe",285],"trw":["-",13834],"lp":["eo","e-"],"rp":["oe","-e","-o"],"special":"punc"},"69":{"input":[1,3,7],"trp":["-a",61],"lp":[],"rp":["-a"]},"70":{"input":[2,3,7],"tlp":["do",35030],"trp":["od",5854],"tlw":["do",161],"lp":["do","dos","eso","edo","s-","s-s","s-se","sdo","dosd","deo"],"rp":["od","ose","-s","ode","oses","ood","osed","-se","osd","osdo"]},"71":{"input":[1,2,3,7],"tlp":["ado",548],"trp":["oda",4372],"trw":["odada",430],"lp":["ado","wood","eoda"],"rp":["oda","odas","odad","-w","-we","owe","oad"]},"72":{"input":[4,7],"base":"g","baseshift":"G","tlp":["go",43595],"trp":["og",22300],"tlw":["g",946],"trw":["ot",144],"lp":["go","to","got","tto","gog","tog","tg","gg","gt","gto"],"rp":["og","ot","oto","ott","otto","otog","ogg","ogo"]},"73":{"input":[1,4,7],"tlp":["ag",32516],"trp":["of",2290],"tlw":["aga",174],"trw":["of",191],"lp":["ag","ga","aga","fo","tag","atag","ato","fot","foto","taga","fag","tfag","faga","ago","fog","fogg"],"rp":["of","oga","ofo","ota"]},"74":{"input":[2,4,7],"tlp":["co",29333],"trp":["oc",10369],"tlw":["goc",81],"trw":["oc",52],"lp":["co","coc","gos","gost","cog","sog","sto","sg","gs","gogs","tos","cos","gc","sgc","stos"],"rp":["oc","ost","osto","ogs","osc"]},"75":{"input":[1,2,4,7],"tlp":["sag",5201],"trp":["oca",3682],"tlw":["sag",869],"lp":["sag","cag","acag","asag","gac","agac","sof","saga","gas","sga","gaca","sofo","gasa","astg","asg"],"rp":["oca","ocas","osta","osca","ocag"]},"76":{"input":[3,4,7],"tlp":["ge",85092],"trp":["or",124494],"tlw":["gore",3389],"trw":["ote",515],"lp":["ge","eg","ger","gor","gr","gere","gore","ege","ro","rg","eger","gre","get","tor"],"rp":["or","ogr","ort","ore","ote","ogre"]},"77":{"input":[1,3,4,7],"tlp":["gar",3353],"trp":["orta",6084],"tlw":["fotograf",161],"trw":["orta",641],"lp":["gar","arg","rag","gra","efo","age","t-f","t-fa","gara","rato","ator","for","rof","graf","agr"],"rp":["orta","ora","-f","-fa","ogra"]},"78":{"input":[2,3,4,7],"tlp":["deg",18415],"trp":["ord",34113],"tlw":["gece",2933],"trw":["otede",232],"lp":["deg","gec","dog","dogr","sor","gece","gerc","gord","sord","ceg","dor","eceg","dort","gect","dost","dege","gd"],"rp":["ord","oste","ors"]},"79":{"input":[1,2,3,4,7],"tlw":["dag",243],"trw":["orada",2520],"lp":[],"rp":[]},"80":{"input":[5,7],"base":"u","baseshift":"U","trp":["un",176917],"trw":["onu",9693],"lp":[],"rp":["un","on","nu","onu","unu","nun","onun","unun","no","nunu","ou","non","ono","nou","unn"]},"81":{"input":[1,5,7],"tlp":["ano",845],"trp":["una",8817],"trw":["ona",7053],"lp":["ano","anu","au","qu","anun","anon","aun"],"rp":["una","ona","unan","ua","nuna","uan","nano","onan"]},"82":{"input":[2,5,7],"tlp":["su",56434],"trp":["us",59637],"tlw":["su",6093],"trw":["us",133],"lp":["su","son","sun","sunu","sonu","sus","sons"],"rp":["us","usu","usun","nus","onus","nusu","osu","jo","ons","nsu","onsu","osun","ju"]},"83":{"input":[1,2,5,7],"tlp":["suna",877],"trp":["usa",2657],"tlw":["sona",460],"lp":["suna","sona","asu","anus","susa","ajo","sano","sau","saun","asus","anso"],"rp":["usa","usan","nusa","own","usaa","now","nown","osan","unas"]},"84":{"input":[3,5,7],"tlp":["enu",1411],"trp":["yo",85768],"trw":["onune",1033],"lp":["enu"],"rp":["yo","uy","yu","oy","uyo","uyu","une","one","uny","oyu","yun","nuy","oyun","nuyo","yon","unuy","n-","oyn","yone"]},"85":{"input":[1,3,5,7],"tlp":["anyo",338],"trp":["unya",5800],"trw":["yunan",253],"lp":["anyo","eona","eux","an-","que"],"rp":["unya","uya","uyan","oya","yuna","oyna","ux","nuya","yuya","onay","yoya","-ya","yano","oyan","yona"]},"86":{"input":[2,3,5,7],"tlp":["du",128153],"trp":["und",24604],"tlw":["dondu",1341],"trw":["onunde",1790],"lp":["du","soy","dus","dusu","don","dun","duny","duy","sund"],"rp":["und","unde","ud","ndu","ond","nund","undu","udu","ydu","uyd","uydu"]},"87":{"input":[1,2,3,5,7],"tlw":["sonunda",2463],"trw":["ondan",1762],"lp":[],"rp":[]},"88":{"input":[4,5,7],"tlp":["bu",129214],"trp":["ug",30997],"tlw":["bu",59152],"trw":["not",308],"lp":["bu","gu","tu","gun","bun","bo","tun","gunu","bunu","but","butu"],"rp":["ug","ugu","ut","ugun","utu","utun","otu","ng","ogu"]},"89":{"input":[1,4,5,7],"tlp":["bag",4649],"trp":["uf",2044],"tlw":["buna",2248],"lp":["bag","ang","abu","fon","buna","font","anbu","gan","guna","fu","tuta","agan"],"rp":["uf","uta","utf","ufa","utan","uga","uba","nag"]},"90":{"input":[2,4,5,7],"tlp":["cu",29850],"trp":["uc",23984],"tlw":["bos",1277],"trw":["uc",3579],"lp":["cu","stu","cun","cocu","guc","stun","sunc","bos","cug","cogu"],"rp":["uc","ust","ucu","ustu","unc","onc","ocu","ucun","nuc","onuc"]},"91":{"input":[1,2,4,5,7],"tlw":["fonts",354],"trw":["usta",320],"lp":[],"rp":[]},"92":{"input":[3,4,5,7],"tlp":["ru",61296],"trp":["ur",80226],"tlw":["gene",1320],"trw":["uygun",1047],"lp":["ru","tur","boy","buy","buyu","gru","run","gen","bur","goru"],"rp":["ur","yor","oru","onr","uru","uyor","yoru","ogru","orun","ure"]},"93":{"input":[1,3,4,5,7],"tlw":["buraya",1264],"trw":["ortaya",2163],"lp":[],"rp":[]},"94":{"input":[2,3,4,5,7],"tlw":["dogru",6276],"trw":["once",6114],"lp":[],"rp":[]},"95":{"input":[1,2,3,4,5,7],"tlw":["sonra",17553],"trw":["oradan",704],"lp":[],"rp":[]},"96":{"input":[6,7],"base":"l","baseshift":"L","trp":["li",153361],"trw":["l",1692],"lp":[],"rp":["li","il","ol","ili","ll","lli","ill","lo","oll","oli","illi","lil","olo","io","ilo","lili","ool","llo"]},"97":{"input":[1,6,7],"tlp":["al",111125],"trp":["la",193014],"tlw":["al",750],"trw":["la",412],"lp":["al","ali","zl","ala","zla","all","zo","alla","azl","zli","azla"],"rp":["la","ola","oz","ila","lla","ozl","izl","izli","izla"]},"98":{"input":[2,6,7],"tlp":["sl",30642],"trp":["ok",45144],"tlw":["sol",615],"trw":["ilk",4866],"lp":["sl","sil","sli","sili"],"rp":["ok","ko","kl","lik","lk","lis","kli","kil","ikl","ls","isl","lki","ols","ilk","kol","likl"]},"99":{"input":[1,2,6,7],"tlp":["asl",17339],"trp":["kal",18830],"tlw":["soz",2999],"trw":["olsa",1993],"lp":["asl","sla","asla","akl","asil","soz","sal","alis","akla","asli","alk","akli"],"rp":["kal","kla","las","lak","kala","lasi","kali","lsa"]},"100":{"input":[3,6,7],"tlp":["el",88486],"trp":["le",161881],"tlw":["el",1633],"trw":["ile",9283],"lp":["el","eli","ele","ell","elli","elle","elel","elil"],"rp":["le","ile","lle","ille","ole","lel","leo","-i","lee","leli","lele","i-"]},"101":{"input":[1,3,6,7],"tlp":["zle",10682],"trp":["ozle",8085],"tlw":["aile",576],"trw":["ozel",1294],"lp":["zle","zel","ale","ela","zell","aile","alle","zeli","elal","ael","elia","eal","ezil","ezel","azel","aale"],"rp":["ozle","oze","ozel","izle"]},"102":{"input":[2,3,6,7],"tlp":["dil",10774],"trp":["ld",66610],"tlw":["sekilde",2905],"trw":["kisisel",342],"lp":["dil","ekl","eld","sle","sel","eldi","dol","dile","esl","ekli"],"rp":["ld","old","ldi","ild","ildi","kle","lde","led","ledi","ikle"]},"103":{"input":[1,2,3,6,7],"tlw":["aldi",1426],"trw":["kaldi",1084],"lp":[],"rp":[]},"104":{"input":[4,6,7],"tlp":["gi",137313],"trp":["ig",40159],"tlw":["gitti",1369],"trw":["ilgili",1508],"lp":["gi","gil","tl","gl","tig","tigi","git","gili","tli","vl"],"rp":["ig","igi","lt","lg","lti","ilg","lgi","ilgi","lig","ligi"]},"105":{"input":[1,4,6,7],"tlp":["agi",15275],"trp":["lat",3470],"tlw":["fazla",3194],"trw":["laf",255],"lp":["agi","goz","alt","alti","gozl","agl","atl","fazl","tal","gla","tla","zg","agla","giz","val","atli","agli","gal","gz"],"rp":["lat"]},"106":{"input":[2,4,6,7],"tlp":["cok",19740],"trp":["okt",7640],"tlw":["cok",17627],"trw":["isigi",416],"lp":["cok","cl","cil","gis","sig","gisi","cli","sigi"],"rp":["okt","likt","kot","koc","lc","ktig","lic","olc","list","isig","kto","okto"]},"107":{"input":[1,2,4,6,7],"tlw":["asagi",1220],"trw":["olacak",1662],"lp":[],"rp":[]},"108":{"input":[3,4,6,7],"tlp":["rl",31288],"trp":["ler",57971],"tlw":["geri",3197],"trw":["ileri",1117],"lp":["rl","egi","gel","egil","rli","gir","rle","erl","geli","rler","erle","gele","eler"],"rp":["ler","leri","lir","iler","irl","ilir","irli"]},"109":{"input":[1,3,4,6,7],"tlw":["agir",1726],"lp":[],"rp":[]},"110":{"input":[2,3,4,6,7],"tlw":["degil",8435],"lp":[],"rp":[]},"111":{"input":[1,2,3,4,6,7],"tlw":["farkli",1113],"trw":["olarak",9384],"lp":[],"rp":[]},"112":{"input":[5,6,7],"trp":["nl",58209],"trw":["unlu",539],"lp":[],"rp":["nl","lu","ul","olu","lin","ulu","unl","nli","onl","lun","inl","hu","ln","lni","uh","ulun","ho","olun","lini","ilin"]},"113":{"input":[1,5,6,7],"tlp":["anl",26128],"trp":["uz",53334],"tlw":["allah",1522],"trw":["olan",10895],"lp":["anl","zu","anla","zun","anli","aln","alni"],"rp":["uz","nla","lan","hal","uzu","olan","uzun","onla","unla","ula","lniz","ozu","uza"]},"114":{"input":[2,5,6,7],"tlp":["sul",3102],"trp":["ku",42732],"tlw":["soluk",557],"trw":["olsun",2457],"lp":["sul"],"rp":["ku","uk","kon","konu","oku","unk","kul","nku","unku","ukl","luk","nlik","kus","kun","uks","lsu","olsu","lsun","lus"]},"115":{"input":[1,2,5,6,7],"tlw":["sozunu",629],"trw":["nasil",6031],"lp":[],"rp":[]},"116":{"input":[3,5,6,7],"tlp":["eyl",6217],"trp":["yl",48761],"tlw":["elini",1491],"trw":["oyle",5326],"lp":["eyl","elin","eyle","elen"],"rp":["yl","iyo","yle","oyl","oyle","liy","liyo","yil","len","yol","iyl","nle","ley","luy","iliy","luyo"]},"117":{"input":[1,3,5,6,7],"trw":["yalniz",2707],"lp":[],"rp":[]},"118":{"input":[2,3,5,6,7],"tlw":["soyle",2267],"trw":["yok",5734],"lp":[],"rp":[]},"119":{"input":[1,2,3,5,6,7],"tlw":["aslinda",1786],"trw":["halde",2581],"lp":[],"rp":[]},"120":{"input":[4,5,6,7],"tlp":["bil",29017],"trp":["igin",12379],"tlw":["gibi",22656],"trw":["oglu",704],"lp":["bil","gib","gibi","gin","bul","bili","gini","bunl","bulu","gul","vu","bol","glu"],"rp":["igin","ngi","uv","ltin","lb","utl","ult"]},"121":{"input":[1,4,5,6,7],"tlw":["bulunan",1116],"trw":["hangi",1195],"lp":[],"rp":[]},"122":{"input":[2,4,5,6,7],"tlw":["cunku",5282],"trw":["kucuk",4807],"lp":[],"rp":[]},"123":{"input":[1,2,4,5,6,7],"tlw":["sultan",928],"trw":["kabul",2501],"lp":[],"rp":[]},"124":{"input":[3,4,5,6,7],"tlw":["bile",8084],"trw":["olur",3157],"lp":[],"rp":[]},"125":{"input":[1,3,4,5,6,7],"tlw":["guzel",3729],"trw":["uzerine",3191],"lp":[],"rp":[]},"126":{"input":[2,3,4,5,6,7],"tlw":["buyuk",8285],"trw":["oldugunu",7814],"lp":[],"rp":[]},"127":{"input":[1,2,3,4,5,6,7],"tlw":["basladi",3009],"trw":["uzerinde",2861],"lp":[],"rp":[]},"128":{"input":[8],"base":"p","baseshift":"P","trw":["p",380],"lp":[],"rp":[]},"129":{"input":[1,8],"base":"?","baseshift":"/","tlp":["ap",33487],"trp":["pa",24487],"trw":["papa",112],"lp":["ap","apa"],"rp":["pa","pap","papa"],"special":"punc"},"130":{"input":[2,8],"base":")","baseshift":"]","tlp":["sp",921],"trp":["ps",3704],"lp":["sp"],"rp":["ps"],"special":"punc"},"131":{"input":[1,2,8],"tlp":["sap",796],"trp":["pas",1542],"trw":["pasa",973],"lp":["sap","spa","aps","asp","sapa","aspa","saps","apsa"],"rp":["pas","pasa","pasp","psa"]},"132":{"input":[3,8],"base":"'","baseshift":"\"","tlp":["ep",9410],"trp":["pe",13191],"trw":["'",2126],"lp":["ep","e'","epe"],"rp":["pe","'e","''","pee"],"special":"punc"},"133":{"input":[1,3,8],"tlp":["a'",2478],"trp":["'a",813],"lp":["a'","epa","ape","x'","ax'","a'e"],"rp":["'a","pa'"]},"134":{"input":[2,3,8],"tlp":["eps",2946],"trp":["'d",2842],"trw":["'de",625],"lp":["eps","s'","e'd","e'de","epes","d'","esp","eped","spe","s'e","es'","spee"],"rp":["'d","'de","pes","ped","pede","pse","pd","pds"]},"135":{"input":[1,2,3,8],"tlp":["sa'",753],"trp":["'da",1650],"trw":["'da",254],"lp":["sa'","a'd","a'da","asa'","esap","apad","sa'd","da'","aspe","apse","apd","apds","d'a"],"rp":["'da","pad","pa'd"]},"136":{"input":[4,8],"tlp":["tp",76],"trp":["pt",7654],"trw":["pt",1404],"lp":["tp","ttp"],"rp":["pt"],"special":"bksp","base":"tp"},"137":{"input":[1,4,8],"tlp":["apt",5195],"trp":["pta",1168],"trw":["pat",52],"lp":["apt","tap","apta","apat","tapt"],"rp":["pta","pat","patt","pata"]},"138":{"input":[2,4,8],"trp":["pc",141],"lp":[],"rp":["pc"]},"139":{"input":[1,2,4,8],"tlp":["apac",1249],"trp":["pac",1249],"lp":["apac","apc","apca","spat","cap"],"rp":["pac","paca","pca"]},"140":{"input":[3,4,8],"tlp":["rp",1331],"trp":["pr",3486],"tlw":["tepe",103],"trw":["'te",217],"lp":["rp","tep","tepe","r'","re'","ere'","er'","rpt","ept","epte","rpe","rper"],"rp":["pr","per","'t","pre","pet","'te","petr","pte"]},"141":{"input":[1,3,4,8],"tlp":["apar",1698],"trp":["par",11587],"tlw":["arap",301],"trw":["para",1673],"lp":["apar","rap","arp","arap","ra'","tepa","f'","rpa","arpa","ara'","arpt","apr","apra"],"rp":["par","para","pra","part","patr","'ta","pera"]},"142":{"input":[2,3,4,8],"tlp":["cep",294],"trp":["perd",423],"tlw":["cep",124],"trw":["perde",178],"lp":["cep","step","s't","s'te","tesp","r'd","er'd","sper","re'd","ecep","ste'"],"rp":["perd","perc","pers"]},"143":{"input":[1,2,3,4,8],"tlw":["sarap",440],"trw":["parca",649],"lp":[],"rp":[]},"144":{"input":[5,8],"base":"m","baseshift":"M","trp":["nm",9106],"trw":["m",1569],"lp":[],"rp":["nm","pm","mm","mp","mn"]},"145":{"input":[1,5,8],"tlp":["am",92732],"trp":["ma",129330],"tlw":["ama",21666],"trw":["mana",161],"lp":["am","ama","aman","apm","apma","anm","amam","anma","apan","amm"],"rp":["ma","man","mam","pma","nma","pan","mana","mpa","nam","mama"]},"146":{"input":[2,5,8],"tlp":["sm",13256],"trp":["ms",8305],"lp":["sm"],"rp":["ms","mps"]},"147":{"input":[1,2,5,8],"tlp":["sma",8191],"trp":["mas",9911],"tlw":["sam",348],"trw":["masa",380],"lp":["sma","sam","sman","asam","sama","asm","asma","amas","ams","smas","sanm","span","ssam"],"rp":["mas","masa","msa","pmas","nmas","maj","mans"]},"148":{"input":[3,5,8],"tlp":["em",49576],"trp":["me",74751],"tlw":["epey",418],"trw":["yemeye",95],"lp":["em","eme","emen","enm","emey"],"rp":["me","men","mey","meye","nem","'n","mem","nme","yem","ym","yeme","'y","pen","pey","y'"]},"149":{"input":[1,3,5,8],"tlp":["ame",2729],"trp":["yap",17207],"tlw":["annem",417],"trw":["yapan",657],"lp":["ame","amay","ema","a'n","amen","an'","a'y","eyma","a'ya"],"rp":["yap","may","maya","yapa","yapm","yma","'ya","mame","pmay","yman","pay"]},"150":{"input":[2,3,5,8],"tlp":["dem",6920],"trp":["md",15044],"tlw":["demeye",98],"trw":["'den",147],"lp":["dem","deme","sme","esm","emed","sem","ems","edem"],"rp":["md","mse","mes","med","mde","mede","mese","msey","meyd","mden","msen","msed"]},"151":{"input":[1,2,3,5,8],"tlw":["adam",4638],"trw":["meydana",782],"lp":[],"rp":[]},"152":{"input":[4,5,8],"tlp":["tm",17169],"trp":["mb",2359],"lp":["tm"],"rp":["mb","mt"]},"153":{"input":[1,4,5,8],"tlp":["tam",6202],"trp":["mat",647],"tlw":["tam",3821],"lp":["tam","tma","atm","tama","atma","bam","abam","amb","fam","amba","afam","apab","tatm","tman"],"rp":["mat","mba","mant","pab","ptan","pant"],"special":"numsym"},"154":{"input":[2,4,5,8],"tlp":["cm",3662],"trp":["mc",1577],"lp":["cm"],"rp":["mc"]},"155":{"input":[1,2,4,5,8],"tlw":["cam",364],"lp":[],"rp":[]},"156":{"input":[3,4,5,8],"tlp":["rm",25050],"trp":["mer",5044],"tlw":["etmeye",820],"trw":["mr",413],"lp":["rm","etm","tme","rme","etme","tem","erm","erme","teme","tmey","rmey","rem","renm","term","ry'","rry'"],"rp":["mer","met","mr","mbe"]},"157":{"input":[1,3,4,5,8],"tlw":["tamamen",907],"trw":["yapar",447],"lp":[],"rp":[]},"158":{"input":[2,3,4,5,8],"tlw":["sebep",489],"trw":["pencereden",421],"lp":[],"rp":[]},"159":{"input":[1,2,3,4,5,8],"tlw":["stepan",214],"trw":["jandarma",125],"lp":[],"rp":[]},"160":{"input":[6,8],"base":"!","baseshift":"!","trp":["ip",23109],"trw":["ip",98],"lp":[],"rp":["ip","pi","pip","ipi"],"special":"punc"},"161":{"input":[1,6,8],"tlp":["api",10616],"trp":["paz",682],"trw":["papaz",183],"lp":["api","apip","apaz","zip","azip","zap","azap"],"rp":["paz","paza"]},"162":{"input":[2,6,8],"tlp":["sip",883],"trp":["kip",3619],"tlw":["sikisip",77],"trw":["pis",531],"lp":["sip","spi"],"rp":["kip","psi","pis","pk","pisi","pki","ipk","ipki","ikip","psik","isip","pik","pkk","kipk","isp","pisk","ipik","kipi"]},"163":{"input":[1,2,6,8],"tlp":["apis",1831],"trp":["kap",8447],"tlw":["sapka",135],"trw":["kapi",974],"lp":["apis","akip","asip","apk","apka","sapk","apsi"],"rp":["kap","kapi","kapa","pka","ispa","pkas","pak","kapk","paki"]},"164":{"input":[3,6,8],"tlp":["epi",576],"trp":["'i",3340],"trw":["'i",87],"lp":["epi","e'i"],"rp":["'i","i'","ipe","ie'","pie"]},"165":{"input":[1,3,6,8],"tlp":["x'i",65],"trp":["pez",51],"lp":["x'i","ax'i"],"rp":["pez","peze"]},"166":{"input":[2,3,6,8],"tlp":["epsi",2946],"trp":["pek",6932],"tlw":["edip",667],"trw":["pek",4304],"lp":["epsi","dip","edip","ekip","ski'","epk","epki","espi","esip","s'i"],"rp":["pek","peki","idip","pesi","pid","k'","is'","ipek","ki'","k'i"]},"167":{"input":[1,2,3,6,8],"trw":["kapida",236],"lp":[],"rp":[]},"168":{"input":[4,6,8],"tlp":["tip",2155],"trp":["pti",4694],"tlw":["tip",299],"trw":["itip",81],"lp":["tip","tipi"],"rp":["pti","ipt","ipti","pit","itip"]},"169":{"input":[1,4,6,8],"tlp":["apti",4186],"trp":["itap",1997],"tlw":["atip",257],"lp":["apti","vap","atip","apit"],"rp":["itap","pav","pati","ipta","pita"]},"170":{"input":[2,4,6,8],"tlp":["cip",1668],"trp":["ptik",601],"tlw":["tipki",865],"trw":["icip",79],"lp":["cip","tipk","spit"],"rp":["ptik","pic","pici","icip","pist"]},"171":{"input":[1,2,4,6,8],"tlw":["takip",521],"trw":["kitap",795],"lp":[],"rp":[]},"172":{"input":[3,4,6,8],"tlp":["rip",3191],"trp":["irip",1440],"tlw":["verip",240],"trw":["pir",218],"lp":["rip","ri'","rpi","erip","ti'","rpti","r'i","re'i","ver'","er'i","rpip","rpri"],"rp":["irip","pir","piri","ptir","iti'","peri","irp","pri"]},"173":{"input":[1,3,4,6,8],"trw":["parti",379],"lp":[],"rp":[]},"174":{"input":[2,3,4,6,8],"tlw":["cekip",471],"trw":["kirip",55],"lp":[],"rp":[]},"175":{"input":[1,2,3,4,6,8],"tlw":["cevap",1689],"trw":["parcasi",437],"lp":[],"rp":[]},"176":{"input":[5,6,8],"trp":["im",97151],"trw":["mi",12284],"lp":[],"rp":["im","mi","min","nim","imi","nmi","mini","hip","hm","imin","inm","ph","pin","nip","pini","pmi","inmi","him","imp","nimi"]},"177":{"input":[1,5,6,8],"tlp":["zam",15802],"trp":["miz",5126],"tlw":["zaman",9588],"trw":["hanim",555],"lp":["zam","zama","ami","zim","amin","anim","ahip","zm","ahm","anmi"],"rp":["miz","maz","ima","izim","imiz","mani","mizi","mah","ham","mami"]},"178":{"input":[2,5,6,8],"tlp":["sim",12135],"trp":["mis",35215],"tlw":["simsiki",221],"trw":["kim",1847],"lp":["sim","smi"],"rp":["mis","kim","km","ism","ims","kims","ikm","misi","mk","kmi","nmis","kmis","kimi","ismi","isim","msi","ikmi","psin"]},"179":{"input":[1,2,5,6,8],"tlw":["aksam",1411],"trw":["misiniz",745],"lp":[],"rp":[]},"180":{"input":[3,5,6,8],"tlp":["emi",12554],"trp":["hem",8923],"tlw":["emin",834],"trw":["hemen",4788],"lp":["emi","enim","emin","emiy"],"rp":["hem","miy","hep","heme","'ni","'nin","piy","'in","ime","yim","yip","i'n","i'ni","hme","nemi","piyi"]},"181":{"input":[1,3,5,6,8],"tlw":["annemin",178],"trw":["hepimiz",316],"lp":[],"rp":[]},"182":{"input":[2,3,5,6,8],"tlw":["simdi",5781],"trw":["kimse",1852],"lp":[],"rp":[]},"183":{"input":[1,2,3,5,6,8],"tlw":["adamin",1501],"trw":["kapiyi",1057],"lp":[],"rp":[]},"184":{"input":[4,5,6,8],"tlp":["tim",7187],"trp":["itm",2987],"tlw":["tim",161],"trw":["mit",80],"lp":["tim","tmi","ttim","vim","timi","bitm","tmin","thm"],"rp":["itm","itmi","itim","ptim","mit","hipt","mbi","htim","ptin","imb","imbi","ntim"]},"185":{"input":[1,4,5,6,8],"tlw":["bizim",2636],"trw":["mavi",631],"lp":[],"rp":[]},"186":{"input":[2,4,5,6,8],"tlw":["cikmis",550],"trw":["mistik",111],"lp":[],"rp":[]},"187":{"input":[1,2,4,5,6,8],"tlw":["canim",596],"trw":["kaptan",268],"lp":[],"rp":[]},"188":{"input":[3,4,5,6,8],"tlw":["benim",6122],"trw":["yirmi",1140],"lp":[],"rp":[]},"189":{"input":[1,3,4,5,6,8],"tlw":["tanrim",479],"trw":["yapti",759],"lp":[],"rp":[]},"190":{"input":[2,3,4,5,6,8],"tlw":["etmek",2074],"lp":[],"rp":[]},"191":{"input":[1,2,3,4,5,6,8],"tlw":["devam",2432],"trw":["yardim",1282],"lp":[],"rp":[]},"192":{"input":[7,8],"base":";","baseshift":":","trp":["op",8798],"lp":[],"rp":["op","po","opo","pop","popo","poo"],"special":"punc"},"193":{"input":[1,7,8],"tlp":["apo",362],"trp":["opa",623],"tlw":["apo",61],"lp":["apo"],"rp":["opa"]},"194":{"input":[2,7,8],"tlp":["sop",218],"trp":["pos",264],"lp":["sop","spo"],"rp":["pos","opos","osp","pso"]},"195":{"input":[1,2,7,8],"tlp":["sopa",88],"trp":["pow",86],"tlw":["sopa",88],"lp":["sopa"],"rp":["pow"]},"196":{"input":[3,7,8],"tlp":["eop",251],"trp":["ope",871],"lp":["eop"],"rp":["ope","o'"]},"197":{"input":[1,3,7,8],"tlp":["eopa",251],"lp":["eopa"],"rp":[]},"198":{"input":[2,3,7,8],"tlp":["do'",50],"trp":["od'",59],"lp":["do'"],"rp":["od'","ood'"]},"199":{"input":[1,2,3,7,8],"lp":[],"rp":[]},"200":{"input":[4,7,8],"tlp":["top",5867],"trp":["opt",260],"tlw":["top",230],"lp":["top"],"rp":["opt","pot","pott"]},"201":{"input":[1,4,7,8],"tlp":["apag",165],"trp":["pag",1236],"lp":["apag"],"rp":["pag","opat","opag","paga","pota"]},"202":{"input":[2,4,7,8],"tlp":["cop",181],"trp":["post",126],"tlw":["cop",181],"trw":["otostop",67],"lp":["cop","stop"],"rp":["post"]},"203":{"input":[1,2,4,7,8],"trw":["posta",126],"lp":[],"rp":[]},"204":{"input":[3,4,7,8],"tlp":["topr",1446],"trp":["opr",1640],"trw":["potter",167],"lp":["topr","rop"],"rp":["opr","pro","-top","por","prog","peg","opeg","prop","oper","port","prot"]},"205":{"input":[1,3,4,7,8],"tlw":["topraga",181],"trw":["page",832],"lp":[],"rp":[]},"206":{"input":[2,3,4,7,8],"tlw":["spor",119],"trw":["protesto",51],"lp":[],"rp":[]},"207":{"input":[1,2,3,4,7,8],"trw":["profesor",263],"lp":[],"rp":[]},"208":{"input":[5,7,8],"trp":["um",48695],"trw":["mu",2378],"lp":[],"rp":["um","mu","up","umu","om","mo","unm","mun","omu","umun","mum","nmu","onm","nup","num","onup","unmu","pu","onmu","mnu"]},"209":{"input":[1,5,7,8],"tlp":["amu",724],"trp":["uma",3601],"lp":["amu","ammu","amo","apon"],"rp":["uma","oma","upa","unma","uman","oman","mua","numa","pau","pamu","muna","namu","uam","muam"]},"210":{"input":[2,5,7,8],"tlp":["sunm",1248],"trp":["mus",15207],"trw":["musun",1010],"lp":["sunm","sup","smu","smus","sum","som"],"rp":["mus","usm","nusm","ums","osm","musu","umus","nmus","msu","usmu","umsu","usup","mos","osum"]},"211":{"input":[1,2,5,7,8],"trw":["osman",247],"lp":[],"rp":[]},"212":{"input":[3,5,7,8],"tlp":["emnu",603],"trp":["onem",4198],"trw":["memnun",488],"lp":["emnu","emu"],"rp":["onem","ume","yum","muy","unme","yumu","ome","uym","ymu","muyo","'u","memu","uyum","oym","onme","o'n","umuy","'un"]},"213":{"input":[1,3,5,7,8],"trw":["maymun",120],"lp":[],"rp":[]},"214":{"input":[2,3,5,7,8],"tlw":["donup",819],"trw":["muydu",265],"lp":[],"rp":[]},"215":{"input":[1,2,3,5,7,8],"tlw":["dusman",463],"trw":["musaade",167],"lp":[],"rp":[]},"216":{"input":[4,5,7,8],"tlp":["tum",4398],"trp":["mut",4536],"tlw":["tum",2174],"trw":["umut",237],"lp":["tum","gum","gm","gumu","tom","tup","gmu","ttom","tutm","tumu","tmu","gom"],"rp":["mut","ugum","utm","omut","nutm","umut","utmu","utup"]},"217":{"input":[1,4,5,7,8],"tlw":["bomba",100],"trw":["mutfaga",167],"lp":[],"rp":[]},"218":{"input":[2,4,5,7,8],"tlw":["gumus",409],"trw":["unutmus",110],"lp":[],"rp":[]},"219":{"input":[1,2,4,5,7,8],"tlw":["cuma",169],"trw":["mustafa",624],"lp":[],"rp":[]},"220":{"input":[3,4,5,7,8],"tlw":["grup",385],"trw":["oturup",540],"lp":[],"rp":[]},"221":{"input":[1,3,4,5,7,8],"tlw":["ragmen",1330],"trw":["yagmur",493],"lp":[],"rp":[]},"222":{"input":[2,3,4,5,7,8],"tlw":["durum",881],"trw":["oturmus",358],"lp":[],"rp":[]},"223":{"input":[1,2,3,4,5,7,8],"tlw":["durumda",912],"trw":["propaganda",168],"lp":[],"rp":[]},"224":{"input":[6,7,8],"trp":["pl",6579],"trw":["pol",144],"lp":[],"rp":["pl","lip","opl","pil","pol","poli","ilip","ipl","lp","pli","pili","ilp","pilo","ipli","pool"]},"225":{"input":[1,6,7,8],"tlp":["apil",2908],"trp":["pla",4024],"tlw":["alip",1109],"lp":["apil","alip","apl","apla","apal","alp","apli"],"rp":["pla","opla","pila","pal","pali","ipla","lap","olap"]},"226":{"input":[2,6,7,8],"tlp":["skop",138],"trp":["kop",1470],"tlw":["silip",98],"trw":["polis",725],"lp":["skop","sipl"],"rp":["kop","lkip","kopo","pisl"]},"227":{"input":[1,2,6,7,8],"trw":["kapali",519],"lp":[],"rp":[]},"228":{"input":[3,6,7,8],"tlp":["elip",1112],"trp":["l'",1267],"trw":["poole",60],"lp":["elip","el'","el'i","epl","eple"],"rp":["l'","'l","ple","l'i","leop","li'","lep","'le","le'","lle'","le'i","iple","'li","ll'","ll'i"]},"229":{"input":[1,3,6,7,8],"trw":["la'e",56],"lp":[],"rp":[]},"230":{"input":[2,3,6,7,8],"trw":["kopek",433],"lp":[],"rp":[]},"231":{"input":[1,2,3,6,7,8],"tlw":["dolasip",126],"trw":["pekala",402],"lp":[],"rp":[]},"232":{"input":[4,6,7,8],"tlp":["topl",3261],"trp":["ptig",2000],"trw":["popov",105],"lp":["topl","gip"],"rp":["ptig","ptil","pov","opov"]},"233":{"input":[1,4,6,7,8],"tlw":["aptal",428],"trw":["iptal",64],"lp":[],"rp":[]},"234":{"input":[2,4,6,7,8],"trw":["politik",151],"lp":[],"rp":[]},"235":{"input":[1,2,4,6,7,8],"tlw":["ciplak",453],"trw":["politika",153],"lp":[],"rp":[]},"236":{"input":[3,4,6,7,8],"tlw":["gelip",1112],"trw":["piril",272],"lp":[],"rp":[]},"237":{"input":[1,3,4,6,7,8],"tlw":["garip",992],"trw":["pavel",210],"lp":[],"rp":[]},"238":{"input":[2,3,4,6,7,8],"tlw":["gidip",1162],"trw":["polisler",126],"lp":[],"rp":[]},"239":{"input":[1,2,3,4,6,7,8],"tlw":["toprak",602],"trw":["parlak",776],"lp":[],"rp":[]},"240":{"input":[5,6,7,8],"trp":["lm",46943],"trw":["olup",1530],"lp":[],"rp":["lm","olm","lmi","ilm","ml","lim","lum","ilmi","lmu","mli","olmu","olum","mil","iml","ulm","ilim","lup","plu","oplu","olup"],"special":"enter"},"241":{"input":[1,5,6,7,8],"tlw":["anlamina",563],"trw":["olmaz",1004],"lp":[],"rp":[]},"242":{"input":[2,5,6,7,8],"tlw":["sokup",136],"trw":["olmus",1359],"lp":[],"rp":[]},"243":{"input":[1,2,5,6,7,8],"tlw":["almak",825],"trw":["olmak",1877],"lp":[],"rp":[]},"244":{"input":[3,5,6,7,8],"tlw":["elimi",221],"trw":["onemli",2111],"lp":[],"rp":[]},"245":{"input":[1,3,5,6,7,8],"tlw":["almaya",456],"trw":["olmayan",1555],"lp":[],"rp":[]},"246":{"input":[2,3,5,6,7,8],"tlw":["soylemek",674],"trw":["oldum",429],"lp":[],"rp":[]},"247":{"input":[1,2,3,5,6,7,8],"tlw":["aldim",504],"trw":["olmadi",572],"lp":[],"rp":[]},"248":{"input":[4,5,6,7,8],"tlw":["bolum",547],"trw":["mutlu",849],"lp":[],"rp":[]},"249":{"input":[1,4,5,6,7,8],"tlw":["film",181],"trw":["hamilton",186],"lp":[],"rp":[]},"250":{"input":[2,4,5,6,7,8],"tlw":["gitmis",374],"trw":["olmustu",1519],"lp":[],"rp":[]},"251":{"input":[1,2,4,5,6,7,8],"tlw":["baslamisti",1046],"trw":["kocaman",640],"lp":[],"rp":[]},"252":{"input":[3,4,5,6,7,8],"tlw":["biliyorum",953],"trw":["muhtemelen",286],"lp":[],"rp":[]},"253":{"input":[1,3,4,5,6,7,8],"tlw":["zamanlar",874],"trw":["yaptigi",1060],"lp":[],"rp":[]},"254":{"input":[2,3,4,5,6,7,8],"tlw":["gormek",1084],"trw":["istiyorum",996],"lp":[],"rp":[]},"255":{"input":[1,2,3,4,5,6,7,8],"tlw":["basladim",495],"trw":["olmadigini",1197],"lp":[],"rp":[]}}