{
    "keyboard_name": "doodle",
    "url": "www.clawboards.xyz",
    "maintainer": "AlisGraveNil",
    "layouts": {
        "LAYOUT": {
            "layout": [
                {"label":"K00 (D4,D7)", "x":0, "y":0},
                {"label":"K01 (D4,F4)", "x":1, "y":0},
                {"label":"K02 (D4,E6)", "x":2, "y":0},
                {"label":"K10 (C6,D7)", "x":0, "y":1},
                {"label":"K11 (C6,F4)", "x":1, "y":1},
                {"label":"K12 (C6,E6)", "x":2, "y":1}
            ]
        }
    }
}
