{
    "keyboard_name": "luggage_rack",
    "url": "www.clawboards.xyz",
    "maintainer": "AlisGraveNil",
    "layouts": {
        "LAYOUT": {
            "layout": [
                {"label":"K00 (D3,D4)", "x":0, "y":0},
                {"label":"K11 (F4,D0)", "x":1, "y":0},
                {"label":"K02 (D3,D1)", "x":2, "y":0},
                {"label":"K20 (B0,D4)", "x":0, "y":1.5},
                {"label":"K31 (B2,D0)", "x":1, "y":1.5},
                {"label":"K22 (B0,D1)", "x":2, "y":1.5},
                {"label":"K40 (F7,D4)", "x":0, "y":2.5},
                {"label":"K51 (B6,D0)", "x":1, "y":2.5},
                {"label":"K42 (F7,D1)", "x":2, "y":2.5},
                {"label":"K61 (B1,D0)", "x":1, "y":4.5},
                {"label":"K70 (F5,D4)", "x":0, "y":5.5},
                {"label":"K81 (F6,D0)", "x":1, "y":5.5},
                {"label":"K72 (F5,D1)", "x":2, "y":5.5}
            ]
        }
    }
}
