{
"the ":"TH",
"of ":"OF",
"and ":"ND",
"to ":"TO",
"in ":"IN",
"for ":"FR",
"is ":"IS",
"on ":"ON",
"that ":"TA",
"by ":"BY",
"this ":"TS",
"with ":"WT",
"you ":"YU",
"it ":"IT",
"not ":"NT",
"or ":"OR",
"be ":"BE",
"are ":"AR",
"from ":"FE",
"at ":"AD",
"as ":"AS",
"your ":"UR",
"all ":"AL",
"have ":"HV",
"new ":"NU",
"more ":"MR",
"an ":"AN",
"was ":"WS",
"we ":"WI",
"will ":"WL",
"home ":"HM",
"can ":"CN",
"us ":"US",
"about ":"AB",
"if ":"IF",
"page ":"PG",
"my ":"MK",
"has ":"HS",
"search ":"SR",
"free ":"FH",
"but ":"BU",
"our ":"OU",
"one ":"WU",
"other ":"OH",
"do ":"DO",
"no ":"NK",
"information ":"IR",
"time ":"TM",
"they ":"TY",
"site ":"SY",
"he ":"HE",
"up ":"UP",
"may ":"MA",
"what ":"WA",
"which ":"WH",
"their ":"TR",
"news ":"NS",
"out ":"OG",
"use ":"UE",
"any ":"NE",
"there ":"TE",
"see ":"SE",
"only ":"LY",
"so ":"SO",
"his ":"HI",
"when ":"WN",
"contact ":"KT",
"here ":"HR",
"business ":"BS",
"who ":"WO",
"web ":"WB",
"also ":"LS",
"now ":"NQ",
"help ":"HL",
"get ":"GT",
"view ":"VU",
"online ":"LN",
"first ":"FS",
"been ":"BN",
"would ":"WD",
"how ":"HU",
"were ":"WR",
"me ":"ME",
"some ":"SM",
"these ":"TZ",
"click ":"CL",
"its ":"IZ",
"like ":"LK",
"service ":"SV",
"than ":"HN",
"find ":"FN",
"price ":"PR",
"date ":"DT",
"back ":"BK",
"top ":"TP",
"people ":"PE",
"had ":"HD"
}
