{
  "keyboard_name": "device one",
  "url": "https://akegata.co",
  "maintainer": "qmk",
  "layouts": {
    "LAYOUT_60_ansi": {
      "layout": [{"label":"~", "x":0, "y":0}, {"label":"!", "x":1, "y":0}, {"label":"@", "x":2, "y":0}, {"label":"#", "x":3, "y":0}, {"label":"$", "x":4, "y":0}, {"label":"%", "x":5, "y":0}, {"label":"^", "x":6, "y":0}, {"label":"&", "x":7, "y":0}, {"label":"*", "x":8, "y":0}, {"label":"(", "x":9, "y":0}, {"label":")", "x":10, "y":0}, {"label":"_", "x":11, "y":0}, {"label":"+", "x":12, "y":0}, {"label":"backspace", "x":13, "y":0, "w":2}, {"label":"tab", "x":0, "y":1, "w":1.5}, {"label":"q", "x":1.5, "y":1}, {"label":"w", "x":2.5, "y":1}, {"label":"e", "x":3.5, "y":1}, {"label":"r", "x":4.5, "y":1}, {"label":"t", "x":5.5, "y":1}, {"label":"y", "x":6.5, "y":1}, {"label":"u", "x":7.5, "y":1}, {"label":"i", "x":8.5, "y":1}, {"label":"o", "x":9.5, "y":1}, {"label":"p", "x":10.5, "y":1}, {"label":"{", "x":11.5, "y":1}, {"label":"}", "x":12.5, "y":1}, {"label":"|", "x":13.5, "y":1, "w":1.5}, {"label":"capslock", "x":0, "y":2, "w":1.75}, {"label":"a", "x":1.75, "y":2}, {"label":"s", "x":2.75, "y":2}, {"label":"d", "x":3.75, "y":2}, {"label":"f", "x":4.75, "y":2}, {"label":"g", "x":5.75, "y":2}, {"label":"h", "x":6.75, "y":2}, {"label":"j", "x":7.75, "y":2}, {"label":"k", "x":8.75, "y":2}, {"label":"l", "x":9.75, "y":2}, {"label":":", "x":10.75, "y":2}, {"label":"\"", "x":11.75, "y":2}, {"label":"enter", "x":12.75, "y":2, "w":2.25}, {"label":"shift", "x":0, "y":3, "w":2.25}, {"label":"z", "x":2.25, "y":3}, {"label":"x", "x":3.25, "y":3}, {"label":"c", "x":4.25, "y":3}, {"label":"v", "x":5.25, "y":3}, {"label":"b", "x":6.25, "y":3}, {"label":"n", "x":7.25, "y":3}, {"label":"m", "x":8.25, "y":3}, {"label":"<", "x":9.25, "y":3}, {"label":">", "x":10.25, "y":3}, {"label":"?", "x":11.25, "y":3}, {"label":"shift", "x":12.25, "y":3, "w":2.75}, {"label":"ctrl", "x":0, "y":4, "w":1.25}, {"label":"meta", "x":1.25, "y":4, "w":1.25}, {"label":"alt", "x":2.5, "y":4, "w":1.25}, {"x":3.75, "y":4, "w":6.25}, {"label":"alt", "x":10, "y":4, "w":1.25}, {"label":"meta", "x":11.25, "y":4, "w":1.25}, {"label":"menu", "x":12.5, "y":4, "w":1.25}, {"label":"ctrl", "x":13.75, "y":4, "w":1.25}]
    },
    "LAYOUT_60_iso": {
      "layout": [{"label":"\u00ac", "x":0, "y":0}, {"label":"!", "x":1, "y":0}, {"label":"\"", "x":2, "y":0}, {"label":"\u00a3", "x":3, "y":0}, {"label":"$", "x":4, "y":0}, {"label":"%", "x":5, "y":0}, {"label":"^", "x":6, "y":0}, {"label":"&", "x":7, "y":0}, {"label":"*", "x":8, "y":0}, {"label":"(", "x":9, "y":0}, {"label":")", "x":10, "y":0}, {"label":"_", "x":11, "y":0}, {"label":"+", "x":12, "y":0}, {"label":"backspace", "x":13, "y":0, "w":2}, {"label":"tab", "x":0, "y":1, "w":1.5}, {"label":"q", "x":1.5, "y":1}, {"label":"w", "x":2.5, "y":1}, {"label":"e", "x":3.5, "y":1}, {"label":"r", "x":4.5, "y":1}, {"label":"t", "x":5.5, "y":1}, {"label":"y", "x":6.5, "y":1}, {"label":"u", "x":7.5, "y":1}, {"label":"i", "x":8.5, "y":1}, {"label":"o", "x":9.5, "y":1}, {"label":"p", "x":10.5, "y":1}, {"label":"{", "x":11.5, "y":1}, {"label":"}", "x":12.5, "y":1}, {"label":"caps lock", "x":0, "y":2, "w":1.75}, {"label":"a", "x":1.75, "y":2}, {"label":"s", "x":2.75, "y":2}, {"label":"d", "x":3.75, "y":2}, {"label":"f", "x":4.75, "y":2}, {"label":"g", "x":5.75, "y":2}, {"label":"h", "x":6.75, "y":2}, {"label":"j", "x":7.75, "y":2}, {"label":"k", "x":8.75, "y":2}, {"label":"l", "x":9.75, "y":2}, {"label":":", "x":10.75, "y":2}, {"label":"@", "x":11.75, "y":2}, {"label":"~", "x":12.75, "y":2}, {"label":"enter", "x":13.75, "y":1, "w":1.25, "h":2}, {"label":"shift", "x":0, "y":3, "w":1.25}, {"label":"|", "x":1.25, "y":3}, {"label":"z", "x":2.25, "y":3}, {"label":"x", "x":3.25, "y":3}, {"label":"c", "x":4.25, "y":3}, {"label":"v", "x":5.25, "y":3}, {"label":"b", "x":6.25, "y":3}, {"label":"n", "x":7.25, "y":3}, {"label":"m", "x":8.25, "y":3}, {"label":"<", "x":9.25, "y":3}, {"label":">", "x":10.25, "y":3}, {"label":"?", "x":11.25, "y":3}, {"label":"shift", "x":12.25, "y":3, "w":2.75}, {"label":"ctrl", "x":0, "y":4, "w":1.25}, {"label":"win", "x":1.25, "y":4, "w":1.25}, {"label":"alt", "x":2.5, "y":4, "w":1.25}, {"x":3.75, "y":4, "w":6.25}, {"label":"altgr", "x":10, "y":4, "w":1.25}, {"label":"win", "x":11.25, "y":4, "w":1.25}, {"label":"menu", "x":12.5, "y":4, "w":1.25}, {"label":"ctrl", "x":13.75, "y":4, "w":1.25}]
    },
    "LAYOUT_60_ansi_split_bs": {
      "layout": [{"label":"~", "x":0, "y":0}, {"label":"!", "x":1, "y":0}, {"label":"@", "x":2, "y":0}, {"label":"#", "x":3, "y":0}, {"label":"$", "x":4, "y":0}, {"label":"%", "x":5, "y":0}, {"label":"^", "x":6, "y":0}, {"label":"&", "x":7, "y":0}, {"label":"*", "x":8, "y":0}, {"label":"(", "x":9, "y":0}, {"label":")", "x":10, "y":0}, {"label":"_", "x":11, "y":0}, {"label":"+", "x":12, "y":0}, {"label":"|", "x":13, "y":0}, {"label":"~", "x":14, "y":0}, {"label":"tab", "x":0, "y":1, "w":1.5}, {"label":"q", "x":1.5, "y":1}, {"label":"w", "x":2.5, "y":1}, {"label":"e", "x":3.5, "y":1}, {"label":"r", "x":4.5, "y":1}, {"label":"t", "x":5.5, "y":1}, {"label":"y", "x":6.5, "y":1}, {"label":"u", "x":7.5, "y":1}, {"label":"i", "x":8.5, "y":1}, {"label":"o", "x":9.5, "y":1}, {"label":"p", "x":10.5, "y":1}, {"label":"{", "x":11.5, "y":1}, {"label":"}", "x":12.5, "y":1}, {"label":"enter", "x":13.5, "y":1, "w":1.5}, {"label":"capslock", "x":0, "y":2, "w":1.75}, {"label":"a", "x":1.75, "y":2}, {"label":"s", "x":2.75, "y":2}, {"label":"d", "x":3.75, "y":2}, {"label":"f", "x":4.75, "y":2}, {"label":"g", "x":5.75, "y":2}, {"label":"h", "x":6.75, "y":2}, {"label":"j", "x":7.75, "y":2}, {"label":"k", "x":8.75, "y":2}, {"label":"l", "x":9.75, "y":2}, {"label":":", "x":10.75, "y":2}, {"label":"\"", "x":11.75, "y":2}, {"label":"enter", "x":12.75, "y":2, "w":2.25}, {"label":"shift", "x":0, "y":3, "w":2.25}, {"label":"z", "x":2.25, "y":3}, {"label":"x", "x":3.25, "y":3}, {"label":"c", "x":4.25, "y":3}, {"label":"v", "x":5.25, "y":3}, {"label":"b", "x":6.25, "y":3}, {"label":"n", "x":7.25, "y":3}, {"label":"m", "x":8.25, "y":3}, {"label":"<", "x":9.25, "y":3}, {"label":">", "x":10.25, "y":3}, {"label":"?", "x":11.25, "y":3}, {"label":"shift", "x":12.25, "y":3, "w":2.75}, {"label":"ctrl", "x":0, "y":4, "w":1.25}, {"label":"meta", "x":1.25, "y":4, "w":1.25}, {"label":"alt", "x":2.5, "y":4, "w":1.25}, {"x":3.75, "y":4, "w":6.25}, {"label":"alt", "x":10, "y":4, "w":1.25}, {"label":"meta", "x":11.25, "y":4, "w":1.25}, {"label":"menu", "x":12.5, "y":4, "w":1.25}, {"label":"ctrl", "x":13.75, "y":4, "w":1.25}]
    },
    "LAYOUT_60_ansi_arrow": {
      "layout": [{"label":"~", "x":0, "y":0}, {"label":"!", "x":1, "y":0}, {"label":"@", "x":2, "y":0}, {"label":"#", "x":3, "y":0}, {"label":"$", "x":4, "y":0}, {"label":"%", "x":5, "y":0}, {"label":"^", "x":6, "y":0}, {"label":"&", "x":7, "y":0}, {"label":"*", "x":8, "y":0}, {"label":"(", "x":9, "y":0}, {"label":")", "x":10, "y":0}, {"label":"_", "x":11, "y":0}, {"label":"+", "x":12, "y":0}, {"label":"backspace", "x":13, "y":0, "w":2}, {"label":"tab", "x":0, "y":1, "w":1.5}, {"label":"q", "x":1.5, "y":1}, {"label":"w", "x":2.5, "y":1}, {"label":"e", "x":3.5, "y":1}, {"label":"r", "x":4.5, "y":1}, {"label":"t", "x":5.5, "y":1}, {"label":"y", "x":6.5, "y":1}, {"label":"u", "x":7.5, "y":1}, {"label":"i", "x":8.5, "y":1}, {"label":"o", "x":9.5, "y":1}, {"label":"p", "x":10.5, "y":1}, {"label":"{", "x":11.5, "y":1}, {"label":"}", "x":12.5, "y":1}, {"label":"|", "x":13.5, "y":1, "w":1.5}, {"label":"capslock", "x":0, "y":2, "w":1.75}, {"label":"a", "x":1.75, "y":2}, {"label":"s", "x":2.75, "y":2}, {"label":"d", "x":3.75, "y":2}, {"label":"f", "x":4.75, "y":2}, {"label":"g", "x":5.75, "y":2}, {"label":"h", "x":6.75, "y":2}, {"label":"j", "x":7.75, "y":2}, {"label":"k", "x":8.75, "y":2}, {"label":"l", "x":9.75, "y":2}, {"label":":", "x":10.75, "y":2}, {"label":"\"", "x":11.75, "y":2}, {"label":"enter", "x":12.75, "y":2, "w":2.25}, {"label":"shift", "x":0, "y":3, "w":2.25}, {"label":"z", "x":2.25, "y":3}, {"label":"x", "x":3.25, "y":3}, {"label":"c", "x":4.25, "y":3}, {"label":"v", "x":5.25, "y":3}, {"label":"b", "x":6.25, "y":3}, {"label":"n", "x":7.25, "y":3}, {"label":"m", "x":8.25, "y":3}, {"label":"<", "x":9.25, "y":3}, {"label":">", "x":10.25, "y":3}, {"label":"shift", "x":11.25, "y":3, "w":1.75}, {"label":"up", "x":13, "y":3}, {"label":"/", "x":14, "y":3}, {"label":"ctrl", "x":0, "y":4, "w":1.25}, {"label":"meta", "x":1.25, "y":4, "w":1.25}, {"label":"alt", "x":2.5, "y":4, "w":1.25}, {"x":3.75, "y":4, "w":6.25}, {"label":"alt", "x":10, "y":4 }, {"label":"meta", "x":11, "y":4 }, {"label":"left", "x":12, "y":4 }, {"label":"down", "x":13, "y":4 }, {"label": "right", "x":14, "y":4 }]
    }
  }
}
